Workbook

Sheet Figure
S14: Inlet damper | T14: Auto
T15: Manual
S16: Filter
S18: Belt driven fan
S19: Direct fan | T19: EC
T20: Plug
S23: Outlet damper | T23: Auto
T24: Manual
S25: BMS
S26: Sensor | T26: Humidity
T27: Temperature

Sheet AHU Batch Calculator
B1: AHU — BATCH SHOULD-COST CALCULATOR
B2: One row per AHU. Airflow (CFM) drives coil face area, which drives casing size, which drives sheet, insulation, coil and fan cost.
B3: Refresh prices: | C3: https://www.lme.com/metals/non-ferrous/lme-copper | F3: https://steel.gov.in/monthly-summery
B4: MATERIAL MASTER | C4: Copper tube | D4: Aluminium fin | E4: GI sheet | F4: Pre-coated GI | G4: SS 304 | H4: PUF | I4: Rockwool
B5: Density (kg/m³) | C5: 8960 | D5: 2700 | E5: 7850 | F5: 7850 | G5: 7900 | H5: 40 | I5: 64 | K5: Copper tube ₹750-950/kg and aluminium sheet ₹200-275/kg per Apr-2026 market listings. PUF and rockwool rates are unsourced placeholders.
B6: Price (Rs/kg) | C6: 1400 | D6: 260 | E6: 80 | F6: 95 | G6: 260 | H6: 350 | I6: 85 | M6: Add | N6: Add
M7: EC fan | N7: Smart Panel | AH7: Manual
B8: AHU tag / label | C8: Airflow CFM | E8: Cooling duty TR | F8: Heating duty kW | G8: ESP Pa | H8: Casing | I8: Panel thk mm | J8: Casing material | K8: Insulation | L8: Insul thk mm | M8: Fan type | N8: VFD | O8: Coil rows | P8: FPI | Q8: Tube material | R8: Fin material | S8: Filter config | T8: Mounting | U8: Fresh air | V8: Mixing box | W8: Heating coil | X8: Humidi- fier | Y8: TOTAL COST Rs | Z8: Rs per CFM | AA8: Rs per TR | AB8: Total wt kg | AC8: Copper kg | AD8: Aluminium kg | AE8: Sheet kg | AF8: Insulation kg | AG8: Motor kW | AH8: Size WxHxL m | AJ8: CMH | AK8: m3/s | AL8: face area | AM8: cross-sec | AN8: W m | AO8: H m | AP8: filter L | AQ8: total L | AR8: surface m2 | AS8: n skins | AT8: sheet dens | AU8: sheet px | AV8: SHEET kg | AW8: ins dens | AX8: ins px | AY8: ins vol | AZ8: INSUL kg | BA8: frame m | BB8: frame kg | BC8: frame Rs | BD8: Hf m | BE8: Lf m | BF8: tubes/row | BG8: tubes tot | BH8: tube len | BI8: tube kg/m | BJ8: COPPER kg | BK8: n fins | BL8: coil depth | BM8: fin area | BN8: ALU kg | BO8: ISP Pa | BP8: TSP Pa | BQ8: fan kW | BR8: MOTOR kW | BS8: fan Rs | BT8: vfd Rs | BU8: filter m2 | BV8: filter Rs | BW8: damper m2 | BX8: damper Rs | BY8: pan kg | BZ8: pan Rs | CA8: A material | CB8: B boughtout | CC8: C conversion | CD8: D overhead | CE8: E margin | CF8: TOTAL | CH8: Material Rs (A) | CI8: Labour+Conv. Rs (B+C) | CJ8: OH+Margin Rs (D+E)
B9: AHU-01 Office floor | C9: 50000 | E9: 30 | F9: 0 | G9: 300 | H9: Double skin | I9: 1.5 | J9: Pre-coated GI | K9: PUF | L9: 25 | M9: Plug fan | N9: Y | O9: 6 | P9: 12 | Q9: Copper tube | R9: Aluminium fin | S9: Pre+Fine | T9: Floor mounted | U9: Mixed (return+fresh) | V9: Y | W9: N | X9: N | Y9: =IF($C9="","",CF9) -> 2225561.1 | Z9: =IF($C9="","",Y9/$C9) -> 44.511221 | AA9: =IF($C9="","",IF(E9=0,"",CF9/E9)) -> 74185.369 | AB9: =IF($C9="","",BJ9+BN9+AV9+AZ9+BB9+BY9) -> 2408.0157 | AC9: =IF($C9="","",BJ9) -> 360.78871 | AD9: =IF($C9="","",BN9) -> 159.52968 | AE9: =IF($C9="","",AV9) -> 1720.5277 | AF9: =IF($C9="","",AZ9) -> 65.230805 | AG9: =IF($C9="","",BR9) -> 30 | AH9: =IF($C9="","",ROUND(AN9,2)&" x "&ROUND(AO9,2)&" x "&ROUND(AQ9,2)) -> 3.8 x 2.92 x 3.2 | AJ9: =IF($C9="","",$C9*'Assumptions & Ref'!$C$10) -> 84950 | AK9: =IF($C9="","",AJ9/3600) -> 23.597222 | AL9: =IF($C9="","",AK9/'Assumptions & Ref'!$C$6) -> 9.4388889 | AM9: =IF($C9="","",AL9/'Assumptions & Ref'!$C$8) -> 11.104575 | AN9: =IF($C9="","",SQRT(AM9*'Assumptions & Ref'!$C$9)) -> 3.7994668 | AO9: =IF($C9="","",SQRT(AM9/'Assumptions & Ref'!$C$9)) -> 2.9226667 | AP9: =IF($C9="","",'Assumptions & Ref'!$C$14+IF(OR(S9="Pre+Fine",S9="Pre+Fine+HEPA"),'Assumptions & Ref'!$C$15,0)+IF(S9="Pre+Fine+HEPA",'Assumptions & Ref'!$C$16,0)) -> 0.75 | AQ9: =IF($C9="","",IF(V9="Y",'Assumptions & Ref'!$C$13,0)+AP9+'Assumptions & Ref'!$C$17+O9*'Assumptions & Ref'!$C$18+IF(W9="Y",'Assumptions & Ref'!$C$19,0)+'Assumptions & Ref'!$C$20+IF(X9="Y",'Assumptions & Ref'!$C$21,0)) -> 3.2 | AR9: =IF($C9="","",2*(AN9+AO9)*AQ9+2*AN9*AO9) -> 65.230805 | AS9: =IF($C9="","",IF(H9="Double skin",2,1)) -> 2 | AT9: =IF($C9="","",INDEX($C$5:$I$5,MATCH(J9,$C$4:$I$4,0))) -> 7850 | AU9: =IF($C9="","",INDEX($C$6:$I$6,MATCH(J9,$C$4:$I$4,0))) -> 95 | AV9: =IF($C9="","",AR9*AS9*I9/1000*AT9*(1+'Assumptions & Ref'!$C$75)) -> 1720.5277 | AW9: =IF($C9="","",INDEX($C$5:$I$5,MATCH(K9,$C$4:$I$4,0))) -> 40 | AX9: =IF($C9="","",INDEX($C$6:$I$6,MATCH(K9,$C$4:$I$4,0))) -> 350 | AY9: =IF($C9="","",AR9*L9/1000) -> 1.6307701 | AZ9: =IF($C9="","",AY9*AW9) -> 65.230805 | BA9: =IF($C9="","",4*(AN9+AO9+AQ9)) -> 39.688534 | BB9: =IF($C9="","",BA9*'Assumptions & Ref'!$C$76) -> 73.423788 | BC9: =IF($C9="","",BB9*'Assumptions & Ref'!$C$77) -> 24964.088 | BD9: =IF($C9="","",SQRT(AL9/'Assumptions & Ref'!$C$9)) -> 2.6945656 | BE9: =IF($C9="","",SQRT(AL9*'Assumptions & Ref'!$C$9)) -> 3.5029353 | BF9: =IF($C9="","",BD9*1000/'Assumptions & Ref'!$C$27) -> 107.78262 | BG9: =IF($C9="","",BF9*O9) -> 646.69574 | BH9: =IF($C9="","",BG9*BE9*(1+'Assumptions & Ref'!$C$29)) -> 2605.1333 | BI9: =IF($C9="","",PI()*('Assumptions & Ref'!$C$25-'Assumptions & Ref'!$C$26)/1000*'Assumptions & Ref'!$C$26/1000*$C$5) -> 0.13849146 | BJ9: =IF($C9="","",BH9*BI9) -> 360.78871 | BK9: =IF($C9="","",BE9*1000*P9/25.4) -> 1654.9301 | BL9: =IF($C9="","",O9*'Assumptions & Ref'!$C$28/1000) -> 0.1299 | BM9: =IF($C9="","",BD9*BL9*(1-'Assumptions & Ref'!$C$31)) -> 0.29752046 | BN9: =IF($C9="","",BK9*BM9*'Assumptions & Ref'!$C$30/1000*INDEX($C$5:$I$5,MATCH(R9,$C$4:$I$4,0))) -> 159.52968 | BO9: =IF($C9="","",'Assumptions & Ref'!$C$34+O9*'Assumptions & Ref'!$C$35+'Assumptions & Ref'!$C$36+IF(OR(S9="Pre+Fine",S9="Pre+Fine+HEPA"),'Assumptions & Ref'!$C$37,0)+IF(S9="Pre+Fine+HEPA",'Assumptions & Ref'!$C$38,0)) -> 422 | BP9: =IF($C9="","",G9+BO9) -> 722 | BQ9: =IF($C9="","",AK9*BP9/(1000*IF(M9="Plug fan",'Assumptions & Ref'!$C$39,'Assumptions & Ref'!$C$40)*'Assumptions & Ref'!$C$41)) -> 27.838553 | BR9: =IF($C9="","",IFERROR(INDEX('Assumptions & Ref'!$B$44:$B$61,MATCH(BQ9,'Assumptions & Ref'!$B$44:$B$61,1)+IF(INDEX('Assumptions & Ref'!$B$44:$B$61,MATCH(BQ9,'Assumptions & Ref'!$B$44:$B$61,1))>=BQ9,0,1)),INDEX('Assumptions & Ref'!$B$44:$B$61,1))) -> 30 | BS9: =IF($C9="","",BR9*IF(M9="Plug fan",'Assumptions & Ref'!$C$64,'Assumptions & Ref'!$C$65)) -> 435000 | BT9: =IF($C9="","",IF(N9="Y",BR9*'Assumptions & Ref'!$C$66,0)) -> 225000 | BU9: =IF($C9="","",AM9) -> 11.104575 | BV9: =IF($C9="","",BU9*('Assumptions & Ref'!$C$67+IF(OR(S9="Pre+Fine",S9="Pre+Fine+HEPA"),'Assumptions & Ref'!$C$68,0)+IF(S9="Pre+Fine+HEPA",'Assumptions & Ref'!$C$69,0))) -> 51081.046 | BW9: =IF($C9="","",AM9*IF(U9="Mixed (return+fresh)",2,1)) -> 22.20915 | BX9: =IF($C9="","",BW9*'Assumptions & Ref'!$C$70) -> 115487.58 | BY9: =IF($C9="","",AN9*('Assumptions & Ref'!$C$17+O9*'Assumptions & Ref'!$C$18+0.2)*'Assumptions & Ref'!$C$81/1000*$G$5) -> 28.514998 | BZ9: =IF($C9="","",BY9*$G$6) -> 7413.8995 | CA9: =IF($C9="","",BJ9*$C$6+BN9*INDEX($C$6:$I$6,MATCH(R9,$C$4:$I$4,0))+AV9*AU9+AZ9*AX9+BC9+BZ9) -> 765240.81 | CB9: =IF($C9="","",BS9+BT9+BV9+BX9) -> 826568.63 | CC9: =IF($C9="","",(AV9+BB9)*'Assumptions & Ref'!$C$78+(BJ9+BN9)*'Assumptions & Ref'!$C$80) -> 214652.46 | CD9: =IF($C9="","",'Assumptions & Ref'!$C$84*(CA9+CB9+CC9)) -> 180646.19 | CE9: =IF($C9="","",'Assumptions & Ref'!$C$85*(CA9+CB9+CC9+CD9)) -> 238452.97 | CF9: =IF($C9="","",CA9+CB9+CC9+CD9+CE9) -> 2225561.1 | CH9: =IF($C9="","",CA9) -> 765240.81 | CI9: =IF($C9="","",CB9+CC9) -> 1041221.1 | CJ9: =IF($C9="","",CD9+CE9) -> 419099.16
B10: AHU-02 Lobby | C10: 45000 | E10: 18 | F10: 0 | G10: 250 | H10: Double skin | I10: 0.8 | J10: Pre-coated GI | K10: PUF | L10: 25 | M10: Plug fan | N10: Y | O10: 4 | P10: 12 | Q10: Copper tube | R10: Aluminium fin | S10: Pre+Fine | T10: Ceiling suspended | U10: Mixed (return+fresh) | V10: Y | W10: N | X10: N | Y10: =IF($C10="","",CF10) -> 1484723.5 | Z10: =IF($C10="","",Y10/$C10) -> 32.993856 | AA10: =IF($C10="","",IF(E10=0,"",CF10/E10)) -> 82484.641 | AB10: =IF($C10="","",BJ10+BN10+AV10+AZ10+BB10+BY10) -> 1303.4274 | AC10: =IF($C10="","",BJ10) -> 216.47323 | AD10: =IF($C10="","",BN10) -> 95.717807 | AE10: =IF($C10="","",AV10) -> 837.37435 | AF10: =IF($C10="","",AZ10) -> 59.526725 | AG10: =IF($C10="","",BR10) -> 22 | AH10: =IF($C10="","",ROUND(AN10,2)&" x "&ROUND(AO10,2)&" x "&ROUND(AQ10,2)) -> 3.6 x 2.77 x 3.1 | AJ10: =IF($C10="","",$C10*'Assumptions & Ref'!$C$10) -> 76455 | AK10: =IF($C10="","",AJ10/3600) -> 21.2375 | AL10: =IF($C10="","",AK10/'Assumptions & Ref'!$C$6) -> 8.495 | AM10: =IF($C10="","",AL10/'Assumptions & Ref'!$C$8) -> 9.9941176 | AN10: =IF($C10="","",SQRT(AM10*'Assumptions & Ref'!$C$9)) -> 3.6044907 | AO10: =IF($C10="","",SQRT(AM10/'Assumptions & Ref'!$C$9)) -> 2.7726851 | AP10: =IF($C10="","",'Assumptions & Ref'!$C$14+IF(OR(S10="Pre+Fine",S10="Pre+Fine+HEPA"),'Assumptions & Ref'!$C$15,0)+IF(S10="Pre+Fine+HEPA",'Assumptions & Ref'!$C$16,0)) -> 0.75 | AQ10: =IF($C10="","",IF(V10="Y",'Assumptions & Ref'!$C$13,0)+AP10+'Assumptions & Ref'!$C$17+O10*'Assumptions & Ref'!$C$18+IF(W10="Y",'Assumptions & Ref'!$C$19,0)+'Assumptions & Ref'!$C$20+IF(X10="Y",'Assumptions & Ref'!$C$21,0)) -> 3.1 | AR10: =IF($C10="","",2*(AN10+AO10)*AQ10+2*AN10*AO10) -> 59.526725 | AS10: =IF($C10="","",IF(H10="Double skin",2,1)) -> 2 | AT10: =IF($C10="","",INDEX($C$5:$I$5,MATCH(J10,$C$4:$I$4,0))) -> 7850 | AU10: =IF($C10="","",INDEX($C$6:$I$6,MATCH(J10,$C$4:$I$4,0))) -> 95 | AV10: =IF($C10="","",AR10*AS10*I10/1000*AT10*(1+'Assumptions & Ref'!$C$75)) -> 837.37435 | AW10: =IF($C10="","",INDEX($C$5:$I$5,MATCH(K10,$C$4:$I$4,0))) -> 40 | AX10: =IF($C10="","",INDEX($C$6:$I$6,MATCH(K10,$C$4:$I$4,0))) -> 350 | AY10: =IF($C10="","",AR10*L10/1000) -> 1.4881681 | AZ10: =IF($C10="","",AY10*AW10) -> 59.526725 | BA10: =IF($C10="","",4*(AN10+AO10+AQ10)) -> 37.908703 | BB10: =IF($C10="","",BA10*'Assumptions & Ref'!$C$76) -> 70.131101 | BC10: =IF($C10="","",BB10*'Assumptions & Ref'!$C$77) -> 23844.574 | BD10: =IF($C10="","",SQRT(AL10/'Assumptions & Ref'!$C$9)) -> 2.5562894 | BE10: =IF($C10="","",SQRT(AL10*'Assumptions & Ref'!$C$9)) -> 3.3231762 | BF10: =IF($C10="","",BD10*1000/'Assumptions & Ref'!$C$27) -> 102.25158 | BG10: =IF($C10="","",BF10*O10) -> 409.0063 | BH10: =IF($C10="","",BG10*BE10*(1+'Assumptions & Ref'!$C$29)) -> 1563.08 | BI10: =IF($C10="","",PI()*('Assumptions & Ref'!$C$25-'Assumptions & Ref'!$C$26)/1000*'Assumptions & Ref'!$C$26/1000*$C$5) -> 0.13849146 | BJ10: =IF($C10="","",BH10*BI10) -> 216.47323 | BK10: =IF($C10="","",BE10*1000*P10/25.4) -> 1570.0045 | BL10: =IF($C10="","",O10*'Assumptions & Ref'!$C$28/1000) -> 0.0866 | BM10: =IF($C10="","",BD10*BL10*(1-'Assumptions & Ref'!$C$31)) -> 0.18816846 | BN10: =IF($C10="","",BK10*BM10*'Assumptions & Ref'!$C$30/1000*INDEX($C$5:$I$5,MATCH(R10,$C$4:$I$4,0))) -> 95.717807 | BO10: =IF($C10="","",'Assumptions & Ref'!$C$34+O10*'Assumptions & Ref'!$C$35+'Assumptions & Ref'!$C$36+IF(OR(S10="Pre+Fine",S10="Pre+Fine+HEPA"),'Assumptions & Ref'!$C$37,0)+IF(S10="Pre+Fine+HEPA",'Assumptions & Ref'!$C$38,0)) -> 378 | BP10: =IF($C10="","",G10+BO10) -> 628 | BQ10: =IF($C10="","",AK10*BP10/(1000*IF(M10="Plug fan",'Assumptions & Ref'!$C$39,'Assumptions & Ref'!$C$40)*'Assumptions & Ref'!$C$41)) -> 21.792729 | BR10: =IF($C10="","",IFERROR(INDEX('Assumptions & Ref'!$B$44:$B$61,MATCH(BQ10,'Assumptions & Ref'!$B$44:$B$61,1)+IF(INDEX('Assumptions & Ref'!$B$44:$B$61,MATCH(BQ10,'Assumptions & Ref'!$B$44:$B$61,1))>=BQ10,0,1)),INDEX('Assumptions & Ref'!$B$44:$B$61,1))) -> 22 | BS10: =IF($C10="","",BR10*IF(M10="Plug fan",'Assumptions & Ref'!$C$64,'Assumptions & Ref'!$C$65)) -> 319000 | BT10: =IF($C10="","",IF(N10="Y",BR10*'Assumptions & Ref'!$C$66,0)) -> 165000 | BU10: =IF($C10="","",AM10) -> 9.9941176 | BV10: =IF($C10="","",BU10*('Assumptions & Ref'!$C$67+IF(OR(S10="Pre+Fine",S10="Pre+Fine+HEPA"),'Assumptions & Ref'!$C$68,0)+IF(S10="Pre+Fine+HEPA",'Assumptions & Ref'!$C$69,0))) -> 45972.941 | BW10: =IF($C10="","",AM10*IF(U10="Mixed (return+fresh)",2,1)) -> 19.988235 | BX10: =IF($C10="","",BW10*'Assumptions & Ref'!$C$70) -> 103938.82 | BY10: =IF($C10="","",AN10*('Assumptions & Ref'!$C$17+O10*'Assumptions & Ref'!$C$18+0.2)*'Assumptions & Ref'!$C$81/1000*$G$5) -> 24.204155 | BZ10: =IF($C10="","",BY10*$G$6) -> 6293.0802 | CA10: =IF($C10="","",BJ10*$C$6+BN10*INDEX($C$6:$I$6,MATCH(R10,$C$4:$I$4,0))+AV10*AU10+AZ10*AX10+BC10+BZ10) -> 458471.72 | CB10: =IF($C10="","",BS10+BT10+BV10+BX10) -> 633911.76 | CC10: =IF($C10="","",(AV10+BB10)*'Assumptions & Ref'!$C$78+(BJ10+BN10)*'Assumptions & Ref'!$C$80) -> 112749.26 | CD10: =IF($C10="","",'Assumptions & Ref'!$C$84*(CA10+CB10+CC10)) -> 120513.27 | CE10: =IF($C10="","",'Assumptions & Ref'!$C$85*(CA10+CB10+CC10+CD10)) -> 159077.52 | CF10: =IF($C10="","",CA10+CB10+CC10+CD10+CE10) -> 1484723.5 | CH10: =IF($C10="","",CA10) -> 458471.72 | CI10: =IF($C10="","",CB10+CC10) -> 746661.02 | CJ10: =IF($C10="","",CD10+CE10) -> 279590.8
B11: AHU-03 Cleanroom | C11: 40000 | E11: 26 | F11: 0 | G11: 600 | H11: Double skin | I11: 1 | J11: SS 304 | K11: PUF | L11: 50 | M11: Plug fan | N11: Y | O11: 8 | P11: 14 | Q11: Copper tube | R11: Aluminium fin | S11: Pre+Fine+HEPA | T11: Floor mounted | U11: 100% fresh air | V11: N | W11: N | X11: N | Y11: =IF($C11="","",CF11) -> 2798016.7 | Z11: =IF($C11="","",Y11/$C11) -> 69.950416 | AA11: =IF($C11="","",IF(E11=0,"",CF11/E11)) -> 107616.03 | AB11: =IF($C11="","",BJ11+BN11+AV11+AZ11+BB11+BY11) -> 1787.5706 | AC11: =IF($C11="","",BJ11) -> 384.84129 | AD11: =IF($C11="","",BN11) -> 198.52582 | AE11: =IF($C11="","",AV11) -> 995.34794 | AF11: =IF($C11="","",AZ11) -> 112.49412 | AG11: =IF($C11="","",BR11) -> 45 | AH11: =IF($C11="","",ROUND(AN11,2)&" x "&ROUND(AO11,2)&" x "&ROUND(AQ11,2)) -> 3.4 x 2.61 x 3.2 | AJ11: =IF($C11="","",$C11*'Assumptions & Ref'!$C$10) -> 67960 | AK11: =IF($C11="","",AJ11/3600) -> 18.877778 | AL11: =IF($C11="","",AK11/'Assumptions & Ref'!$C$6) -> 7.5511111 | AM11: =IF($C11="","",AL11/'Assumptions & Ref'!$C$8) -> 8.8836601 | AN11: =IF($C11="","",SQRT(AM11*'Assumptions & Ref'!$C$9)) -> 3.3983464 | AO11: =IF($C11="","",SQRT(AM11/'Assumptions & Ref'!$C$9)) -> 2.6141126 | AP11: =IF($C11="","",'Assumptions & Ref'!$C$14+IF(OR(S11="Pre+Fine",S11="Pre+Fine+HEPA"),'Assumptions & Ref'!$C$15,0)+IF(S11="Pre+Fine+HEPA",'Assumptions & Ref'!$C$16,0)) -> 1.25 | AQ11: =IF($C11="","",IF(V11="Y",'Assumptions & Ref'!$C$13,0)+AP11+'Assumptions & Ref'!$C$17+O11*'Assumptions & Ref'!$C$18+IF(W11="Y",'Assumptions & Ref'!$C$19,0)+'Assumptions & Ref'!$C$20+IF(X11="Y",'Assumptions & Ref'!$C$21,0)) -> 3.2 | AR11: =IF($C11="","",2*(AN11+AO11)*AQ11+2*AN11*AO11) -> 56.247058 | AS11: =IF($C11="","",IF(H11="Double skin",2,1)) -> 2 | AT11: =IF($C11="","",INDEX($C$5:$I$5,MATCH(J11,$C$4:$I$4,0))) -> 7900 | AU11: =IF($C11="","",INDEX($C$6:$I$6,MATCH(J11,$C$4:$I$4,0))) -> 260 | AV11: =IF($C11="","",AR11*AS11*I11/1000*AT11*(1+'Assumptions & Ref'!$C$75)) -> 995.34794 | AW11: =IF($C11="","",INDEX($C$5:$I$5,MATCH(K11,$C$4:$I$4,0))) -> 40 | AX11: =IF($C11="","",INDEX($C$6:$I$6,MATCH(K11,$C$4:$I$4,0))) -> 350 | AY11: =IF($C11="","",AR11*L11/1000) -> 2.8123529 | AZ11: =IF($C11="","",AY11*AW11) -> 112.49412 | BA11: =IF($C11="","",4*(AN11+AO11+AQ11)) -> 36.849836 | BB11: =IF($C11="","",BA11*'Assumptions & Ref'!$C$76) -> 68.172197 | BC11: =IF($C11="","",BB11*'Assumptions & Ref'!$C$77) -> 23178.547 | BD11: =IF($C11="","",SQRT(AL11/'Assumptions & Ref'!$C$9)) -> 2.4100927 | BE11: =IF($C11="","",SQRT(AL11*'Assumptions & Ref'!$C$9)) -> 3.1331206 | BF11: =IF($C11="","",BD11*1000/'Assumptions & Ref'!$C$27) -> 96.40371 | BG11: =IF($C11="","",BF11*O11) -> 771.22968 | BH11: =IF($C11="","",BG11*BE11*(1+'Assumptions & Ref'!$C$29)) -> 2778.8089 | BI11: =IF($C11="","",PI()*('Assumptions & Ref'!$C$25-'Assumptions & Ref'!$C$26)/1000*'Assumptions & Ref'!$C$26/1000*$C$5) -> 0.13849146 | BJ11: =IF($C11="","",BH11*BI11) -> 384.84129 | BK11: =IF($C11="","",BE11*1000*P11/25.4) -> 1726.9168 | BL11: =IF($C11="","",O11*'Assumptions & Ref'!$C$28/1000) -> 0.1732 | BM11: =IF($C11="","",BD11*BL11*(1-'Assumptions & Ref'!$C$31)) -> 0.35481385 | BN11: =IF($C11="","",BK11*BM11*'Assumptions & Ref'!$C$30/1000*INDEX($C$5:$I$5,MATCH(R11,$C$4:$I$4,0))) -> 198.52582 | BO11: =IF($C11="","",'Assumptions & Ref'!$C$34+O11*'Assumptions & Ref'!$C$35+'Assumptions & Ref'!$C$36+IF(OR(S11="Pre+Fine",S11="Pre+Fine+HEPA"),'Assumptions & Ref'!$C$37,0)+IF(S11="Pre+Fine+HEPA",'Assumptions & Ref'!$C$38,0)) -> 716 | BP11: =IF($C11="","",G11+BO11) -> 1316 | BQ11: =IF($C11="","",AK11*BP11/(1000*IF(M11="Plug fan",'Assumptions & Ref'!$C$39,'Assumptions & Ref'!$C$40)*'Assumptions & Ref'!$C$41)) -> 40.593391 | BR11: =IF($C11="","",IFERROR(INDEX('Assumptions & Ref'!$B$44:$B$61,MATCH(BQ11,'Assumptions & Ref'!$B$44:$B$61,1)+IF(INDEX('Assumptions & Ref'!$B$44:$B$61,MATCH(BQ11,'Assumptions & Ref'!$B$44:$B$61,1))>=BQ11,0,1)),INDEX('Assumptions & Ref'!$B$44:$B$61,1))) -> 45 | BS11: =IF($C11="","",BR11*IF(M11="Plug fan",'Assumptions & Ref'!$C$64,'Assumptions & Ref'!$C$65)) -> 652500 | BT11: =IF($C11="","",IF(N11="Y",BR11*'Assumptions & Ref'!$C$66,0)) -> 337500 | BU11: =IF($C11="","",AM11) -> 8.8836601 | BV11: =IF($C11="","",BU11*('Assumptions & Ref'!$C$67+IF(OR(S11="Pre+Fine",S11="Pre+Fine+HEPA"),'Assumptions & Ref'!$C$68,0)+IF(S11="Pre+Fine+HEPA",'Assumptions & Ref'!$C$69,0))) -> 165236.08 | BW11: =IF($C11="","",AM11*IF(U11="Mixed (return+fresh)",2,1)) -> 8.8836601 | BX11: =IF($C11="","",BW11*'Assumptions & Ref'!$C$70) -> 46195.033 | BY11: =IF($C11="","",AN11*('Assumptions & Ref'!$C$17+O11*'Assumptions & Ref'!$C$18+0.2)*'Assumptions & Ref'!$C$81/1000*$G$5) -> 28.189283 | BZ11: =IF($C11="","",BY11*$G$6) -> 7329.2137 | CA11: =IF($C11="","",BJ11*$C$6+BN11*INDEX($C$6:$I$6,MATCH(R11,$C$4:$I$4,0))+AV11*AU11+AZ11*AX11+BC11+BZ11) -> 919065.69 | CB11: =IF($C11="","",BS11+BT11+BV11+BX11) -> 1201431.1 | CC11: =IF($C11="","",(AV11+BB11)*'Assumptions & Ref'!$C$78+(BJ11+BN11)*'Assumptions & Ref'!$C$80) -> 150620.62 | CD11: =IF($C11="","",'Assumptions & Ref'!$C$84*(CA11+CB11+CC11)) -> 227111.74 | CE11: =IF($C11="","",'Assumptions & Ref'!$C$85*(CA11+CB11+CC11+CD11)) -> 299787.5 | CF11: =IF($C11="","",CA11+CB11+CC11+CD11+CE11) -> 2798016.7 | CH11: =IF($C11="","",CA11) -> 919065.69 | CI11: =IF($C11="","",CB11+CC11) -> 1352051.7 | CJ11: =IF($C11="","",CD11+CE11) -> 526899.24
B12: AHU-04 Basement CSU | C12: 4000 | E12: 20 | F12: 0 | G12: 200 | H12: Single skin | I12: 0.63 | J12: GI sheet | K12: Rockwool | L12: 25 | M12: Belt-driven | N12: N | O12: 4 | P12: 10 | Q12: Copper tube | R12: Aluminium fin | S12: Pre only | T12: Floor mounted | U12: Return air | V12: N | W12: N | X12: N | Y12: =IF($C12="","",CF12) -> 106271.7 | Z12: =IF($C12="","",Y12/$C12) -> 26.567924 | AA12: =IF($C12="","",IF(E12=0,"",CF12/E12)) -> 5313.5849 | AB12: =IF($C12="","",BJ12+BN12+AV12+AZ12+BB12+BY12) -> 131.12298 | AC12: =IF($C12="","",BJ12) -> 19.242065 | AD12: =IF($C12="","",BN12) -> 7.0902079 | AE12: =IF($C12="","",AV12) -> 53.019416 | AF12: =IF($C12="","",AZ12) -> 15.315342 | AG12: =IF($C12="","",BR12) -> 2.2 | AH12: =IF($C12="","",ROUND(AN12,2)&" x "&ROUND(AO12,2)&" x "&ROUND(AQ12,2)) -> 1.07 x 0.83 x 2.05 | AJ12: =IF($C12="","",$C12*'Assumptions & Ref'!$C$10) -> 6796 | AK12: =IF($C12="","",AJ12/3600) -> 1.8877778 | AL12: =IF($C12="","",AK12/'Assumptions & Ref'!$C$6) -> 0.75511111 | AM12: =IF($C12="","",AL12/'Assumptions & Ref'!$C$8) -> 0.88836601 | AN12: =IF($C12="","",SQRT(AM12*'Assumptions & Ref'!$C$9)) -> 1.0746515 | AO12: =IF($C12="","",SQRT(AM12/'Assumptions & Ref'!$C$9)) -> 0.82665499 | AP12: =IF($C12="","",'Assumptions & Ref'!$C$14+IF(OR(S12="Pre+Fine",S12="Pre+Fine+HEPA"),'Assumptions & Ref'!$C$15,0)+IF(S12="Pre+Fine+HEPA",'Assumptions & Ref'!$C$16,0)) -> 0.3 | AQ12: =IF($C12="","",IF(V12="Y",'Assumptions & Ref'!$C$13,0)+AP12+'Assumptions & Ref'!$C$17+O12*'Assumptions & Ref'!$C$18+IF(W12="Y",'Assumptions & Ref'!$C$19,0)+'Assumptions & Ref'!$C$20+IF(X12="Y",'Assumptions & Ref'!$C$21,0)) -> 2.05 | AR12: =IF($C12="","",2*(AN12+AO12)*AQ12+2*AN12*AO12) -> 9.5720886 | AS12: =IF($C12="","",IF(H12="Double skin",2,1)) -> 1 | AT12: =IF($C12="","",INDEX($C$5:$I$5,MATCH(J12,$C$4:$I$4,0))) -> 7850 | AU12: =IF($C12="","",INDEX($C$6:$I$6,MATCH(J12,$C$4:$I$4,0))) -> 80 | AV12: =IF($C12="","",AR12*AS12*I12/1000*AT12*(1+'Assumptions & Ref'!$C$75)) -> 53.019416 | AW12: =IF($C12="","",INDEX($C$5:$I$5,MATCH(K12,$C$4:$I$4,0))) -> 64 | AX12: =IF($C12="","",INDEX($C$6:$I$6,MATCH(K12,$C$4:$I$4,0))) -> 85 | AY12: =IF($C12="","",AR12*L12/1000) -> 0.23930221 | AZ12: =IF($C12="","",AY12*AW12) -> 15.315342 | BA12: =IF($C12="","",4*(AN12+AO12+AQ12)) -> 15.805226 | BB12: =IF($C12="","",BA12*'Assumptions & Ref'!$C$76) -> 29.239668 | BC12: =IF($C12="","",BB12*'Assumptions & Ref'!$C$77) -> 9941.4871 | BD12: =IF($C12="","",SQRT(AL12/'Assumptions & Ref'!$C$9)) -> 0.76213824 | BE12: =IF($C12="","",SQRT(AL12*'Assumptions & Ref'!$C$9)) -> 0.99077972 | BF12: =IF($C12="","",BD12*1000/'Assumptions & Ref'!$C$27) -> 30.48553 | BG12: =IF($C12="","",BF12*O12) -> 121.94212 | BH12: =IF($C12="","",BG12*BE12*(1+'Assumptions & Ref'!$C$29)) -> 138.94044 | BI12: =IF($C12="","",PI()*('Assumptions & Ref'!$C$25-'Assumptions & Ref'!$C$26)/1000*'Assumptions & Ref'!$C$26/1000*$C$5) -> 0.13849146 | BJ12: =IF($C12="","",BH12*BI12) -> 19.242065 | BK12: =IF($C12="","",BE12*1000*P12/25.4) -> 390.07075 | BL12: =IF($C12="","",O12*'Assumptions & Ref'!$C$28/1000) -> 0.0866 | BM12: =IF($C12="","",BD12*BL12*(1-'Assumptions & Ref'!$C$31)) -> 0.056100996 | BN12: =IF($C12="","",BK12*BM12*'Assumptions & Ref'!$C$30/1000*INDEX($C$5:$I$5,MATCH(R12,$C$4:$I$4,0))) -> 7.0902079 | BO12: =IF($C12="","",'Assumptions & Ref'!$C$34+O12*'Assumptions & Ref'!$C$35+'Assumptions & Ref'!$C$36+IF(OR(S12="Pre+Fine",S12="Pre+Fine+HEPA"),'Assumptions & Ref'!$C$37,0)+IF(S12="Pre+Fine+HEPA",'Assumptions & Ref'!$C$38,0)) -> 258 | BP12: =IF($C12="","",G12+BO12) -> 458 | BQ12: =IF($C12="","",AK12*BP12/(1000*IF(M12="Plug fan",'Assumptions & Ref'!$C$39,'Assumptions & Ref'!$C$40)*'Assumptions & Ref'!$C$41)) -> 1.5494663 | BR12: =IF($C12="","",IFERROR(INDEX('Assumptions & Ref'!$B$44:$B$61,MATCH(BQ12,'Assumptions & Ref'!$B$44:$B$61,1)+IF(INDEX('Assumptions & Ref'!$B$44:$B$61,MATCH(BQ12,'Assumptions & Ref'!$B$44:$B$61,1))>=BQ12,0,1)),INDEX('Assumptions & Ref'!$B$44:$B$61,1))) -> 2.2 | BS12: =IF($C12="","",BR12*IF(M12="Plug fan",'Assumptions & Ref'!$C$64,'Assumptions & Ref'!$C$65)) -> 24200 | BT12: =IF($C12="","",IF(N12="Y",BR12*'Assumptions & Ref'!$C$66,0)) -> 0 | BU12: =IF($C12="","",AM12) -> 0.88836601 | BV12: =IF($C12="","",BU12*('Assumptions & Ref'!$C$67+IF(OR(S12="Pre+Fine",S12="Pre+Fine+HEPA"),'Assumptions & Ref'!$C$68,0)+IF(S12="Pre+Fine+HEPA",'Assumptions & Ref'!$C$69,0))) -> 1243.7124 | BW12: =IF($C12="","",AM12*IF(U12="Mixed (return+fresh)",2,1)) -> 0.88836601 | BX12: =IF($C12="","",BW12*'Assumptions & Ref'!$C$70) -> 4619.5033 | BY12: =IF($C12="","",AN12*('Assumptions & Ref'!$C$17+O12*'Assumptions & Ref'!$C$18+0.2)*'Assumptions & Ref'!$C$81/1000*$G$5) -> 7.2162847 | BZ12: =IF($C12="","",BY12*$G$6) -> 1876.234 | CA12: =IF($C12="","",BJ12*$C$6+BN12*INDEX($C$6:$I$6,MATCH(R12,$C$4:$I$4,0))+AV12*AU12+AZ12*AX12+BC12+BZ12) -> 46143.423 | CB12: =IF($C12="","",BS12+BT12+BV12+BX12) -> 30063.216 | CC12: =IF($C12="","",(AV12+BB12)*'Assumptions & Ref'!$C$78+(BJ12+BN12)*'Assumptions & Ref'!$C$80) -> 10052.856 | CD12: =IF($C12="","",'Assumptions & Ref'!$C$84*(CA12+CB12+CC12)) -> 8625.9495 | CE12: =IF($C12="","",'Assumptions & Ref'!$C$85*(CA12+CB12+CC12+CD12)) -> 11386.253 | CF12: =IF($C12="","",CA12+CB12+CC12+CD12+CE12) -> 106271.7 | CH12: =IF($C12="","",CA12) -> 46143.423 | CI12: =IF($C12="","",CB12+CC12) -> 40116.072 | CJ12: =IF($C12="","",CD12+CE12) -> 20012.203
B13: AHU-05 Treated fresh air | C13: 5000 | E13: 25 | F13: 0 | G13: 400 | H13: Double skin | I13: 0.8 | J13: Pre-coated GI | K13: PUF | L13: 50 | M13: Plug fan | N13: Y | O13: 8 | P13: 14 | Q13: Copper tube | R13: Aluminium fin | S13: Pre+Fine | T13: Rooftop | U13: 100% fresh air | V13: N | W13: N | X13: N | Y13: =IF($C13="","",CF13) -> 291505.62 | Z13: =IF($C13="","",Y13/$C13) -> 58.301124 | AA13: =IF($C13="","",IF(E13=0,"",CF13/E13)) -> 11660.225 | AB13: =IF($C13="","",BJ13+BN13+AV13+AZ13+BB13+BY13) -> 338.7156 | AC13: =IF($C13="","",BJ13) -> 48.105162 | AD13: =IF($C13="","",BN13) -> 24.815728 | AE13: =IF($C13="","",AV13) -> 192.71827 | AF13: =IF($C13="","",AZ13) -> 27.399663 | AG13: =IF($C13="","",BR13) -> 3.7 | AH13: =IF($C13="","",ROUND(AN13,2)&" x "&ROUND(AO13,2)&" x "&ROUND(AQ13,2)) -> 1.2 x 0.92 x 2.7 | AJ13: =IF($C13="","",$C13*'Assumptions & Ref'!$C$10) -> 8495 | AK13: =IF($C13="","",AJ13/3600) -> 2.3597222 | AL13: =IF($C13="","",AK13/'Assumptions & Ref'!$C$6) -> 0.94388889 | AM13: =IF($C13="","",AL13/'Assumptions & Ref'!$C$8) -> 1.1104575 | AN13: =IF($C13="","",SQRT(AM13*'Assumptions & Ref'!$C$9)) -> 1.2014969 | AO13: =IF($C13="","",SQRT(AM13/'Assumptions & Ref'!$C$9)) -> 0.92422838 | AP13: =IF($C13="","",'Assumptions & Ref'!$C$14+IF(OR(S13="Pre+Fine",S13="Pre+Fine+HEPA"),'Assumptions & Ref'!$C$15,0)+IF(S13="Pre+Fine+HEPA",'Assumptions & Ref'!$C$16,0)) -> 0.75 | AQ13: =IF($C13="","",IF(V13="Y",'Assumptions & Ref'!$C$13,0)+AP13+'Assumptions & Ref'!$C$17+O13*'Assumptions & Ref'!$C$18+IF(W13="Y",'Assumptions & Ref'!$C$19,0)+'Assumptions & Ref'!$C$20+IF(X13="Y",'Assumptions & Ref'!$C$21,0)) -> 2.7 | AR13: =IF($C13="","",2*(AN13+AO13)*AQ13+2*AN13*AO13) -> 13.699831 | AS13: =IF($C13="","",IF(H13="Double skin",2,1)) -> 2 | AT13: =IF($C13="","",INDEX($C$5:$I$5,MATCH(J13,$C$4:$I$4,0))) -> 7850 | AU13: =IF($C13="","",INDEX($C$6:$I$6,MATCH(J13,$C$4:$I$4,0))) -> 95 | AV13: =IF($C13="","",AR13*AS13*I13/1000*AT13*(1+'Assumptions & Ref'!$C$75)) -> 192.71827 | AW13: =IF($C13="","",INDEX($C$5:$I$5,MATCH(K13,$C$4:$I$4,0))) -> 40 | AX13: =IF($C13="","",INDEX($C$6:$I$6,MATCH(K13,$C$4:$I$4,0))) -> 350 | AY13: =IF($C13="","",AR13*L13/1000) -> 0.68499157 | AZ13: =IF($C13="","",AY13*AW13) -> 27.399663 | BA13: =IF($C13="","",4*(AN13+AO13+AQ13)) -> 19.302901 | BB13: =IF($C13="","",BA13*'Assumptions & Ref'!$C$76) -> 35.710367 | BC13: =IF($C13="","",BB13*'Assumptions & Ref'!$C$77) -> 12141.525 | BD13: =IF($C13="","",SQRT(AL13/'Assumptions & Ref'!$C$9)) -> 0.85209646 | BE13: =IF($C13="","",SQRT(AL13*'Assumptions & Ref'!$C$9)) -> 1.1077254 | BF13: =IF($C13="","",BD13*1000/'Assumptions & Ref'!$C$27) -> 34.083858 | BG13: =IF($C13="","",BF13*O13) -> 272.67087 | BH13: =IF($C13="","",BG13*BE13*(1+'Assumptions & Ref'!$C$29)) -> 347.35111 | BI13: =IF($C13="","",PI()*('Assumptions & Ref'!$C$25-'Assumptions & Ref'!$C$26)/1000*'Assumptions & Ref'!$C$26/1000*$C$5) -> 0.13849146 | BJ13: =IF($C13="","",BH13*BI13) -> 48.105162 | BK13: =IF($C13="","",BE13*1000*P13/25.4) -> 610.55731 | BL13: =IF($C13="","",O13*'Assumptions & Ref'!$C$28/1000) -> 0.1732 | BM13: =IF($C13="","",BD13*BL13*(1-'Assumptions & Ref'!$C$31)) -> 0.12544564 | BN13: =IF($C13="","",BK13*BM13*'Assumptions & Ref'!$C$30/1000*INDEX($C$5:$I$5,MATCH(R13,$C$4:$I$4,0))) -> 24.815728 | BO13: =IF($C13="","",'Assumptions & Ref'!$C$34+O13*'Assumptions & Ref'!$C$35+'Assumptions & Ref'!$C$36+IF(OR(S13="Pre+Fine",S13="Pre+Fine+HEPA"),'Assumptions & Ref'!$C$37,0)+IF(S13="Pre+Fine+HEPA",'Assumptions & Ref'!$C$38,0)) -> 466 | BP13: =IF($C13="","",G13+BO13) -> 866 | BQ13: =IF($C13="","",AK13*BP13/(1000*IF(M13="Plug fan",'Assumptions & Ref'!$C$39,'Assumptions & Ref'!$C$40)*'Assumptions & Ref'!$C$41)) -> 3.3390841 | BR13: =IF($C13="","",IFERROR(INDEX('Assumptions & Ref'!$B$44:$B$61,MATCH(BQ13,'Assumptions & Ref'!$B$44:$B$61,1)+IF(INDEX('Assumptions & Ref'!$B$44:$B$61,MATCH(BQ13,'Assumptions & Ref'!$B$44:$B$61,1))>=BQ13,0,1)),INDEX('Assumptions & Ref'!$B$44:$B$61,1))) -> 3.7 | BS13: =IF($C13="","",BR13*IF(M13="Plug fan",'Assumptions & Ref'!$C$64,'Assumptions & Ref'!$C$65)) -> 53650 | BT13: =IF($C13="","",IF(N13="Y",BR13*'Assumptions & Ref'!$C$66,0)) -> 27750 | BU13: =IF($C13="","",AM13) -> 1.1104575 | BV13: =IF($C13="","",BU13*('Assumptions & Ref'!$C$67+IF(OR(S13="Pre+Fine",S13="Pre+Fine+HEPA"),'Assumptions & Ref'!$C$68,0)+IF(S13="Pre+Fine+HEPA",'Assumptions & Ref'!$C$69,0))) -> 5108.1046 | BW13: =IF($C13="","",AM13*IF(U13="Mixed (return+fresh)",2,1)) -> 1.1104575 | BX13: =IF($C13="","",BW13*'Assumptions & Ref'!$C$70) -> 5774.3791 | BY13: =IF($C13="","",AN13*('Assumptions & Ref'!$C$17+O13*'Assumptions & Ref'!$C$18+0.2)*'Assumptions & Ref'!$C$81/1000*$G$5) -> 9.9664167 | BZ13: =IF($C13="","",BY13*$G$6) -> 2591.2683 | CA13: =IF($C13="","",BJ13*$C$6+BN13*INDEX($C$6:$I$6,MATCH(R13,$C$4:$I$4,0))+AV13*AU13+AZ13*AX13+BC13+BZ13) -> 116430.23 | CB13: =IF($C13="","",BS13+BT13+BV13+BX13) -> 92282.484 | CC13: =IF($C13="","",(AV13+BB13)*'Assumptions & Ref'!$C$78+(BJ13+BN13)*'Assumptions & Ref'!$C$80) -> 27898.996 | CD13: =IF($C13="","",'Assumptions & Ref'!$C$84*(CA13+CB13+CC13)) -> 23661.171 | CE13: =IF($C13="","",'Assumptions & Ref'!$C$85*(CA13+CB13+CC13+CD13)) -> 31232.745 | CF13: =IF($C13="","",CA13+CB13+CC13+CD13+CE13) -> 291505.62 | CH13: =IF($C13="","",CA13) -> 116430.23 | CI13: =IF($C13="","",CB13+CC13) -> 120181.48 | CJ13: =IF($C13="","",CD13+CE13) -> 54893.916
B14: AHU-06 Auditorium | C14: 20000 | E14: 60 | F14: 0 | G14: 350 | H14: Double skin | I14: 0.8 | J14: Pre-coated GI | K14: PUF | L14: 25 | M14: Plug fan | N14: Y | O14: 6 | P14: 12 | Q14: Copper tube | R14: Aluminium fin | S14: Pre+Fine | T14: Floor mounted | U14: Mixed (return+fresh) | V14: Y | W14: N | X14: Y | Y14: =IF($C14="","",CF14) -> 970914.06 | Z14: =IF($C14="","",Y14/$C14) -> 48.545703 | AA14: =IF($C14="","",IF(E14=0,"",CF14/E14)) -> 16181.901 | AB14: =IF($C14="","",BJ14+BN14+AV14+AZ14+BB14+BY14) -> 906.4311 | AC14: =IF($C14="","",BJ14) -> 144.31548 | AD14: =IF($C14="","",BN14) -> 63.811871 | AE14: =IF($C14="","",AV14) -> 579.49386 | AF14: =IF($C14="","",AZ14) -> 41.194684 | AG14: =IF($C14="","",BR14) -> 15 | AH14: =IF($C14="","",ROUND(AN14,2)&" x "&ROUND(AO14,2)&" x "&ROUND(AQ14,2)) -> 2.4 x 1.85 x 3.8 | AJ14: =IF($C14="","",$C14*'Assumptions & Ref'!$C$10) -> 33980 | AK14: =IF($C14="","",AJ14/3600) -> 9.4388889 | AL14: =IF($C14="","",AK14/'Assumptions & Ref'!$C$6) -> 3.7755556 | AM14: =IF($C14="","",AL14/'Assumptions & Ref'!$C$8) -> 4.4418301 | AN14: =IF($C14="","",SQRT(AM14*'Assumptions & Ref'!$C$9)) -> 2.4029938 | AO14: =IF($C14="","",SQRT(AM14/'Assumptions & Ref'!$C$9)) -> 1.8484568 | AP14: =IF($C14="","",'Assumptions & Ref'!$C$14+IF(OR(S14="Pre+Fine",S14="Pre+Fine+HEPA"),'Assumptions & Ref'!$C$15,0)+IF(S14="Pre+Fine+HEPA",'Assumptions & Ref'!$C$16,0)) -> 0.75 | AQ14: =IF($C14="","",IF(V14="Y",'Assumptions & Ref'!$C$13,0)+AP14+'Assumptions & Ref'!$C$17+O14*'Assumptions & Ref'!$C$18+IF(W14="Y",'Assumptions & Ref'!$C$19,0)+'Assumptions & Ref'!$C$20+IF(X14="Y",'Assumptions & Ref'!$C$21,0)) -> 3.8 | AR14: =IF($C14="","",2*(AN14+AO14)*AQ14+2*AN14*AO14) -> 41.194684 | AS14: =IF($C14="","",IF(H14="Double skin",2,1)) -> 2 | AT14: =IF($C14="","",INDEX($C$5:$I$5,MATCH(J14,$C$4:$I$4,0))) -> 7850 | AU14: =IF($C14="","",INDEX($C$6:$I$6,MATCH(J14,$C$4:$I$4,0))) -> 95 | AV14: =IF($C14="","",AR14*AS14*I14/1000*AT14*(1+'Assumptions & Ref'!$C$75)) -> 579.49386 | AW14: =IF($C14="","",INDEX($C$5:$I$5,MATCH(K14,$C$4:$I$4,0))) -> 40 | AX14: =IF($C14="","",INDEX($C$6:$I$6,MATCH(K14,$C$4:$I$4,0))) -> 350 | AY14: =IF($C14="","",AR14*L14/1000) -> 1.0298671 | AZ14: =IF($C14="","",AY14*AW14) -> 41.194684 | BA14: =IF($C14="","",4*(AN14+AO14+AQ14)) -> 32.205802 | BB14: =IF($C14="","",BA14*'Assumptions & Ref'!$C$76) -> 59.580734 | BC14: =IF($C14="","",BB14*'Assumptions & Ref'!$C$77) -> 20257.45 | BD14: =IF($C14="","",SQRT(AL14/'Assumptions & Ref'!$C$9)) -> 1.7041929 | BE14: =IF($C14="","",SQRT(AL14*'Assumptions & Ref'!$C$9)) -> 2.2154508 | BF14: =IF($C14="","",BD14*1000/'Assumptions & Ref'!$C$27) -> 68.167717 | BG14: =IF($C14="","",BF14*O14) -> 409.0063 | BH14: =IF($C14="","",BG14*BE14*(1+'Assumptions & Ref'!$C$29)) -> 1042.0533 | BI14: =IF($C14="","",PI()*('Assumptions & Ref'!$C$25-'Assumptions & Ref'!$C$26)/1000*'Assumptions & Ref'!$C$26/1000*$C$5) -> 0.13849146 | BJ14: =IF($C14="","",BH14*BI14) -> 144.31548 | BK14: =IF($C14="","",BE14*1000*P14/25.4) -> 1046.6697 | BL14: =IF($C14="","",O14*'Assumptions & Ref'!$C$28/1000) -> 0.1299 | BM14: =IF($C14="","",BD14*BL14*(1-'Assumptions & Ref'!$C$31)) -> 0.18816846 | BN14: =IF($C14="","",BK14*BM14*'Assumptions & Ref'!$C$30/1000*INDEX($C$5:$I$5,MATCH(R14,$C$4:$I$4,0))) -> 63.811871 | BO14: =IF($C14="","",'Assumptions & Ref'!$C$34+O14*'Assumptions & Ref'!$C$35+'Assumptions & Ref'!$C$36+IF(OR(S14="Pre+Fine",S14="Pre+Fine+HEPA"),'Assumptions & Ref'!$C$37,0)+IF(S14="Pre+Fine+HEPA",'Assumptions & Ref'!$C$38,0)) -> 422 | BP14: =IF($C14="","",G14+BO14) -> 772 | BQ14: =IF($C14="","",AK14*BP14/(1000*IF(M14="Plug fan",'Assumptions & Ref'!$C$39,'Assumptions & Ref'!$C$40)*'Assumptions & Ref'!$C$41)) -> 11.906572 | BR14: =IF($C14="","",IFERROR(INDEX('Assumptions & Ref'!$B$44:$B$61,MATCH(BQ14,'Assumptions & Ref'!$B$44:$B$61,1)+IF(INDEX('Assumptions & Ref'!$B$44:$B$61,MATCH(BQ14,'Assumptions & Ref'!$B$44:$B$61,1))>=BQ14,0,1)),INDEX('Assumptions & Ref'!$B$44:$B$61,1))) -> 15 | BS14: =IF($C14="","",BR14*IF(M14="Plug fan",'Assumptions & Ref'!$C$64,'Assumptions & Ref'!$C$65)) -> 217500 | BT14: =IF($C14="","",IF(N14="Y",BR14*'Assumptions & Ref'!$C$66,0)) -> 112500 | BU14: =IF($C14="","",AM14) -> 4.4418301 | BV14: =IF($C14="","",BU14*('Assumptions & Ref'!$C$67+IF(OR(S14="Pre+Fine",S14="Pre+Fine+HEPA"),'Assumptions & Ref'!$C$68,0)+IF(S14="Pre+Fine+HEPA",'Assumptions & Ref'!$C$69,0))) -> 20432.418 | BW14: =IF($C14="","",AM14*IF(U14="Mixed (return+fresh)",2,1)) -> 8.8836601 | BX14: =IF($C14="","",BW14*'Assumptions & Ref'!$C$70) -> 46195.033 | BY14: =IF($C14="","",AN14*('Assumptions & Ref'!$C$17+O14*'Assumptions & Ref'!$C$18+0.2)*'Assumptions & Ref'!$C$81/1000*$G$5) -> 18.034468 | BZ14: =IF($C14="","",BY14*$G$6) -> 4688.9618 | CA14: =IF($C14="","",BJ14*$C$6+BN14*INDEX($C$6:$I$6,MATCH(R14,$C$4:$I$4,0))+AV14*AU14+AZ14*AX14+BC14+BZ14) -> 313049.23 | CB14: =IF($C14="","",BS14+BT14+BV14+BX14) -> 396627.45 | CC14: =IF($C14="","",(AV14+BB14)*'Assumptions & Ref'!$C$78+(BJ14+BN14)*'Assumptions & Ref'!$C$80) -> 78402.912 | CD14: =IF($C14="","",'Assumptions & Ref'!$C$84*(CA14+CB14+CC14)) -> 78807.96 | CE14: =IF($C14="","",'Assumptions & Ref'!$C$85*(CA14+CB14+CC14+CD14)) -> 104026.51 | CF14: =IF($C14="","",CA14+CB14+CC14+CD14+CE14) -> 970914.06 | CH14: =IF($C14="","",CA14) -> 313049.23 | CI14: =IF($C14="","",CB14+CC14) -> 475030.36 | CJ14: =IF($C14="","",CD14+CE14) -> 182834.47
Y15: =IF($C15="","",CF15) | Z15: =IF($C15="","",Y15/$C15) | AA15: =IF($C15="","",IF(E15=0,"",CF15/E15)) | AB15: =IF($C15="","",BJ15+BN15+AV15+AZ15+BB15+BY15) | AC15: =IF($C15="","",BJ15) | AD15: =IF($C15="","",BN15) | AE15: =IF($C15="","",AV15) | AF15: =IF($C15="","",AZ15) | AG15: =IF($C15="","",BR15) | AH15: =IF($C15="","",ROUND(AN15,2)&" x "&ROUND(AO15,2)&" x "&ROUND(AQ15,2)) | AJ15: =IF($C15="","",$C15*'Assumptions & Ref'!$C$10) | AK15: =IF($C15="","",AJ15/3600) | AL15: =IF($C15="","",AK15/'Assumptions & Ref'!$C$6) | AM15: =IF($C15="","",AL15/'Assumptions & Ref'!$C$8) | AN15: =IF($C15="","",SQRT(AM15*'Assumptions & Ref'!$C$9)) | AO15: =IF($C15="","",SQRT(AM15/'Assumptions & Ref'!$C$9)) | AP15: =IF($C15="","",'Assumptions & Ref'!$C$14+IF(OR(S15="Pre+Fine",S15="Pre+Fine+HEPA"),'Assumptions & Ref'!$C$15,0)+IF(S15="Pre+Fine+HEPA",'Assumptions & Ref'!$C$16,0)) | AQ15: =IF($C15="","",IF(V15="Y",'Assumptions & Ref'!$C$13,0)+AP15+'Assumptions & Ref'!$C$17+O15*'Assumptions & Ref'!$C$18+IF(W15="Y",'Assumptions & Ref'!$C$19,0)+'Assumptions & Ref'!$C$20+IF(X15="Y",'Assumptions & Ref'!$C$21,0)) | AR15: =IF($C15="","",2*(AN15+AO15)*AQ15+2*AN15*AO15) | AS15: =IF($C15="","",IF(H15="Double skin",2,1)) | AT15: =IF($C15="","",INDEX($C$5:$I$5,MATCH(J15,$C$4:$I$4,0))) | AU15: =IF($C15="","",INDEX($C$6:$I$6,MATCH(J15,$C$4:$I$4,0))) | AV15: =IF($C15="","",AR15*AS15*I15/1000*AT15*(1+'Assumptions & Ref'!$C$75)) | AW15: =IF($C15="","",INDEX($C$5:$I$5,MATCH(K15,$C$4:$I$4,0))) | AX15: =IF($C15="","",INDEX($C$6:$I$6,MATCH(K15,$C$4:$I$4,0))) | AY15: =IF($C15="","",AR15*L15/1000) | AZ15: =IF($C15="","",AY15*AW15) | BA15: =IF($C15="","",4*(AN15+AO15+AQ15)) | BB15: =IF($C15="","",BA15*'Assumptions & Ref'!$C$76) | BC15: =IF($C15="","",BB15*'Assumptions & Ref'!$C$77) | BD15: =IF($C15="","",SQRT(AL15/'Assumptions & Ref'!$C$9)) | BE15: =IF($C15="","",SQRT(AL15*'Assumptions & Ref'!$C$9)) | BF15: =IF($C15="","",BD15*1000/'Assumptions & Ref'!$C$27) | BG15: =IF($C15="","",BF15*O15) | BH15: =IF($C15="","",BG15*BE15*(1+'Assumptions & Ref'!$C$29)) | BI15: =IF($C15="","",PI()*('Assumptions & Ref'!$C$25-'Assumptions & Ref'!$C$26)/1000*'Assumptions & Ref'!$C$26/1000*$C$5) | BJ15: =IF($C15="","",BH15*BI15) | BK15: =IF($C15="","",BE15*1000*P15/25.4) | BL15: =IF($C15="","",O15*'Assumptions & Ref'!$C$28/1000) | BM15: =IF($C15="","",BD15*BL15*(1-'Assumptions & Ref'!$C$31)) | BN15: =IF($C15="","",BK15*BM15*'Assumptions & Ref'!$C$30/1000*INDEX($C$5:$I$5,MATCH(R15,$C$4:$I$4,0))) | BO15: =IF($C15="","",'Assumptions & Ref'!$C$34+O15*'Assumptions & Ref'!$C$35+'Assumptions & Ref'!$C$36+IF(OR(S15="Pre+Fine",S15="Pre+Fine+HEPA"),'Assumptions & Ref'!$C$37,0)+IF(S15="Pre+Fine+HEPA",'Assumptions & Ref'!$C$38,0)) | BP15: =IF($C15="","",G15+BO15) | BQ15: =IF($C15="","",AK15*BP15/(1000*IF(M15="Plug fan",'Assumptions & Ref'!$C$39,'Assumptions & Ref'!$C$40)*'Assumptions & Ref'!$C$41)) | BR15: =IF($C15="","",IFERROR(INDEX('Assumptions & Ref'!$B$44:$B$61,MATCH(BQ15,'Assumptions & Ref'!$B$44:$B$61,1)+IF(INDEX('Assumptions & Ref'!$B$44:$B$61,MATCH(BQ15,'Assumptions & Ref'!$B$44:$B$61,1))>=BQ15,0,1)),INDEX('Assumptions & Ref'!$B$44:$B$61,1))) | BS15: =IF($C15="","",BR15*IF(M15="Plug fan",'Assumptions & Ref'!$C$64,'Assumptions & Ref'!$C$65)) | BT15: =IF($C15="","",IF(N15="Y",BR15*'Assumptions & Ref'!$C$66,0)) | BU15: =IF($C15="","",AM15) | BV15: =IF($C15="","",BU15*('Assumptions & Ref'!$C$67+IF(OR(S15="Pre+Fine",S15="Pre+Fine+HEPA"),'Assumptions & Ref'!$C$68,0)+IF(S15="Pre+Fine+HEPA",'Assumptions & Ref'!$C$69,0))) | BW15: =IF($C15="","",AM15*IF(U15="Mixed (return+fresh)",2,1)) | BX15: =IF($C15="","",BW15*'Assumptions & Ref'!$C$70) | BY15: =IF($C15="","",AN15*('Assumptions & Ref'!$C$17+O15*'Assumptions & Ref'!$C$18+0.2)*'Assumptions & Ref'!$C$81/1000*$G$5) | BZ15: =IF($C15="","",BY15*$G$6) | CA15: =IF($C15="","",BJ15*$C$6+BN15*INDEX($C$6:$I$6,MATCH(R15,$C$4:$I$4,0))+AV15*AU15+AZ15*AX15+BC15+BZ15) | CB15: =IF($C15="","",BS15+BT15+BV15+BX15) | CC15: =IF($C15="","",(AV15+BB15)*'Assumptions & Ref'!$C$78+(BJ15+BN15)*'Assumptions & Ref'!$C$80) | CD15: =IF($C15="","",'Assumptions & Ref'!$C$84*(CA15+CB15+CC15)) | CE15: =IF($C15="","",'Assumptions & Ref'!$C$85*(CA15+CB15+CC15+CD15)) | CF15: =IF($C15="","",CA15+CB15+CC15+CD15+CE15) | CH15: =IF($C15="","",CA15) | CI15: =IF($C15="","",CB15+CC15) | CJ15: =IF($C15="","",CD15+CE15)
Y16: =IF($C16="","",CF16) | Z16: =IF($C16="","",Y16/$C16) | AA16: =IF($C16="","",IF(E16=0,"",CF16/E16)) | AB16: =IF($C16="","",BJ16+BN16+AV16+AZ16+BB16+BY16) | AC16: =IF($C16="","",BJ16) | AD16: =IF($C16="","",BN16) | AE16: =IF($C16="","",AV16) | AF16: =IF($C16="","",AZ16) | AG16: =IF($C16="","",BR16) | AH16: =IF($C16="","",ROUND(AN16,2)&" x "&ROUND(AO16,2)&" x "&ROUND(AQ16,2)) | AJ16: =IF($C16="","",$C16*'Assumptions & Ref'!$C$10) | AK16: =IF($C16="","",AJ16/3600) | AL16: =IF($C16="","",AK16/'Assumptions & Ref'!$C$6) | AM16: =IF($C16="","",AL16/'Assumptions & Ref'!$C$8) | AN16: =IF($C16="","",SQRT(AM16*'Assumptions & Ref'!$C$9)) | AO16: =IF($C16="","",SQRT(AM16/'Assumptions & Ref'!$C$9)) | AP16: =IF($C16="","",'Assumptions & Ref'!$C$14+IF(OR(S16="Pre+Fine",S16="Pre+Fine+HEPA"),'Assumptions & Ref'!$C$15,0)+IF(S16="Pre+Fine+HEPA",'Assumptions & Ref'!$C$16,0)) | AQ16: =IF($C16="","",IF(V16="Y",'Assumptions & Ref'!$C$13,0)+AP16+'Assumptions & Ref'!$C$17+O16*'Assumptions & Ref'!$C$18+IF(W16="Y",'Assumptions & Ref'!$C$19,0)+'Assumptions & Ref'!$C$20+IF(X16="Y",'Assumptions & Ref'!$C$21,0)) | AR16: =IF($C16="","",2*(AN16+AO16)*AQ16+2*AN16*AO16) | AS16: =IF($C16="","",IF(H16="Double skin",2,1)) | AT16: =IF($C16="","",INDEX($C$5:$I$5,MATCH(J16,$C$4:$I$4,0))) | AU16: =IF($C16="","",INDEX($C$6:$I$6,MATCH(J16,$C$4:$I$4,0))) | AV16: =IF($C16="","",AR16*AS16*I16/1000*AT16*(1+'Assumptions & Ref'!$C$75)) | AW16: =IF($C16="","",INDEX($C$5:$I$5,MATCH(K16,$C$4:$I$4,0))) | AX16: =IF($C16="","",INDEX($C$6:$I$6,MATCH(K16,$C$4:$I$4,0))) | AY16: =IF($C16="","",AR16*L16/1000) | AZ16: =IF($C16="","",AY16*AW16) | BA16: =IF($C16="","",4*(AN16+AO16+AQ16)) | BB16: =IF($C16="","",BA16*'Assumptions & Ref'!$C$76) | BC16: =IF($C16="","",BB16*'Assumptions & Ref'!$C$77) | BD16: =IF($C16="","",SQRT(AL16/'Assumptions & Ref'!$C$9)) | BE16: =IF($C16="","",SQRT(AL16*'Assumptions & Ref'!$C$9)) | BF16: =IF($C16="","",BD16*1000/'Assumptions & Ref'!$C$27) | BG16: =IF($C16="","",BF16*O16) | BH16: =IF($C16="","",BG16*BE16*(1+'Assumptions & Ref'!$C$29)) | BI16: =IF($C16="","",PI()*('Assumptions & Ref'!$C$25-'Assumptions & Ref'!$C$26)/1000*'Assumptions & Ref'!$C$26/1000*$C$5) | BJ16: =IF($C16="","",BH16*BI16) | BK16: =IF($C16="","",BE16*1000*P16/25.4) | BL16: =IF($C16="","",O16*'Assumptions & Ref'!$C$28/1000) | BM16: =IF($C16="","",BD16*BL16*(1-'Assumptions & Ref'!$C$31)) | BN16: =IF($C16="","",BK16*BM16*'Assumptions & Ref'!$C$30/1000*INDEX($C$5:$I$5,MATCH(R16,$C$4:$I$4,0))) | BO16: =IF($C16="","",'Assumptions & Ref'!$C$34+O16*'Assumptions & Ref'!$C$35+'Assumptions & Ref'!$C$36+IF(OR(S16="Pre+Fine",S16="Pre+Fine+HEPA"),'Assumptions & Ref'!$C$37,0)+IF(S16="Pre+Fine+HEPA",'Assumptions & Ref'!$C$38,0)) | BP16: =IF($C16="","",G16+BO16) | BQ16: =IF($C16="","",AK16*BP16/(1000*IF(M16="Plug fan",'Assumptions & Ref'!$C$39,'Assumptions & Ref'!$C$40)*'Assumptions & Ref'!$C$41)) | BR16: =IF($C16="","",IFERROR(INDEX('Assumptions & Ref'!$B$44:$B$61,MATCH(BQ16,'Assumptions & Ref'!$B$44:$B$61,1)+IF(INDEX('Assumptions & Ref'!$B$44:$B$61,MATCH(BQ16,'Assumptions & Ref'!$B$44:$B$61,1))>=BQ16,0,1)),INDEX('Assumptions & Ref'!$B$44:$B$61,1))) | BS16: =IF($C16="","",BR16*IF(M16="Plug fan",'Assumptions & Ref'!$C$64,'Assumptions & Ref'!$C$65)) | BT16: =IF($C16="","",IF(N16="Y",BR16*'Assumptions & Ref'!$C$66,0)) | BU16: =IF($C16="","",AM16) | BV16: =IF($C16="","",BU16*('Assumptions & Ref'!$C$67+IF(OR(S16="Pre+Fine",S16="Pre+Fine+HEPA"),'Assumptions & Ref'!$C$68,0)+IF(S16="Pre+Fine+HEPA",'Assumptions & Ref'!$C$69,0))) | BW16: =IF($C16="","",AM16*IF(U16="Mixed (return+fresh)",2,1)) | BX16: =IF($C16="","",BW16*'Assumptions & Ref'!$C$70) | BY16: =IF($C16="","",AN16*('Assumptions & Ref'!$C$17+O16*'Assumptions & Ref'!$C$18+0.2)*'Assumptions & Ref'!$C$81/1000*$G$5) | BZ16: =IF($C16="","",BY16*$G$6) | CA16: =IF($C16="","",BJ16*$C$6+BN16*INDEX($C$6:$I$6,MATCH(R16,$C$4:$I$4,0))+AV16*AU16+AZ16*AX16+BC16+BZ16) | CB16: =IF($C16="","",BS16+BT16+BV16+BX16) | CC16: =IF($C16="","",(AV16+BB16)*'Assumptions & Ref'!$C$78+(BJ16+BN16)*'Assumptions & Ref'!$C$80) | CD16: =IF($C16="","",'Assumptions & Ref'!$C$84*(CA16+CB16+CC16)) | CE16: =IF($C16="","",'Assumptions & Ref'!$C$85*(CA16+CB16+CC16+CD16)) | CF16: =IF($C16="","",CA16+CB16+CC16+CD16+CE16) | CH16: =IF($C16="","",CA16) | CI16: =IF($C16="","",CB16+CC16) | CJ16: =IF($C16="","",CD16+CE16)
Y17: =IF($C17="","",CF17) | Z17: =IF($C17="","",Y17/$C17) | AA17: =IF($C17="","",IF(E17=0,"",CF17/E17)) | AB17: =IF($C17="","",BJ17+BN17+AV17+AZ17+BB17+BY17) | AC17: =IF($C17="","",BJ17) | AD17: =IF($C17="","",BN17) | AE17: =IF($C17="","",AV17) | AF17: =IF($C17="","",AZ17) | AG17: =IF($C17="","",BR17) | AH17: =IF($C17="","",ROUND(AN17,2)&" x "&ROUND(AO17,2)&" x "&ROUND(AQ17,2)) | AJ17: =IF($C17="","",$C17*'Assumptions & Ref'!$C$10) | AK17: =IF($C17="","",AJ17/3600) | AL17: =IF($C17="","",AK17/'Assumptions & Ref'!$C$6) | AM17: =IF($C17="","",AL17/'Assumptions & Ref'!$C$8) | AN17: =IF($C17="","",SQRT(AM17*'Assumptions & Ref'!$C$9)) | AO17: =IF($C17="","",SQRT(AM17/'Assumptions & Ref'!$C$9)) | AP17: =IF($C17="","",'Assumptions & Ref'!$C$14+IF(OR(S17="Pre+Fine",S17="Pre+Fine+HEPA"),'Assumptions & Ref'!$C$15,0)+IF(S17="Pre+Fine+HEPA",'Assumptions & Ref'!$C$16,0)) | AQ17: =IF($C17="","",IF(V17="Y",'Assumptions & Ref'!$C$13,0)+AP17+'Assumptions & Ref'!$C$17+O17*'Assumptions & Ref'!$C$18+IF(W17="Y",'Assumptions & Ref'!$C$19,0)+'Assumptions & Ref'!$C$20+IF(X17="Y",'Assumptions & Ref'!$C$21,0)) | AR17: =IF($C17="","",2*(AN17+AO17)*AQ17+2*AN17*AO17) | AS17: =IF($C17="","",IF(H17="Double skin",2,1)) | AT17: =IF($C17="","",INDEX($C$5:$I$5,MATCH(J17,$C$4:$I$4,0))) | AU17: =IF($C17="","",INDEX($C$6:$I$6,MATCH(J17,$C$4:$I$4,0))) | AV17: =IF($C17="","",AR17*AS17*I17/1000*AT17*(1+'Assumptions & Ref'!$C$75)) | AW17: =IF($C17="","",INDEX($C$5:$I$5,MATCH(K17,$C$4:$I$4,0))) | AX17: =IF($C17="","",INDEX($C$6:$I$6,MATCH(K17,$C$4:$I$4,0))) | AY17: =IF($C17="","",AR17*L17/1000) | AZ17: =IF($C17="","",AY17*AW17) | BA17: =IF($C17="","",4*(AN17+AO17+AQ17)) | BB17: =IF($C17="","",BA17*'Assumptions & Ref'!$C$76) | BC17: =IF($C17="","",BB17*'Assumptions & Ref'!$C$77) | BD17: =IF($C17="","",SQRT(AL17/'Assumptions & Ref'!$C$9)) | BE17: =IF($C17="","",SQRT(AL17*'Assumptions & Ref'!$C$9)) | BF17: =IF($C17="","",BD17*1000/'Assumptions & Ref'!$C$27) | BG17: =IF($C17="","",BF17*O17) | BH17: =IF($C17="","",BG17*BE17*(1+'Assumptions & Ref'!$C$29)) | BI17: =IF($C17="","",PI()*('Assumptions & Ref'!$C$25-'Assumptions & Ref'!$C$26)/1000*'Assumptions & Ref'!$C$26/1000*$C$5) | BJ17: =IF($C17="","",BH17*BI17) | BK17: =IF($C17="","",BE17*1000*P17/25.4) | BL17: =IF($C17="","",O17*'Assumptions & Ref'!$C$28/1000) | BM17: =IF($C17="","",BD17*BL17*(1-'Assumptions & Ref'!$C$31)) | BN17: =IF($C17="","",BK17*BM17*'Assumptions & Ref'!$C$30/1000*INDEX($C$5:$I$5,MATCH(R17,$C$4:$I$4,0))) | BO17: =IF($C17="","",'Assumptions & Ref'!$C$34+O17*'Assumptions & Ref'!$C$35+'Assumptions & Ref'!$C$36+IF(OR(S17="Pre+Fine",S17="Pre+Fine+HEPA"),'Assumptions & Ref'!$C$37,0)+IF(S17="Pre+Fine+HEPA",'Assumptions & Ref'!$C$38,0)) | BP17: =IF($C17="","",G17+BO17) | BQ17: =IF($C17="","",AK17*BP17/(1000*IF(M17="Plug fan",'Assumptions & Ref'!$C$39,'Assumptions & Ref'!$C$40)*'Assumptions & Ref'!$C$41)) | BR17: =IF($C17="","",IFERROR(INDEX('Assumptions & Ref'!$B$44:$B$61,MATCH(BQ17,'Assumptions & Ref'!$B$44:$B$61,1)+IF(INDEX('Assumptions & Ref'!$B$44:$B$61,MATCH(BQ17,'Assumptions & Ref'!$B$44:$B$61,1))>=BQ17,0,1)),INDEX('Assumptions & Ref'!$B$44:$B$61,1))) | BS17: =IF($C17="","",BR17*IF(M17="Plug fan",'Assumptions & Ref'!$C$64,'Assumptions & Ref'!$C$65)) | BT17: =IF($C17="","",IF(N17="Y",BR17*'Assumptions & Ref'!$C$66,0)) | BU17: =IF($C17="","",AM17) | BV17: =IF($C17="","",BU17*('Assumptions & Ref'!$C$67+IF(OR(S17="Pre+Fine",S17="Pre+Fine+HEPA"),'Assumptions & Ref'!$C$68,0)+IF(S17="Pre+Fine+HEPA",'Assumptions & Ref'!$C$69,0))) | BW17: =IF($C17="","",AM17*IF(U17="Mixed (return+fresh)",2,1)) | BX17: =IF($C17="","",BW17*'Assumptions & Ref'!$C$70) | BY17: =IF($C17="","",AN17*('Assumptions & Ref'!$C$17+O17*'Assumptions & Ref'!$C$18+0.2)*'Assumptions & Ref'!$C$81/1000*$G$5) | BZ17: =IF($C17="","",BY17*$G$6) | CA17: =IF($C17="","",BJ17*$C$6+BN17*INDEX($C$6:$I$6,MATCH(R17,$C$4:$I$4,0))+AV17*AU17+AZ17*AX17+BC17+BZ17) | CB17: =IF($C17="","",BS17+BT17+BV17+BX17) | CC17: =IF($C17="","",(AV17+BB17)*'Assumptions & Ref'!$C$78+(BJ17+BN17)*'Assumptions & Ref'!$C$80) | CD17: =IF($C17="","",'Assumptions & Ref'!$C$84*(CA17+CB17+CC17)) | CE17: =IF($C17="","",'Assumptions & Ref'!$C$85*(CA17+CB17+CC17+CD17)) | CF17: =IF($C17="","",CA17+CB17+CC17+CD17+CE17) | CH17: =IF($C17="","",CA17) | CI17: =IF($C17="","",CB17+CC17) | CJ17: =IF($C17="","",CD17+CE17)
Y18: =IF($C18="","",CF18) | Z18: =IF($C18="","",Y18/$C18) | AA18: =IF($C18="","",IF(E18=0,"",CF18/E18)) | AB18: =IF($C18="","",BJ18+BN18+AV18+AZ18+BB18+BY18) | AC18: =IF($C18="","",BJ18) | AD18: =IF($C18="","",BN18) | AE18: =IF($C18="","",AV18) | AF18: =IF($C18="","",AZ18) | AG18: =IF($C18="","",BR18) | AH18: =IF($C18="","",ROUND(AN18,2)&" x "&ROUND(AO18,2)&" x "&ROUND(AQ18,2)) | AJ18: =IF($C18="","",$C18*'Assumptions & Ref'!$C$10) | AK18: =IF($C18="","",AJ18/3600) | AL18: =IF($C18="","",AK18/'Assumptions & Ref'!$C$6) | AM18: =IF($C18="","",AL18/'Assumptions & Ref'!$C$8) | AN18: =IF($C18="","",SQRT(AM18*'Assumptions & Ref'!$C$9)) | AO18: =IF($C18="","",SQRT(AM18/'Assumptions & Ref'!$C$9)) | AP18: =IF($C18="","",'Assumptions & Ref'!$C$14+IF(OR(S18="Pre+Fine",S18="Pre+Fine+HEPA"),'Assumptions & Ref'!$C$15,0)+IF(S18="Pre+Fine+HEPA",'Assumptions & Ref'!$C$16,0)) | AQ18: =IF($C18="","",IF(V18="Y",'Assumptions & Ref'!$C$13,0)+AP18+'Assumptions & Ref'!$C$17+O18*'Assumptions & Ref'!$C$18+IF(W18="Y",'Assumptions & Ref'!$C$19,0)+'Assumptions & Ref'!$C$20+IF(X18="Y",'Assumptions & Ref'!$C$21,0)) | AR18: =IF($C18="","",2*(AN18+AO18)*AQ18+2*AN18*AO18) | AS18: =IF($C18="","",IF(H18="Double skin",2,1)) | AT18: =IF($C18="","",INDEX($C$5:$I$5,MATCH(J18,$C$4:$I$4,0))) | AU18: =IF($C18="","",INDEX($C$6:$I$6,MATCH(J18,$C$4:$I$4,0))) | AV18: =IF($C18="","",AR18*AS18*I18/1000*AT18*(1+'Assumptions & Ref'!$C$75)) | AW18: =IF($C18="","",INDEX($C$5:$I$5,MATCH(K18,$C$4:$I$4,0))) | AX18: =IF($C18="","",INDEX($C$6:$I$6,MATCH(K18,$C$4:$I$4,0))) | AY18: =IF($C18="","",AR18*L18/1000) | AZ18: =IF($C18="","",AY18*AW18) | BA18: =IF($C18="","",4*(AN18+AO18+AQ18)) | BB18: =IF($C18="","",BA18*'Assumptions & Ref'!$C$76) | BC18: =IF($C18="","",BB18*'Assumptions & Ref'!$C$77) | BD18: =IF($C18="","",SQRT(AL18/'Assumptions & Ref'!$C$9)) | BE18: =IF($C18="","",SQRT(AL18*'Assumptions & Ref'!$C$9)) | BF18: =IF($C18="","",BD18*1000/'Assumptions & Ref'!$C$27) | BG18: =IF($C18="","",BF18*O18) | BH18: =IF($C18="","",BG18*BE18*(1+'Assumptions & Ref'!$C$29)) | BI18: =IF($C18="","",PI()*('Assumptions & Ref'!$C$25-'Assumptions & Ref'!$C$26)/1000*'Assumptions & Ref'!$C$26/1000*$C$5) | BJ18: =IF($C18="","",BH18*BI18) | BK18: =IF($C18="","",BE18*1000*P18/25.4) | BL18: =IF($C18="","",O18*'Assumptions & Ref'!$C$28/1000) | BM18: =IF($C18="","",BD18*BL18*(1-'Assumptions & Ref'!$C$31)) | BN18: =IF($C18="","",BK18*BM18*'Assumptions & Ref'!$C$30/1000*INDEX($C$5:$I$5,MATCH(R18,$C$4:$I$4,0))) | BO18: =IF($C18="","",'Assumptions & Ref'!$C$34+O18*'Assumptions & Ref'!$C$35+'Assumptions & Ref'!$C$36+IF(OR(S18="Pre+Fine",S18="Pre+Fine+HEPA"),'Assumptions & Ref'!$C$37,0)+IF(S18="Pre+Fine+HEPA",'Assumptions & Ref'!$C$38,0)) | BP18: =IF($C18="","",G18+BO18) | BQ18: =IF($C18="","",AK18*BP18/(1000*IF(M18="Plug fan",'Assumptions & Ref'!$C$39,'Assumptions & Ref'!$C$40)*'Assumptions & Ref'!$C$41)) | BR18: =IF($C18="","",IFERROR(INDEX('Assumptions & Ref'!$B$44:$B$61,MATCH(BQ18,'Assumptions & Ref'!$B$44:$B$61,1)+IF(INDEX('Assumptions & Ref'!$B$44:$B$61,MATCH(BQ18,'Assumptions & Ref'!$B$44:$B$61,1))>=BQ18,0,1)),INDEX('Assumptions & Ref'!$B$44:$B$61,1))) | BS18: =IF($C18="","",BR18*IF(M18="Plug fan",'Assumptions & Ref'!$C$64,'Assumptions & Ref'!$C$65)) | BT18: =IF($C18="","",IF(N18="Y",BR18*'Assumptions & Ref'!$C$66,0)) | BU18: =IF($C18="","",AM18) | BV18: =IF($C18="","",BU18*('Assumptions & Ref'!$C$67+IF(OR(S18="Pre+Fine",S18="Pre+Fine+HEPA"),'Assumptions & Ref'!$C$68,0)+IF(S18="Pre+Fine+HEPA",'Assumptions & Ref'!$C$69,0))) | BW18: =IF($C18="","",AM18*IF(U18="Mixed (return+fresh)",2,1)) | BX18: =IF($C18="","",BW18*'Assumptions & Ref'!$C$70) | BY18: =IF($C18="","",AN18*('Assumptions & Ref'!$C$17+O18*'Assumptions & Ref'!$C$18+0.2)*'Assumptions & Ref'!$C$81/1000*$G$5) | BZ18: =IF($C18="","",BY18*$G$6) | CA18: =IF($C18="","",BJ18*$C$6+BN18*INDEX($C$6:$I$6,MATCH(R18,$C$4:$I$4,0))+AV18*AU18+AZ18*AX18+BC18+BZ18) | CB18: =IF($C18="","",BS18+BT18+BV18+BX18) | CC18: =IF($C18="","",(AV18+BB18)*'Assumptions & Ref'!$C$78+(BJ18+BN18)*'Assumptions & Ref'!$C$80) | CD18: =IF($C18="","",'Assumptions & Ref'!$C$84*(CA18+CB18+CC18)) | CE18: =IF($C18="","",'Assumptions & Ref'!$C$85*(CA18+CB18+CC18+CD18)) | CF18: =IF($C18="","",CA18+CB18+CC18+CD18+CE18) | CH18: =IF($C18="","",CA18) | CI18: =IF($C18="","",CB18+CC18) | CJ18: =IF($C18="","",CD18+CE18)
Y19: =IF($C19="","",CF19) | Z19: =IF($C19="","",Y19/$C19) | AA19: =IF($C19="","",IF(E19=0,"",CF19/E19)) | AB19: =IF($C19="","",BJ19+BN19+AV19+AZ19+BB19+BY19) | AC19: =IF($C19="","",BJ19) | AD19: =IF($C19="","",BN19) | AE19: =IF($C19="","",AV19) | AF19: =IF($C19="","",AZ19) | AG19: =IF($C19="","",BR19) | AH19: =IF($C19="","",ROUND(AN19,2)&" x "&ROUND(AO19,2)&" x "&ROUND(AQ19,2)) | AJ19: =IF($C19="","",$C19*'Assumptions & Ref'!$C$10) | AK19: =IF($C19="","",AJ19/3600) | AL19: =IF($C19="","",AK19/'Assumptions & Ref'!$C$6) | AM19: =IF($C19="","",AL19/'Assumptions & Ref'!$C$8) | AN19: =IF($C19="","",SQRT(AM19*'Assumptions & Ref'!$C$9)) | AO19: =IF($C19="","",SQRT(AM19/'Assumptions & Ref'!$C$9)) | AP19: =IF($C19="","",'Assumptions & Ref'!$C$14+IF(OR(S19="Pre+Fine",S19="Pre+Fine+HEPA"),'Assumptions & Ref'!$C$15,0)+IF(S19="Pre+Fine+HEPA",'Assumptions & Ref'!$C$16,0)) | AQ19: =IF($C19="","",IF(V19="Y",'Assumptions & Ref'!$C$13,0)+AP19+'Assumptions & Ref'!$C$17+O19*'Assumptions & Ref'!$C$18+IF(W19="Y",'Assumptions & Ref'!$C$19,0)+'Assumptions & Ref'!$C$20+IF(X19="Y",'Assumptions & Ref'!$C$21,0)) | AR19: =IF($C19="","",2*(AN19+AO19)*AQ19+2*AN19*AO19) | AS19: =IF($C19="","",IF(H19="Double skin",2,1)) | AT19: =IF($C19="","",INDEX($C$5:$I$5,MATCH(J19,$C$4:$I$4,0))) | AU19: =IF($C19="","",INDEX($C$6:$I$6,MATCH(J19,$C$4:$I$4,0))) | AV19: =IF($C19="","",AR19*AS19*I19/1000*AT19*(1+'Assumptions & Ref'!$C$75)) | AW19: =IF($C19="","",INDEX($C$5:$I$5,MATCH(K19,$C$4:$I$4,0))) | AX19: =IF($C19="","",INDEX($C$6:$I$6,MATCH(K19,$C$4:$I$4,0))) | AY19: =IF($C19="","",AR19*L19/1000) | AZ19: =IF($C19="","",AY19*AW19) | BA19: =IF($C19="","",4*(AN19+AO19+AQ19)) | BB19: =IF($C19="","",BA19*'Assumptions & Ref'!$C$76) | BC19: =IF($C19="","",BB19*'Assumptions & Ref'!$C$77) | BD19: =IF($C19="","",SQRT(AL19/'Assumptions & Ref'!$C$9)) | BE19: =IF($C19="","",SQRT(AL19*'Assumptions & Ref'!$C$9)) | BF19: =IF($C19="","",BD19*1000/'Assumptions & Ref'!$C$27) | BG19: =IF($C19="","",BF19*O19) | BH19: =IF($C19="","",BG19*BE19*(1+'Assumptions & Ref'!$C$29)) | BI19: =IF($C19="","",PI()*('Assumptions & Ref'!$C$25-'Assumptions & Ref'!$C$26)/1000*'Assumptions & Ref'!$C$26/1000*$C$5) | BJ19: =IF($C19="","",BH19*BI19) | BK19: =IF($C19="","",BE19*1000*P19/25.4) | BL19: =IF($C19="","",O19*'Assumptions & Ref'!$C$28/1000) | BM19: =IF($C19="","",BD19*BL19*(1-'Assumptions & Ref'!$C$31)) | BN19: =IF($C19="","",BK19*BM19*'Assumptions & Ref'!$C$30/1000*INDEX($C$5:$I$5,MATCH(R19,$C$4:$I$4,0))) | BO19: =IF($C19="","",'Assumptions & Ref'!$C$34+O19*'Assumptions & Ref'!$C$35+'Assumptions & Ref'!$C$36+IF(OR(S19="Pre+Fine",S19="Pre+Fine+HEPA"),'Assumptions & Ref'!$C$37,0)+IF(S19="Pre+Fine+HEPA",'Assumptions & Ref'!$C$38,0)) | BP19: =IF($C19="","",G19+BO19) | BQ19: =IF($C19="","",AK19*BP19/(1000*IF(M19="Plug fan",'Assumptions & Ref'!$C$39,'Assumptions & Ref'!$C$40)*'Assumptions & Ref'!$C$41)) | BR19: =IF($C19="","",IFERROR(INDEX('Assumptions & Ref'!$B$44:$B$61,MATCH(BQ19,'Assumptions & Ref'!$B$44:$B$61,1)+IF(INDEX('Assumptions & Ref'!$B$44:$B$61,MATCH(BQ19,'Assumptions & Ref'!$B$44:$B$61,1))>=BQ19,0,1)),INDEX('Assumptions & Ref'!$B$44:$B$61,1))) | BS19: =IF($C19="","",BR19*IF(M19="Plug fan",'Assumptions & Ref'!$C$64,'Assumptions & Ref'!$C$65)) | BT19: =IF($C19="","",IF(N19="Y",BR19*'Assumptions & Ref'!$C$66,0)) | BU19: =IF($C19="","",AM19) | BV19: =IF($C19="","",BU19*('Assumptions & Ref'!$C$67+IF(OR(S19="Pre+Fine",S19="Pre+Fine+HEPA"),'Assumptions & Ref'!$C$68,0)+IF(S19="Pre+Fine+HEPA",'Assumptions & Ref'!$C$69,0))) | BW19: =IF($C19="","",AM19*IF(U19="Mixed (return+fresh)",2,1)) | BX19: =IF($C19="","",BW19*'Assumptions & Ref'!$C$70) | BY19: =IF($C19="","",AN19*('Assumptions & Ref'!$C$17+O19*'Assumptions & Ref'!$C$18+0.2)*'Assumptions & Ref'!$C$81/1000*$G$5) | BZ19: =IF($C19="","",BY19*$G$6) | CA19: =IF($C19="","",BJ19*$C$6+BN19*INDEX($C$6:$I$6,MATCH(R19,$C$4:$I$4,0))+AV19*AU19+AZ19*AX19+BC19+BZ19) | CB19: =IF($C19="","",BS19+BT19+BV19+BX19) | CC19: =IF($C19="","",(AV19+BB19)*'Assumptions & Ref'!$C$78+(BJ19+BN19)*'Assumptions & Ref'!$C$80) | CD19: =IF($C19="","",'Assumptions & Ref'!$C$84*(CA19+CB19+CC19)) | CE19: =IF($C19="","",'Assumptions & Ref'!$C$85*(CA19+CB19+CC19+CD19)) | CF19: =IF($C19="","",CA19+CB19+CC19+CD19+CE19) | CH19: =IF($C19="","",CA19) | CI19: =IF($C19="","",CB19+CC19) | CJ19: =IF($C19="","",CD19+CE19)
Y20: =IF($C20="","",CF20) | Z20: =IF($C20="","",Y20/$C20) | AA20: =IF($C20="","",IF(E20=0,"",CF20/E20)) | AB20: =IF($C20="","",BJ20+BN20+AV20+AZ20+BB20+BY20) | AC20: =IF($C20="","",BJ20) | AD20: =IF($C20="","",BN20) | AE20: =IF($C20="","",AV20) | AF20: =IF($C20="","",AZ20) | AG20: =IF($C20="","",BR20) | AH20: =IF($C20="","",ROUND(AN20,2)&" x "&ROUND(AO20,2)&" x "&ROUND(AQ20,2)) | AJ20: =IF($C20="","",$C20*'Assumptions & Ref'!$C$10) | AK20: =IF($C20="","",AJ20/3600) | AL20: =IF($C20="","",AK20/'Assumptions & Ref'!$C$6) | AM20: =IF($C20="","",AL20/'Assumptions & Ref'!$C$8) | AN20: =IF($C20="","",SQRT(AM20*'Assumptions & Ref'!$C$9)) | AO20: =IF($C20="","",SQRT(AM20/'Assumptions & Ref'!$C$9)) | AP20: =IF($C20="","",'Assumptions & Ref'!$C$14+IF(OR(S20="Pre+Fine",S20="Pre+Fine+HEPA"),'Assumptions & Ref'!$C$15,0)+IF(S20="Pre+Fine+HEPA",'Assumptions & Ref'!$C$16,0)) | AQ20: =IF($C20="","",IF(V20="Y",'Assumptions & Ref'!$C$13,0)+AP20+'Assumptions & Ref'!$C$17+O20*'Assumptions & Ref'!$C$18+IF(W20="Y",'Assumptions & Ref'!$C$19,0)+'Assumptions & Ref'!$C$20+IF(X20="Y",'Assumptions & Ref'!$C$21,0)) | AR20: =IF($C20="","",2*(AN20+AO20)*AQ20+2*AN20*AO20) | AS20: =IF($C20="","",IF(H20="Double skin",2,1)) | AT20: =IF($C20="","",INDEX($C$5:$I$5,MATCH(J20,$C$4:$I$4,0))) | AU20: =IF($C20="","",INDEX($C$6:$I$6,MATCH(J20,$C$4:$I$4,0))) | AV20: =IF($C20="","",AR20*AS20*I20/1000*AT20*(1+'Assumptions & Ref'!$C$75)) | AW20: =IF($C20="","",INDEX($C$5:$I$5,MATCH(K20,$C$4:$I$4,0))) | AX20: =IF($C20="","",INDEX($C$6:$I$6,MATCH(K20,$C$4:$I$4,0))) | AY20: =IF($C20="","",AR20*L20/1000) | AZ20: =IF($C20="","",AY20*AW20) | BA20: =IF($C20="","",4*(AN20+AO20+AQ20)) | BB20: =IF($C20="","",BA20*'Assumptions & Ref'!$C$76) | BC20: =IF($C20="","",BB20*'Assumptions & Ref'!$C$77) | BD20: =IF($C20="","",SQRT(AL20/'Assumptions & Ref'!$C$9)) | BE20: =IF($C20="","",SQRT(AL20*'Assumptions & Ref'!$C$9)) | BF20: =IF($C20="","",BD20*1000/'Assumptions & Ref'!$C$27) | BG20: =IF($C20="","",BF20*O20) | BH20: =IF($C20="","",BG20*BE20*(1+'Assumptions & Ref'!$C$29)) | BI20: =IF($C20="","",PI()*('Assumptions & Ref'!$C$25-'Assumptions & Ref'!$C$26)/1000*'Assumptions & Ref'!$C$26/1000*$C$5) | BJ20: =IF($C20="","",BH20*BI20) | BK20: =IF($C20="","",BE20*1000*P20/25.4) | BL20: =IF($C20="","",O20*'Assumptions & Ref'!$C$28/1000) | BM20: =IF($C20="","",BD20*BL20*(1-'Assumptions & Ref'!$C$31)) | BN20: =IF($C20="","",BK20*BM20*'Assumptions & Ref'!$C$30/1000*INDEX($C$5:$I$5,MATCH(R20,$C$4:$I$4,0))) | BO20: =IF($C20="","",'Assumptions & Ref'!$C$34+O20*'Assumptions & Ref'!$C$35+'Assumptions & Ref'!$C$36+IF(OR(S20="Pre+Fine",S20="Pre+Fine+HEPA"),'Assumptions & Ref'!$C$37,0)+IF(S20="Pre+Fine+HEPA",'Assumptions & Ref'!$C$38,0)) | BP20: =IF($C20="","",G20+BO20) | BQ20: =IF($C20="","",AK20*BP20/(1000*IF(M20="Plug fan",'Assumptions & Ref'!$C$39,'Assumptions & Ref'!$C$40)*'Assumptions & Ref'!$C$41)) | BR20: =IF($C20="","",IFERROR(INDEX('Assumptions & Ref'!$B$44:$B$61,MATCH(BQ20,'Assumptions & Ref'!$B$44:$B$61,1)+IF(INDEX('Assumptions & Ref'!$B$44:$B$61,MATCH(BQ20,'Assumptions & Ref'!$B$44:$B$61,1))>=BQ20,0,1)),INDEX('Assumptions & Ref'!$B$44:$B$61,1))) | BS20: =IF($C20="","",BR20*IF(M20="Plug fan",'Assumptions & Ref'!$C$64,'Assumptions & Ref'!$C$65)) | BT20: =IF($C20="","",IF(N20="Y",BR20*'Assumptions & Ref'!$C$66,0)) | BU20: =IF($C20="","",AM20) | BV20: =IF($C20="","",BU20*('Assumptions & Ref'!$C$67+IF(OR(S20="Pre+Fine",S20="Pre+Fine+HEPA"),'Assumptions & Ref'!$C$68,0)+IF(S20="Pre+Fine+HEPA",'Assumptions & Ref'!$C$69,0))) | BW20: =IF($C20="","",AM20*IF(U20="Mixed (return+fresh)",2,1)) | BX20: =IF($C20="","",BW20*'Assumptions & Ref'!$C$70) | BY20: =IF($C20="","",AN20*('Assumptions & Ref'!$C$17+O20*'Assumptions & Ref'!$C$18+0.2)*'Assumptions & Ref'!$C$81/1000*$G$5) | BZ20: =IF($C20="","",BY20*$G$6) | CA20: =IF($C20="","",BJ20*$C$6+BN20*INDEX($C$6:$I$6,MATCH(R20,$C$4:$I$4,0))+AV20*AU20+AZ20*AX20+BC20+BZ20) | CB20: =IF($C20="","",BS20+BT20+BV20+BX20) | CC20: =IF($C20="","",(AV20+BB20)*'Assumptions & Ref'!$C$78+(BJ20+BN20)*'Assumptions & Ref'!$C$80) | CD20: =IF($C20="","",'Assumptions & Ref'!$C$84*(CA20+CB20+CC20)) | CE20: =IF($C20="","",'Assumptions & Ref'!$C$85*(CA20+CB20+CC20+CD20)) | CF20: =IF($C20="","",CA20+CB20+CC20+CD20+CE20) | CH20: =IF($C20="","",CA20) | CI20: =IF($C20="","",CB20+CC20) | CJ20: =IF($C20="","",CD20+CE20)
Y21: =IF($C21="","",CF21) | Z21: =IF($C21="","",Y21/$C21) | AA21: =IF($C21="","",IF(E21=0,"",CF21/E21)) | AB21: =IF($C21="","",BJ21+BN21+AV21+AZ21+BB21+BY21) | AC21: =IF($C21="","",BJ21) | AD21: =IF($C21="","",BN21) | AE21: =IF($C21="","",AV21) | AF21: =IF($C21="","",AZ21) | AG21: =IF($C21="","",BR21) | AH21: =IF($C21="","",ROUND(AN21,2)&" x "&ROUND(AO21,2)&" x "&ROUND(AQ21,2)) | AJ21: =IF($C21="","",$C21*'Assumptions & Ref'!$C$10) | AK21: =IF($C21="","",AJ21/3600) | AL21: =IF($C21="","",AK21/'Assumptions & Ref'!$C$6) | AM21: =IF($C21="","",AL21/'Assumptions & Ref'!$C$8) | AN21: =IF($C21="","",SQRT(AM21*'Assumptions & Ref'!$C$9)) | AO21: =IF($C21="","",SQRT(AM21/'Assumptions & Ref'!$C$9)) | AP21: =IF($C21="","",'Assumptions & Ref'!$C$14+IF(OR(S21="Pre+Fine",S21="Pre+Fine+HEPA"),'Assumptions & Ref'!$C$15,0)+IF(S21="Pre+Fine+HEPA",'Assumptions & Ref'!$C$16,0)) | AQ21: =IF($C21="","",IF(V21="Y",'Assumptions & Ref'!$C$13,0)+AP21+'Assumptions & Ref'!$C$17+O21*'Assumptions & Ref'!$C$18+IF(W21="Y",'Assumptions & Ref'!$C$19,0)+'Assumptions & Ref'!$C$20+IF(X21="Y",'Assumptions & Ref'!$C$21,0)) | AR21: =IF($C21="","",2*(AN21+AO21)*AQ21+2*AN21*AO21) | AS21: =IF($C21="","",IF(H21="Double skin",2,1)) | AT21: =IF($C21="","",INDEX($C$5:$I$5,MATCH(J21,$C$4:$I$4,0))) | AU21: =IF($C21="","",INDEX($C$6:$I$6,MATCH(J21,$C$4:$I$4,0))) | AV21: =IF($C21="","",AR21*AS21*I21/1000*AT21*(1+'Assumptions & Ref'!$C$75)) | AW21: =IF($C21="","",INDEX($C$5:$I$5,MATCH(K21,$C$4:$I$4,0))) | AX21: =IF($C21="","",INDEX($C$6:$I$6,MATCH(K21,$C$4:$I$4,0))) | AY21: =IF($C21="","",AR21*L21/1000) | AZ21: =IF($C21="","",AY21*AW21) | BA21: =IF($C21="","",4*(AN21+AO21+AQ21)) | BB21: =IF($C21="","",BA21*'Assumptions & Ref'!$C$76) | BC21: =IF($C21="","",BB21*'Assumptions & Ref'!$C$77) | BD21: =IF($C21="","",SQRT(AL21/'Assumptions & Ref'!$C$9)) | BE21: =IF($C21="","",SQRT(AL21*'Assumptions & Ref'!$C$9)) | BF21: =IF($C21="","",BD21*1000/'Assumptions & Ref'!$C$27) | BG21: =IF($C21="","",BF21*O21) | BH21: =IF($C21="","",BG21*BE21*(1+'Assumptions & Ref'!$C$29)) | BI21: =IF($C21="","",PI()*('Assumptions & Ref'!$C$25-'Assumptions & Ref'!$C$26)/1000*'Assumptions & Ref'!$C$26/1000*$C$5) | BJ21: =IF($C21="","",BH21*BI21) | BK21: =IF($C21="","",BE21*1000*P21/25.4) | BL21: =IF($C21="","",O21*'Assumptions & Ref'!$C$28/1000) | BM21: =IF($C21="","",BD21*BL21*(1-'Assumptions & Ref'!$C$31)) | BN21: =IF($C21="","",BK21*BM21*'Assumptions & Ref'!$C$30/1000*INDEX($C$5:$I$5,MATCH(R21,$C$4:$I$4,0))) | BO21: =IF($C21="","",'Assumptions & Ref'!$C$34+O21*'Assumptions & Ref'!$C$35+'Assumptions & Ref'!$C$36+IF(OR(S21="Pre+Fine",S21="Pre+Fine+HEPA"),'Assumptions & Ref'!$C$37,0)+IF(S21="Pre+Fine+HEPA",'Assumptions & Ref'!$C$38,0)) | BP21: =IF($C21="","",G21+BO21) | BQ21: =IF($C21="","",AK21*BP21/(1000*IF(M21="Plug fan",'Assumptions & Ref'!$C$39,'Assumptions & Ref'!$C$40)*'Assumptions & Ref'!$C$41)) | BR21: =IF($C21="","",IFERROR(INDEX('Assumptions & Ref'!$B$44:$B$61,MATCH(BQ21,'Assumptions & Ref'!$B$44:$B$61,1)+IF(INDEX('Assumptions & Ref'!$B$44:$B$61,MATCH(BQ21,'Assumptions & Ref'!$B$44:$B$61,1))>=BQ21,0,1)),INDEX('Assumptions & Ref'!$B$44:$B$61,1))) | BS21: =IF($C21="","",BR21*IF(M21="Plug fan",'Assumptions & Ref'!$C$64,'Assumptions & Ref'!$C$65)) | BT21: =IF($C21="","",IF(N21="Y",BR21*'Assumptions & Ref'!$C$66,0)) | BU21: =IF($C21="","",AM21) | BV21: =IF($C21="","",BU21*('Assumptions & Ref'!$C$67+IF(OR(S21="Pre+Fine",S21="Pre+Fine+HEPA"),'Assumptions & Ref'!$C$68,0)+IF(S21="Pre+Fine+HEPA",'Assumptions & Ref'!$C$69,0))) | BW21: =IF($C21="","",AM21*IF(U21="Mixed (return+fresh)",2,1)) | BX21: =IF($C21="","",BW21*'Assumptions & Ref'!$C$70) | BY21: =IF($C21="","",AN21*('Assumptions & Ref'!$C$17+O21*'Assumptions & Ref'!$C$18+0.2)*'Assumptions & Ref'!$C$81/1000*$G$5) | BZ21: =IF($C21="","",BY21*$G$6) | CA21: =IF($C21="","",BJ21*$C$6+BN21*INDEX($C$6:$I$6,MATCH(R21,$C$4:$I$4,0))+AV21*AU21+AZ21*AX21+BC21+BZ21) | CB21: =IF($C21="","",BS21+BT21+BV21+BX21) | CC21: =IF($C21="","",(AV21+BB21)*'Assumptions & Ref'!$C$78+(BJ21+BN21)*'Assumptions & Ref'!$C$80) | CD21: =IF($C21="","",'Assumptions & Ref'!$C$84*(CA21+CB21+CC21)) | CE21: =IF($C21="","",'Assumptions & Ref'!$C$85*(CA21+CB21+CC21+CD21)) | CF21: =IF($C21="","",CA21+CB21+CC21+CD21+CE21) | CH21: =IF($C21="","",CA21) | CI21: =IF($C21="","",CB21+CC21) | CJ21: =IF($C21="","",CD21+CE21)
Y22: =IF($C22="","",CF22) | Z22: =IF($C22="","",Y22/$C22) | AA22: =IF($C22="","",IF(E22=0,"",CF22/E22)) | AB22: =IF($C22="","",BJ22+BN22+AV22+AZ22+BB22+BY22) | AC22: =IF($C22="","",BJ22) | AD22: =IF($C22="","",BN22) | AE22: =IF($C22="","",AV22) | AF22: =IF($C22="","",AZ22) | AG22: =IF($C22="","",BR22) | AH22: =IF($C22="","",ROUND(AN22,2)&" x "&ROUND(AO22,2)&" x "&ROUND(AQ22,2)) | AJ22: =IF($C22="","",$C22*'Assumptions & Ref'!$C$10) | AK22: =IF($C22="","",AJ22/3600) | AL22: =IF($C22="","",AK22/'Assumptions & Ref'!$C$6) | AM22: =IF($C22="","",AL22/'Assumptions & Ref'!$C$8) | AN22: =IF($C22="","",SQRT(AM22*'Assumptions & Ref'!$C$9)) | AO22: =IF($C22="","",SQRT(AM22/'Assumptions & Ref'!$C$9)) | AP22: =IF($C22="","",'Assumptions & Ref'!$C$14+IF(OR(S22="Pre+Fine",S22="Pre+Fine+HEPA"),'Assumptions & Ref'!$C$15,0)+IF(S22="Pre+Fine+HEPA",'Assumptions & Ref'!$C$16,0)) | AQ22: =IF($C22="","",IF(V22="Y",'Assumptions & Ref'!$C$13,0)+AP22+'Assumptions & Ref'!$C$17+O22*'Assumptions & Ref'!$C$18+IF(W22="Y",'Assumptions & Ref'!$C$19,0)+'Assumptions & Ref'!$C$20+IF(X22="Y",'Assumptions & Ref'!$C$21,0)) | AR22: =IF($C22="","",2*(AN22+AO22)*AQ22+2*AN22*AO22) | AS22: =IF($C22="","",IF(H22="Double skin",2,1)) | AT22: =IF($C22="","",INDEX($C$5:$I$5,MATCH(J22,$C$4:$I$4,0))) | AU22: =IF($C22="","",INDEX($C$6:$I$6,MATCH(J22,$C$4:$I$4,0))) | AV22: =IF($C22="","",AR22*AS22*I22/1000*AT22*(1+'Assumptions & Ref'!$C$75)) | AW22: =IF($C22="","",INDEX($C$5:$I$5,MATCH(K22,$C$4:$I$4,0))) | AX22: =IF($C22="","",INDEX($C$6:$I$6,MATCH(K22,$C$4:$I$4,0))) | AY22: =IF($C22="","",AR22*L22/1000) | AZ22: =IF($C22="","",AY22*AW22) | BA22: =IF($C22="","",4*(AN22+AO22+AQ22)) | BB22: =IF($C22="","",BA22*'Assumptions & Ref'!$C$76) | BC22: =IF($C22="","",BB22*'Assumptions & Ref'!$C$77) | BD22: =IF($C22="","",SQRT(AL22/'Assumptions & Ref'!$C$9)) | BE22: =IF($C22="","",SQRT(AL22*'Assumptions & Ref'!$C$9)) | BF22: =IF($C22="","",BD22*1000/'Assumptions & Ref'!$C$27) | BG22: =IF($C22="","",BF22*O22) | BH22: =IF($C22="","",BG22*BE22*(1+'Assumptions & Ref'!$C$29)) | BI22: =IF($C22="","",PI()*('Assumptions & Ref'!$C$25-'Assumptions & Ref'!$C$26)/1000*'Assumptions & Ref'!$C$26/1000*$C$5) | BJ22: =IF($C22="","",BH22*BI22) | BK22: =IF($C22="","",BE22*1000*P22/25.4) | BL22: =IF($C22="","",O22*'Assumptions & Ref'!$C$28/1000) | BM22: =IF($C22="","",BD22*BL22*(1-'Assumptions & Ref'!$C$31)) | BN22: =IF($C22="","",BK22*BM22*'Assumptions & Ref'!$C$30/1000*INDEX($C$5:$I$5,MATCH(R22,$C$4:$I$4,0))) | BO22: =IF($C22="","",'Assumptions & Ref'!$C$34+O22*'Assumptions & Ref'!$C$35+'Assumptions & Ref'!$C$36+IF(OR(S22="Pre+Fine",S22="Pre+Fine+HEPA"),'Assumptions & Ref'!$C$37,0)+IF(S22="Pre+Fine+HEPA",'Assumptions & Ref'!$C$38,0)) | BP22: =IF($C22="","",G22+BO22) | BQ22: =IF($C22="","",AK22*BP22/(1000*IF(M22="Plug fan",'Assumptions & Ref'!$C$39,'Assumptions & Ref'!$C$40)*'Assumptions & Ref'!$C$41)) | BR22: =IF($C22="","",IFERROR(INDEX('Assumptions & Ref'!$B$44:$B$61,MATCH(BQ22,'Assumptions & Ref'!$B$44:$B$61,1)+IF(INDEX('Assumptions & Ref'!$B$44:$B$61,MATCH(BQ22,'Assumptions & Ref'!$B$44:$B$61,1))>=BQ22,0,1)),INDEX('Assumptions & Ref'!$B$44:$B$61,1))) | BS22: =IF($C22="","",BR22*IF(M22="Plug fan",'Assumptions & Ref'!$C$64,'Assumptions & Ref'!$C$65)) | BT22: =IF($C22="","",IF(N22="Y",BR22*'Assumptions & Ref'!$C$66,0)) | BU22: =IF($C22="","",AM22) | BV22: =IF($C22="","",BU22*('Assumptions & Ref'!$C$67+IF(OR(S22="Pre+Fine",S22="Pre+Fine+HEPA"),'Assumptions & Ref'!$C$68,0)+IF(S22="Pre+Fine+HEPA",'Assumptions & Ref'!$C$69,0))) | BW22: =IF($C22="","",AM22*IF(U22="Mixed (return+fresh)",2,1)) | BX22: =IF($C22="","",BW22*'Assumptions & Ref'!$C$70) | BY22: =IF($C22="","",AN22*('Assumptions & Ref'!$C$17+O22*'Assumptions & Ref'!$C$18+0.2)*'Assumptions & Ref'!$C$81/1000*$G$5) | BZ22: =IF($C22="","",BY22*$G$6) | CA22: =IF($C22="","",BJ22*$C$6+BN22*INDEX($C$6:$I$6,MATCH(R22,$C$4:$I$4,0))+AV22*AU22+AZ22*AX22+BC22+BZ22) | CB22: =IF($C22="","",BS22+BT22+BV22+BX22) | CC22: =IF($C22="","",(AV22+BB22)*'Assumptions & Ref'!$C$78+(BJ22+BN22)*'Assumptions & Ref'!$C$80) | CD22: =IF($C22="","",'Assumptions & Ref'!$C$84*(CA22+CB22+CC22)) | CE22: =IF($C22="","",'Assumptions & Ref'!$C$85*(CA22+CB22+CC22+CD22)) | CF22: =IF($C22="","",CA22+CB22+CC22+CD22+CE22) | CH22: =IF($C22="","",CA22) | CI22: =IF($C22="","",CB22+CC22) | CJ22: =IF($C22="","",CD22+CE22)
Y23: =IF($C23="","",CF23) | Z23: =IF($C23="","",Y23/$C23) | AA23: =IF($C23="","",IF(E23=0,"",CF23/E23)) | AB23: =IF($C23="","",BJ23+BN23+AV23+AZ23+BB23+BY23) | AC23: =IF($C23="","",BJ23) | AD23: =IF($C23="","",BN23) | AE23: =IF($C23="","",AV23) | AF23: =IF($C23="","",AZ23) | AG23: =IF($C23="","",BR23) | AH23: =IF($C23="","",ROUND(AN23,2)&" x "&ROUND(AO23,2)&" x "&ROUND(AQ23,2)) | AJ23: =IF($C23="","",$C23*'Assumptions & Ref'!$C$10) | AK23: =IF($C23="","",AJ23/3600) | AL23: =IF($C23="","",AK23/'Assumptions & Ref'!$C$6) | AM23: =IF($C23="","",AL23/'Assumptions & Ref'!$C$8) | AN23: =IF($C23="","",SQRT(AM23*'Assumptions & Ref'!$C$9)) | AO23: =IF($C23="","",SQRT(AM23/'Assumptions & Ref'!$C$9)) | AP23: =IF($C23="","",'Assumptions & Ref'!$C$14+IF(OR(S23="Pre+Fine",S23="Pre+Fine+HEPA"),'Assumptions & Ref'!$C$15,0)+IF(S23="Pre+Fine+HEPA",'Assumptions & Ref'!$C$16,0)) | AQ23: =IF($C23="","",IF(V23="Y",'Assumptions & Ref'!$C$13,0)+AP23+'Assumptions & Ref'!$C$17+O23*'Assumptions & Ref'!$C$18+IF(W23="Y",'Assumptions & Ref'!$C$19,0)+'Assumptions & Ref'!$C$20+IF(X23="Y",'Assumptions & Ref'!$C$21,0)) | AR23: =IF($C23="","",2*(AN23+AO23)*AQ23+2*AN23*AO23) | AS23: =IF($C23="","",IF(H23="Double skin",2,1)) | AT23: =IF($C23="","",INDEX($C$5:$I$5,MATCH(J23,$C$4:$I$4,0))) | AU23: =IF($C23="","",INDEX($C$6:$I$6,MATCH(J23,$C$4:$I$4,0))) | AV23: =IF($C23="","",AR23*AS23*I23/1000*AT23*(1+'Assumptions & Ref'!$C$75)) | AW23: =IF($C23="","",INDEX($C$5:$I$5,MATCH(K23,$C$4:$I$4,0))) | AX23: =IF($C23="","",INDEX($C$6:$I$6,MATCH(K23,$C$4:$I$4,0))) | AY23: =IF($C23="","",AR23*L23/1000) | AZ23: =IF($C23="","",AY23*AW23) | BA23: =IF($C23="","",4*(AN23+AO23+AQ23)) | BB23: =IF($C23="","",BA23*'Assumptions & Ref'!$C$76) | BC23: =IF($C23="","",BB23*'Assumptions & Ref'!$C$77) | BD23: =IF($C23="","",SQRT(AL23/'Assumptions & Ref'!$C$9)) | BE23: =IF($C23="","",SQRT(AL23*'Assumptions & Ref'!$C$9)) | BF23: =IF($C23="","",BD23*1000/'Assumptions & Ref'!$C$27) | BG23: =IF($C23="","",BF23*O23) | BH23: =IF($C23="","",BG23*BE23*(1+'Assumptions & Ref'!$C$29)) | BI23: =IF($C23="","",PI()*('Assumptions & Ref'!$C$25-'Assumptions & Ref'!$C$26)/1000*'Assumptions & Ref'!$C$26/1000*$C$5) | BJ23: =IF($C23="","",BH23*BI23) | BK23: =IF($C23="","",BE23*1000*P23/25.4) | BL23: =IF($C23="","",O23*'Assumptions & Ref'!$C$28/1000) | BM23: =IF($C23="","",BD23*BL23*(1-'Assumptions & Ref'!$C$31)) | BN23: =IF($C23="","",BK23*BM23*'Assumptions & Ref'!$C$30/1000*INDEX($C$5:$I$5,MATCH(R23,$C$4:$I$4,0))) | BO23: =IF($C23="","",'Assumptions & Ref'!$C$34+O23*'Assumptions & Ref'!$C$35+'Assumptions & Ref'!$C$36+IF(OR(S23="Pre+Fine",S23="Pre+Fine+HEPA"),'Assumptions & Ref'!$C$37,0)+IF(S23="Pre+Fine+HEPA",'Assumptions & Ref'!$C$38,0)) | BP23: =IF($C23="","",G23+BO23) | BQ23: =IF($C23="","",AK23*BP23/(1000*IF(M23="Plug fan",'Assumptions & Ref'!$C$39,'Assumptions & Ref'!$C$40)*'Assumptions & Ref'!$C$41)) | BR23: =IF($C23="","",IFERROR(INDEX('Assumptions & Ref'!$B$44:$B$61,MATCH(BQ23,'Assumptions & Ref'!$B$44:$B$61,1)+IF(INDEX('Assumptions & Ref'!$B$44:$B$61,MATCH(BQ23,'Assumptions & Ref'!$B$44:$B$61,1))>=BQ23,0,1)),INDEX('Assumptions & Ref'!$B$44:$B$61,1))) | BS23: =IF($C23="","",BR23*IF(M23="Plug fan",'Assumptions & Ref'!$C$64,'Assumptions & Ref'!$C$65)) | BT23: =IF($C23="","",IF(N23="Y",BR23*'Assumptions & Ref'!$C$66,0)) | BU23: =IF($C23="","",AM23) | BV23: =IF($C23="","",BU23*('Assumptions & Ref'!$C$67+IF(OR(S23="Pre+Fine",S23="Pre+Fine+HEPA"),'Assumptions & Ref'!$C$68,0)+IF(S23="Pre+Fine+HEPA",'Assumptions & Ref'!$C$69,0))) | BW23: =IF($C23="","",AM23*IF(U23="Mixed (return+fresh)",2,1)) | BX23: =IF($C23="","",BW23*'Assumptions & Ref'!$C$70) | BY23: =IF($C23="","",AN23*('Assumptions & Ref'!$C$17+O23*'Assumptions & Ref'!$C$18+0.2)*'Assumptions & Ref'!$C$81/1000*$G$5) | BZ23: =IF($C23="","",BY23*$G$6) | CA23: =IF($C23="","",BJ23*$C$6+BN23*INDEX($C$6:$I$6,MATCH(R23,$C$4:$I$4,0))+AV23*AU23+AZ23*AX23+BC23+BZ23) | CB23: =IF($C23="","",BS23+BT23+BV23+BX23) | CC23: =IF($C23="","",(AV23+BB23)*'Assumptions & Ref'!$C$78+(BJ23+BN23)*'Assumptions & Ref'!$C$80) | CD23: =IF($C23="","",'Assumptions & Ref'!$C$84*(CA23+CB23+CC23)) | CE23: =IF($C23="","",'Assumptions & Ref'!$C$85*(CA23+CB23+CC23+CD23)) | CF23: =IF($C23="","",CA23+CB23+CC23+CD23+CE23) | CH23: =IF($C23="","",CA23) | CI23: =IF($C23="","",CB23+CC23) | CJ23: =IF($C23="","",CD23+CE23)
Y24: =IF($C24="","",CF24) | Z24: =IF($C24="","",Y24/$C24) | AA24: =IF($C24="","",IF(E24=0,"",CF24/E24)) | AB24: =IF($C24="","",BJ24+BN24+AV24+AZ24+BB24+BY24) | AC24: =IF($C24="","",BJ24) | AD24: =IF($C24="","",BN24) | AE24: =IF($C24="","",AV24) | AF24: =IF($C24="","",AZ24) | AG24: =IF($C24="","",BR24) | AH24: =IF($C24="","",ROUND(AN24,2)&" x "&ROUND(AO24,2)&" x "&ROUND(AQ24,2)) | AJ24: =IF($C24="","",$C24*'Assumptions & Ref'!$C$10) | AK24: =IF($C24="","",AJ24/3600) | AL24: =IF($C24="","",AK24/'Assumptions & Ref'!$C$6) | AM24: =IF($C24="","",AL24/'Assumptions & Ref'!$C$8) | AN24: =IF($C24="","",SQRT(AM24*'Assumptions & Ref'!$C$9)) | AO24: =IF($C24="","",SQRT(AM24/'Assumptions & Ref'!$C$9)) | AP24: =IF($C24="","",'Assumptions & Ref'!$C$14+IF(OR(S24="Pre+Fine",S24="Pre+Fine+HEPA"),'Assumptions & Ref'!$C$15,0)+IF(S24="Pre+Fine+HEPA",'Assumptions & Ref'!$C$16,0)) | AQ24: =IF($C24="","",IF(V24="Y",'Assumptions & Ref'!$C$13,0)+AP24+'Assumptions & Ref'!$C$17+O24*'Assumptions & Ref'!$C$18+IF(W24="Y",'Assumptions & Ref'!$C$19,0)+'Assumptions & Ref'!$C$20+IF(X24="Y",'Assumptions & Ref'!$C$21,0)) | AR24: =IF($C24="","",2*(AN24+AO24)*AQ24+2*AN24*AO24) | AS24: =IF($C24="","",IF(H24="Double skin",2,1)) | AT24: =IF($C24="","",INDEX($C$5:$I$5,MATCH(J24,$C$4:$I$4,0))) | AU24: =IF($C24="","",INDEX($C$6:$I$6,MATCH(J24,$C$4:$I$4,0))) | AV24: =IF($C24="","",AR24*AS24*I24/1000*AT24*(1+'Assumptions & Ref'!$C$75)) | AW24: =IF($C24="","",INDEX($C$5:$I$5,MATCH(K24,$C$4:$I$4,0))) | AX24: =IF($C24="","",INDEX($C$6:$I$6,MATCH(K24,$C$4:$I$4,0))) | AY24: =IF($C24="","",AR24*L24/1000) | AZ24: =IF($C24="","",AY24*AW24) | BA24: =IF($C24="","",4*(AN24+AO24+AQ24)) | BB24: =IF($C24="","",BA24*'Assumptions & Ref'!$C$76) | BC24: =IF($C24="","",BB24*'Assumptions & Ref'!$C$77) | BD24: =IF($C24="","",SQRT(AL24/'Assumptions & Ref'!$C$9)) | BE24: =IF($C24="","",SQRT(AL24*'Assumptions & Ref'!$C$9)) | BF24: =IF($C24="","",BD24*1000/'Assumptions & Ref'!$C$27) | BG24: =IF($C24="","",BF24*O24) | BH24: =IF($C24="","",BG24*BE24*(1+'Assumptions & Ref'!$C$29)) | BI24: =IF($C24="","",PI()*('Assumptions & Ref'!$C$25-'Assumptions & Ref'!$C$26)/1000*'Assumptions & Ref'!$C$26/1000*$C$5) | BJ24: =IF($C24="","",BH24*BI24) | BK24: =IF($C24="","",BE24*1000*P24/25.4) | BL24: =IF($C24="","",O24*'Assumptions & Ref'!$C$28/1000) | BM24: =IF($C24="","",BD24*BL24*(1-'Assumptions & Ref'!$C$31)) | BN24: =IF($C24="","",BK24*BM24*'Assumptions & Ref'!$C$30/1000*INDEX($C$5:$I$5,MATCH(R24,$C$4:$I$4,0))) | BO24: =IF($C24="","",'Assumptions & Ref'!$C$34+O24*'Assumptions & Ref'!$C$35+'Assumptions & Ref'!$C$36+IF(OR(S24="Pre+Fine",S24="Pre+Fine+HEPA"),'Assumptions & Ref'!$C$37,0)+IF(S24="Pre+Fine+HEPA",'Assumptions & Ref'!$C$38,0)) | BP24: =IF($C24="","",G24+BO24) | BQ24: =IF($C24="","",AK24*BP24/(1000*IF(M24="Plug fan",'Assumptions & Ref'!$C$39,'Assumptions & Ref'!$C$40)*'Assumptions & Ref'!$C$41)) | BR24: =IF($C24="","",IFERROR(INDEX('Assumptions & Ref'!$B$44:$B$61,MATCH(BQ24,'Assumptions & Ref'!$B$44:$B$61,1)+IF(INDEX('Assumptions & Ref'!$B$44:$B$61,MATCH(BQ24,'Assumptions & Ref'!$B$44:$B$61,1))>=BQ24,0,1)),INDEX('Assumptions & Ref'!$B$44:$B$61,1))) | BS24: =IF($C24="","",BR24*IF(M24="Plug fan",'Assumptions & Ref'!$C$64,'Assumptions & Ref'!$C$65)) | BT24: =IF($C24="","",IF(N24="Y",BR24*'Assumptions & Ref'!$C$66,0)) | BU24: =IF($C24="","",AM24) | BV24: =IF($C24="","",BU24*('Assumptions & Ref'!$C$67+IF(OR(S24="Pre+Fine",S24="Pre+Fine+HEPA"),'Assumptions & Ref'!$C$68,0)+IF(S24="Pre+Fine+HEPA",'Assumptions & Ref'!$C$69,0))) | BW24: =IF($C24="","",AM24*IF(U24="Mixed (return+fresh)",2,1)) | BX24: =IF($C24="","",BW24*'Assumptions & Ref'!$C$70) | BY24: =IF($C24="","",AN24*('Assumptions & Ref'!$C$17+O24*'Assumptions & Ref'!$C$18+0.2)*'Assumptions & Ref'!$C$81/1000*$G$5) | BZ24: =IF($C24="","",BY24*$G$6) | CA24: =IF($C24="","",BJ24*$C$6+BN24*INDEX($C$6:$I$6,MATCH(R24,$C$4:$I$4,0))+AV24*AU24+AZ24*AX24+BC24+BZ24) | CB24: =IF($C24="","",BS24+BT24+BV24+BX24) | CC24: =IF($C24="","",(AV24+BB24)*'Assumptions & Ref'!$C$78+(BJ24+BN24)*'Assumptions & Ref'!$C$80) | CD24: =IF($C24="","",'Assumptions & Ref'!$C$84*(CA24+CB24+CC24)) | CE24: =IF($C24="","",'Assumptions & Ref'!$C$85*(CA24+CB24+CC24+CD24)) | CF24: =IF($C24="","",CA24+CB24+CC24+CD24+CE24) | CH24: =IF($C24="","",CA24) | CI24: =IF($C24="","",CB24+CC24) | CJ24: =IF($C24="","",CD24+CE24)
Y25: =IF($C25="","",CF25) | Z25: =IF($C25="","",Y25/$C25) | AA25: =IF($C25="","",IF(E25=0,"",CF25/E25)) | AB25: =IF($C25="","",BJ25+BN25+AV25+AZ25+BB25+BY25) | AC25: =IF($C25="","",BJ25) | AD25: =IF($C25="","",BN25) | AE25: =IF($C25="","",AV25) | AF25: =IF($C25="","",AZ25) | AG25: =IF($C25="","",BR25) | AH25: =IF($C25="","",ROUND(AN25,2)&" x "&ROUND(AO25,2)&" x "&ROUND(AQ25,2)) | AJ25: =IF($C25="","",$C25*'Assumptions & Ref'!$C$10) | AK25: =IF($C25="","",AJ25/3600) | AL25: =IF($C25="","",AK25/'Assumptions & Ref'!$C$6) | AM25: =IF($C25="","",AL25/'Assumptions & Ref'!$C$8) | AN25: =IF($C25="","",SQRT(AM25*'Assumptions & Ref'!$C$9)) | AO25: =IF($C25="","",SQRT(AM25/'Assumptions & Ref'!$C$9)) | AP25: =IF($C25="","",'Assumptions & Ref'!$C$14+IF(OR(S25="Pre+Fine",S25="Pre+Fine+HEPA"),'Assumptions & Ref'!$C$15,0)+IF(S25="Pre+Fine+HEPA",'Assumptions & Ref'!$C$16,0)) | AQ25: =IF($C25="","",IF(V25="Y",'Assumptions & Ref'!$C$13,0)+AP25+'Assumptions & Ref'!$C$17+O25*'Assumptions & Ref'!$C$18+IF(W25="Y",'Assumptions & Ref'!$C$19,0)+'Assumptions & Ref'!$C$20+IF(X25="Y",'Assumptions & Ref'!$C$21,0)) | AR25: =IF($C25="","",2*(AN25+AO25)*AQ25+2*AN25*AO25) | AS25: =IF($C25="","",IF(H25="Double skin",2,1)) | AT25: =IF($C25="","",INDEX($C$5:$I$5,MATCH(J25,$C$4:$I$4,0))) | AU25: =IF($C25="","",INDEX($C$6:$I$6,MATCH(J25,$C$4:$I$4,0))) | AV25: =IF($C25="","",AR25*AS25*I25/1000*AT25*(1+'Assumptions & Ref'!$C$75)) | AW25: =IF($C25="","",INDEX($C$5:$I$5,MATCH(K25,$C$4:$I$4,0))) | AX25: =IF($C25="","",INDEX($C$6:$I$6,MATCH(K25,$C$4:$I$4,0))) | AY25: =IF($C25="","",AR25*L25/1000) | AZ25: =IF($C25="","",AY25*AW25) | BA25: =IF($C25="","",4*(AN25+AO25+AQ25)) | BB25: =IF($C25="","",BA25*'Assumptions & Ref'!$C$76) | BC25: =IF($C25="","",BB25*'Assumptions & Ref'!$C$77) | BD25: =IF($C25="","",SQRT(AL25/'Assumptions & Ref'!$C$9)) | BE25: =IF($C25="","",SQRT(AL25*'Assumptions & Ref'!$C$9)) | BF25: =IF($C25="","",BD25*1000/'Assumptions & Ref'!$C$27) | BG25: =IF($C25="","",BF25*O25) | BH25: =IF($C25="","",BG25*BE25*(1+'Assumptions & Ref'!$C$29)) | BI25: =IF($C25="","",PI()*('Assumptions & Ref'!$C$25-'Assumptions & Ref'!$C$26)/1000*'Assumptions & Ref'!$C$26/1000*$C$5) | BJ25: =IF($C25="","",BH25*BI25) | BK25: =IF($C25="","",BE25*1000*P25/25.4) | BL25: =IF($C25="","",O25*'Assumptions & Ref'!$C$28/1000) | BM25: =IF($C25="","",BD25*BL25*(1-'Assumptions & Ref'!$C$31)) | BN25: =IF($C25="","",BK25*BM25*'Assumptions & Ref'!$C$30/1000*INDEX($C$5:$I$5,MATCH(R25,$C$4:$I$4,0))) | BO25: =IF($C25="","",'Assumptions & Ref'!$C$34+O25*'Assumptions & Ref'!$C$35+'Assumptions & Ref'!$C$36+IF(OR(S25="Pre+Fine",S25="Pre+Fine+HEPA"),'Assumptions & Ref'!$C$37,0)+IF(S25="Pre+Fine+HEPA",'Assumptions & Ref'!$C$38,0)) | BP25: =IF($C25="","",G25+BO25) | BQ25: =IF($C25="","",AK25*BP25/(1000*IF(M25="Plug fan",'Assumptions & Ref'!$C$39,'Assumptions & Ref'!$C$40)*'Assumptions & Ref'!$C$41)) | BR25: =IF($C25="","",IFERROR(INDEX('Assumptions & Ref'!$B$44:$B$61,MATCH(BQ25,'Assumptions & Ref'!$B$44:$B$61,1)+IF(INDEX('Assumptions & Ref'!$B$44:$B$61,MATCH(BQ25,'Assumptions & Ref'!$B$44:$B$61,1))>=BQ25,0,1)),INDEX('Assumptions & Ref'!$B$44:$B$61,1))) | BS25: =IF($C25="","",BR25*IF(M25="Plug fan",'Assumptions & Ref'!$C$64,'Assumptions & Ref'!$C$65)) | BT25: =IF($C25="","",IF(N25="Y",BR25*'Assumptions & Ref'!$C$66,0)) | BU25: =IF($C25="","",AM25) | BV25: =IF($C25="","",BU25*('Assumptions & Ref'!$C$67+IF(OR(S25="Pre+Fine",S25="Pre+Fine+HEPA"),'Assumptions & Ref'!$C$68,0)+IF(S25="Pre+Fine+HEPA",'Assumptions & Ref'!$C$69,0))) | BW25: =IF($C25="","",AM25*IF(U25="Mixed (return+fresh)",2,1)) | BX25: =IF($C25="","",BW25*'Assumptions & Ref'!$C$70) | BY25: =IF($C25="","",AN25*('Assumptions & Ref'!$C$17+O25*'Assumptions & Ref'!$C$18+0.2)*'Assumptions & Ref'!$C$81/1000*$G$5) | BZ25: =IF($C25="","",BY25*$G$6) | CA25: =IF($C25="","",BJ25*$C$6+BN25*INDEX($C$6:$I$6,MATCH(R25,$C$4:$I$4,0))+AV25*AU25+AZ25*AX25+BC25+BZ25) | CB25: =IF($C25="","",BS25+BT25+BV25+BX25) | CC25: =IF($C25="","",(AV25+BB25)*'Assumptions & Ref'!$C$78+(BJ25+BN25)*'Assumptions & Ref'!$C$80) | CD25: =IF($C25="","",'Assumptions & Ref'!$C$84*(CA25+CB25+CC25)) | CE25: =IF($C25="","",'Assumptions & Ref'!$C$85*(CA25+CB25+CC25+CD25)) | CF25: =IF($C25="","",CA25+CB25+CC25+CD25+CE25) | CH25: =IF($C25="","",CA25) | CI25: =IF($C25="","",CB25+CC25) | CJ25: =IF($C25="","",CD25+CE25)
Y26: =IF($C26="","",CF26) | Z26: =IF($C26="","",Y26/$C26) | AA26: =IF($C26="","",IF(E26=0,"",CF26/E26)) | AB26: =IF($C26="","",BJ26+BN26+AV26+AZ26+BB26+BY26) | AC26: =IF($C26="","",BJ26) | AD26: =IF($C26="","",BN26) | AE26: =IF($C26="","",AV26) | AF26: =IF($C26="","",AZ26) | AG26: =IF($C26="","",BR26) | AH26: =IF($C26="","",ROUND(AN26,2)&" x "&ROUND(AO26,2)&" x "&ROUND(AQ26,2)) | AJ26: =IF($C26="","",$C26*'Assumptions & Ref'!$C$10) | AK26: =IF($C26="","",AJ26/3600) | AL26: =IF($C26="","",AK26/'Assumptions & Ref'!$C$6) | AM26: =IF($C26="","",AL26/'Assumptions & Ref'!$C$8) | AN26: =IF($C26="","",SQRT(AM26*'Assumptions & Ref'!$C$9)) | AO26: =IF($C26="","",SQRT(AM26/'Assumptions & Ref'!$C$9)) | AP26: =IF($C26="","",'Assumptions & Ref'!$C$14+IF(OR(S26="Pre+Fine",S26="Pre+Fine+HEPA"),'Assumptions & Ref'!$C$15,0)+IF(S26="Pre+Fine+HEPA",'Assumptions & Ref'!$C$16,0)) | AQ26: =IF($C26="","",IF(V26="Y",'Assumptions & Ref'!$C$13,0)+AP26+'Assumptions & Ref'!$C$17+O26*'Assumptions & Ref'!$C$18+IF(W26="Y",'Assumptions & Ref'!$C$19,0)+'Assumptions & Ref'!$C$20+IF(X26="Y",'Assumptions & Ref'!$C$21,0)) | AR26: =IF($C26="","",2*(AN26+AO26)*AQ26+2*AN26*AO26) | AS26: =IF($C26="","",IF(H26="Double skin",2,1)) | AT26: =IF($C26="","",INDEX($C$5:$I$5,MATCH(J26,$C$4:$I$4,0))) | AU26: =IF($C26="","",INDEX($C$6:$I$6,MATCH(J26,$C$4:$I$4,0))) | AV26: =IF($C26="","",AR26*AS26*I26/1000*AT26*(1+'Assumptions & Ref'!$C$75)) | AW26: =IF($C26="","",INDEX($C$5:$I$5,MATCH(K26,$C$4:$I$4,0))) | AX26: =IF($C26="","",INDEX($C$6:$I$6,MATCH(K26,$C$4:$I$4,0))) | AY26: =IF($C26="","",AR26*L26/1000) | AZ26: =IF($C26="","",AY26*AW26) | BA26: =IF($C26="","",4*(AN26+AO26+AQ26)) | BB26: =IF($C26="","",BA26*'Assumptions & Ref'!$C$76) | BC26: =IF($C26="","",BB26*'Assumptions & Ref'!$C$77) | BD26: =IF($C26="","",SQRT(AL26/'Assumptions & Ref'!$C$9)) | BE26: =IF($C26="","",SQRT(AL26*'Assumptions & Ref'!$C$9)) | BF26: =IF($C26="","",BD26*1000/'Assumptions & Ref'!$C$27) | BG26: =IF($C26="","",BF26*O26) | BH26: =IF($C26="","",BG26*BE26*(1+'Assumptions & Ref'!$C$29)) | BI26: =IF($C26="","",PI()*('Assumptions & Ref'!$C$25-'Assumptions & Ref'!$C$26)/1000*'Assumptions & Ref'!$C$26/1000*$C$5) | BJ26: =IF($C26="","",BH26*BI26) | BK26: =IF($C26="","",BE26*1000*P26/25.4) | BL26: =IF($C26="","",O26*'Assumptions & Ref'!$C$28/1000) | BM26: =IF($C26="","",BD26*BL26*(1-'Assumptions & Ref'!$C$31)) | BN26: =IF($C26="","",BK26*BM26*'Assumptions & Ref'!$C$30/1000*INDEX($C$5:$I$5,MATCH(R26,$C$4:$I$4,0))) | BO26: =IF($C26="","",'Assumptions & Ref'!$C$34+O26*'Assumptions & Ref'!$C$35+'Assumptions & Ref'!$C$36+IF(OR(S26="Pre+Fine",S26="Pre+Fine+HEPA"),'Assumptions & Ref'!$C$37,0)+IF(S26="Pre+Fine+HEPA",'Assumptions & Ref'!$C$38,0)) | BP26: =IF($C26="","",G26+BO26) | BQ26: =IF($C26="","",AK26*BP26/(1000*IF(M26="Plug fan",'Assumptions & Ref'!$C$39,'Assumptions & Ref'!$C$40)*'Assumptions & Ref'!$C$41)) | BR26: =IF($C26="","",IFERROR(INDEX('Assumptions & Ref'!$B$44:$B$61,MATCH(BQ26,'Assumptions & Ref'!$B$44:$B$61,1)+IF(INDEX('Assumptions & Ref'!$B$44:$B$61,MATCH(BQ26,'Assumptions & Ref'!$B$44:$B$61,1))>=BQ26,0,1)),INDEX('Assumptions & Ref'!$B$44:$B$61,1))) | BS26: =IF($C26="","",BR26*IF(M26="Plug fan",'Assumptions & Ref'!$C$64,'Assumptions & Ref'!$C$65)) | BT26: =IF($C26="","",IF(N26="Y",BR26*'Assumptions & Ref'!$C$66,0)) | BU26: =IF($C26="","",AM26) | BV26: =IF($C26="","",BU26*('Assumptions & Ref'!$C$67+IF(OR(S26="Pre+Fine",S26="Pre+Fine+HEPA"),'Assumptions & Ref'!$C$68,0)+IF(S26="Pre+Fine+HEPA",'Assumptions & Ref'!$C$69,0))) | BW26: =IF($C26="","",AM26*IF(U26="Mixed (return+fresh)",2,1)) | BX26: =IF($C26="","",BW26*'Assumptions & Ref'!$C$70) | BY26: =IF($C26="","",AN26*('Assumptions & Ref'!$C$17+O26*'Assumptions & Ref'!$C$18+0.2)*'Assumptions & Ref'!$C$81/1000*$G$5) | BZ26: =IF($C26="","",BY26*$G$6) | CA26: =IF($C26="","",BJ26*$C$6+BN26*INDEX($C$6:$I$6,MATCH(R26,$C$4:$I$4,0))+AV26*AU26+AZ26*AX26+BC26+BZ26) | CB26: =IF($C26="","",BS26+BT26+BV26+BX26) | CC26: =IF($C26="","",(AV26+BB26)*'Assumptions & Ref'!$C$78+(BJ26+BN26)*'Assumptions & Ref'!$C$80) | CD26: =IF($C26="","",'Assumptions & Ref'!$C$84*(CA26+CB26+CC26)) | CE26: =IF($C26="","",'Assumptions & Ref'!$C$85*(CA26+CB26+CC26+CD26)) | CF26: =IF($C26="","",CA26+CB26+CC26+CD26+CE26) | CH26: =IF($C26="","",CA26) | CI26: =IF($C26="","",CB26+CC26) | CJ26: =IF($C26="","",CD26+CE26)
... Y28: =IF($C28="","",CF28) | Z28: =IF($C28="","",Y28/$C28) | AA28: =IF($C28="","",IF(E28=0,"",CF28/E28)) | AB28: =IF($C28="","",BJ28+BN28+AV28+AZ28+BB28+BY28) | AC28: =IF($C28="","",BJ28) | AD28: =IF($C28="","",BN28) | AE28: =IF($C28="","",AV28) | AF28: =IF($C28="","",AZ28) | AG28: =IF($C28="","",BR28) | AH28: =IF($C28="","",ROUND(AN28,2)&" x "&ROUND(AO28,2)&" x "&ROUND(AQ28,2)) | AJ28: =IF($C28="","",$C28*'Assumptions & Ref'!$C$10) | AK28: =IF($C28="","",AJ28/3600) | AL28: =IF($C28="","",AK28/'Assumptions & Ref'!$C$6) | AM28: =IF($C28="","",AL28/'Assumptions & Ref'!$C$8) | AN28: =IF($C28="","",SQRT(AM28*'Assumptions & Ref'!$C$9)) | AO28: =IF($C28="","",SQRT(AM28/'Assumptions & Ref'!$C$9)) | AP28: =IF($C28="","",'Assumptions & Ref'!$C$14+IF(OR(S28="Pre+Fine",S28="Pre+Fine+HEPA"),'Assumptions & Ref'!$C$15,0)+IF(S28="Pre+Fine+HEPA",'Assumptions & Ref'!$C$16,0)) | AQ28: =IF($C28="","",IF(V28="Y",'Assumptions & Ref'!$C$13,0)+AP28+'Assumptions & Ref'!$C$17+O28*'Assumptions & Ref'!$C$18+IF(W28="Y",'Assumptions & Ref'!$C$19,0)+'Assumptions & Ref'!$C$20+IF(X28="Y",'Assumptions & Ref'!$C$21,0)) | AR28: =IF($C28="","",2*(AN28+AO28)*AQ28+2*AN28*AO28) | AS28: =IF($C28="","",IF(H28="Double skin",2,1)) | AT28: =IF($C28="","",INDEX($C$5:$I$5,MATCH(J28,$C$4:$I$4,0))) | AU28: =IF($C28="","",INDEX($C$6:$I$6,MATCH(J28,$C$4:$I$4,0))) | AV28: =IF($C28="","",AR28*AS28*I28/1000*AT28*(1+'Assumptions & Ref'!$C$75)) | AW28: =IF($C28="","",INDEX($C$5:$I$5,MATCH(K28,$C$4:$I$4,0))) | AX28: =IF($C28="","",INDEX($C$6:$I$6,MATCH(K28,$C$4:$I$4,0))) | AY28: =IF($C28="","",AR28*L28/1000) | AZ28: =IF($C28="","",AY28*AW28) | BA28: =IF($C28="","",4*(AN28+AO28+AQ28)) | BB28: =IF($C28="","",BA28*'Assumptions & Ref'!$C$76) | BC28: =IF($C28="","",BB28*'Assumptions & Ref'!$C$77) | BD28: =IF($C28="","",SQRT(AL28/'Assumptions & Ref'!$C$9)) | BE28: =IF($C28="","",SQRT(AL28*'Assumptions & Ref'!$C$9)) | BF28: =IF($C28="","",BD28*1000/'Assumptions & Ref'!$C$27) | BG28: =IF($C28="","",BF28*O28) | BH28: =IF($C28="","",BG28*BE28*(1+'Assumptions & Ref'!$C$29)) | BI28: =IF($C28="","",PI()*('Assumptions & Ref'!$C$25-'Assumptions & Ref'!$C$26)/1000*'Assumptions & Ref'!$C$26/1000*$C$5) | BJ28: =IF($C28="","",BH28*BI28) | BK28: =IF($C28="","",BE28*1000*P28/25.4) | BL28: =IF($C28="","",O28*'Assumptions & Ref'!$C$28/1000) | BM28: =IF($C28="","",BD28*BL28*(1-'Assumptions & Ref'!$C$31)) | BN28: =IF($C28="","",BK28*BM28*'Assumptions & Ref'!$C$30/1000*INDEX($C$5:$I$5,MATCH(R28,$C$4:$I$4,0))) | BO28: =IF($C28="","",'Assumptions & Ref'!$C$34+O28*'Assumptions & Ref'!$C$35+'Assumptions & Ref'!$C$36+IF(OR(S28="Pre+Fine",S28="Pre+Fine+HEPA"),'Assumptions & Ref'!$C$37,0)+IF(S28="Pre+Fine+HEPA",'Assumptions & Ref'!$C$38,0)) | BP28: =IF($C28="","",G28+BO28) | BQ28: =IF($C28="","",AK28*BP28/(1000*IF(M28="Plug fan",'Assumptions & Ref'!$C$39,'Assumptions & Ref'!$C$40)*'Assumptions & Ref'!$C$41)) | BR28: =IF($C28="","",IFERROR(INDEX('Assumptions & Ref'!$B$44:$B$61,MATCH(BQ28,'Assumptions & Ref'!$B$44:$B$61,1)+IF(INDEX('Assumptions & Ref'!$B$44:$B$61,MATCH(BQ28,'Assumptions & Ref'!$B$44:$B$61,1))>=BQ28,0,1)),INDEX('Assumptions & Ref'!$B$44:$B$61,1))) | BS28: =IF($C28="","",BR28*IF(M28="Plug fan",'Assumptions & Ref'!$C$64,'Assumptions & Ref'!$C$65)) | BT28: =IF($C28="","",IF(N28="Y",BR28*'Assumptions & Ref'!$C$66,0)) | BU28: =IF($C28="","",AM28) | BV28: =IF($C28="","",BU28*('Assumptions & Ref'!$C$67+IF(OR(S28="Pre+Fine",S28="Pre+Fine+HEPA"),'Assumptions & Ref'!$C$68,0)+IF(S28="Pre+Fine+HEPA",'Assumptions & Ref'!$C$69,0))) | BW28: =IF($C28="","",AM28*IF(U28="Mixed (return+fresh)",2,1)) | BX28: =IF($C28="","",BW28*'Assumptions & Ref'!$C$70) | BY28: =IF($C28="","",AN28*('Assumptions & Ref'!$C$17+O28*'Assumptions & Ref'!$C$18+0.2)*'Assumptions & Ref'!$C$81/1000*$G$5) | BZ28: =IF($C28="","",BY28*$G$6) | CA28: =IF($C28="","",BJ28*$C$6+BN28*INDEX($C$6:$I$6,MATCH(R28,$C$4:$I$4,0))+AV28*AU28+AZ28*AX28+BC28+BZ28) | CB28: =IF($C28="","",BS28+BT28+BV28+BX28) | CC28: =IF($C28="","",(AV28+BB28)*'Assumptions & Ref'!$C$78+(BJ28+BN28)*'Assumptions & Ref'!$C$80) | CD28: =IF($C28="","",'Assumptions & Ref'!$C$84*(CA28+CB28+CC28)) | CE28: =IF($C28="","",'Assumptions & Ref'!$C$85*(CA28+CB28+CC28+CD28)) | CF28: =IF($C28="","",CA28+CB28+CC28+CD28+CE28) | CH28: =IF($C28="","",CA28) | CI28: =IF($C28="","",CB28+CC28) | CJ28: =IF($C28="","",CD28+CE28)

Sheet FCU Batch Calculator
B1: FCU — BATCH SHOULD-COST CALCULATOR
B2: One row per FCU. Same material-weight basis as the AHU tab: copper tube, aluminium fin, sheet metal and insulation derived from airflow and coil geometry.
B3: Refresh prices: | C3: https://www.lme.com/metals/non-ferrous/lme-copper | F3: https://steel.gov.in/monthly-summery
B4: MATERIAL MASTER | C4: Copper tube | D4: Aluminium fin | E4: GI sheet | F4: Pre-coated GI | G4: SS 304 | H4: PUF | I4: Rockwool
B5: Density (kg/m³) | C5: 8960 | D5: 2700 | E5: 7850 | F5: 7850 | G5: 7900 | H5: 40 | I5: 64 | K5: This tab holds its own editable copy, so AHU and FCU can be priced independently if needed.
B6: Price (Rs/kg) | C6: 1400 | D6: 260 | E6: 80 | F6: 95 | G6: 260 | H6: 350 | I6: 85
B8: FCU tag / label | C8: Airflow CFM | D8: Capacity TR | E8: Type | F8: Coil rows | G8: ESP Pa (ducted) | H8: Casing material | I8: Panel thk mm | J8: Insulation | K8: Insul thk mm | L8: FPI | M8: Fin material | N8: TOTAL COST Rs | O8: Rs per CFM | P8: Rs per TR | Q8: Total wt kg | R8: Copper kg | S8: Aluminium kg | T8: Sheet kg | U8: Insulation kg | V8: Blower W | X8: CMH | Y8: m3/s | Z8: face area | AA8: cross-sec | AB8: W m | AC8: H m | AD8: L m | AE8: surface m2 | AF8: sheet dens | AG8: sheet px | AH8: SHEET kg | AI8: ins dens | AJ8: ins px | AK8: ins vol | AL8: INSUL kg | AM8: Hf m | AN8: Lf m | AO8: tubes/row | AP8: tubes tot | AQ8: tube len | AR8: tube kg/m | AS8: COPPER kg | AT8: n fins | AU8: coil depth | AV8: fin area | AW8: ALU kg | AX8: ISP Pa | AY8: TSP Pa | AZ8: BLOWER W | BA8: blower Rs | BB8: pan kg | BC8: pan Rs | BD8: A material | BE8: B boughtout | BF8: C conversion | BG8: D overhead | BH8: E margin | BI8: TOTAL | BK8: Material Rs (A) | BL8: Labour+Conv. Rs (B+C) | BM8: OH+Margin Rs (D+E)
B9: FCU-01 Guest room | C9: 400 | D9: 1 | E9: Ceiling concealed | F9: 3 | G9: 0 | H9: GI sheet | I9: 0.6 | J9: Rockwool | K9: 13 | L9: 12 | M9: Aluminium fin | N9: =IF($C9="","",BI9) -> 9461.5892 | O9: =IF($C9="","",BI9/C9) -> 23.653973 | P9: =IF($C9="","",IF(D9=0,"",BI9/D9)) -> 9461.5892 | Q9: =IF($C9="","",AS9+AW9+AH9+AL9+BB9) -> 9.1407105 | R9: =IF($C9="","",AS9) -> 1.0794329 | S9: =IF($C9="","",AW9) -> 0.69794234 | T9: =IF($C9="","",AH9) -> 5.4268489 | U9: =IF($C9="","",AL9) -> 0.85591794 | V9: =IF($C9="","",AZ9) -> 57.712063 | X9: =IF($C9="","",C9*'Assumptions & Ref'!$C$10) -> 679.6 | Y9: =IF($C9="","",X9/3600) -> 0.18877778 | Z9: =IF($C9="","",Y9/'Assumptions & Ref'!$C$7) -> 0.094388889 | AA9: =IF($C9="","",Z9/'Assumptions & Ref'!$C$8) -> 0.11104575 | AB9: =IF($C9="","",SQRT(AA9*'Assumptions & Ref'!$C$9)) -> 0.37994668 | AC9: =IF($C9="","",SQRT(AA9/'Assumptions & Ref'!$C$9)) -> 0.29226667 | AD9: =IF($C9="","",IFERROR(INDEX('Assumptions & Ref'!$C$89:$C$92,MATCH(E9,'Assumptions & Ref'!$B$89:$B$92,0)),0.6)) -> 0.6 | AE9: =IF($C9="","",2*(AB9+AC9)*AD9+2*AB9*AC9) -> 1.0287475 | AF9: =IF($C9="","",INDEX($C$5:$I$5,MATCH(H9,$C$4:$I$4,0))) -> 7850 | AG9: =IF($C9="","",INDEX($C$6:$I$6,MATCH(H9,$C$4:$I$4,0))) -> 80 | AH9: =IF($C9="","",AE9*I9/1000*AF9*(1+'Assumptions & Ref'!$C$75)) -> 5.4268489 | AI9: =IF($C9="","",INDEX($C$5:$I$5,MATCH(J9,$C$4:$I$4,0))) -> 64 | AJ9: =IF($C9="","",INDEX($C$6:$I$6,MATCH(J9,$C$4:$I$4,0))) -> 85 | AK9: =IF($C9="","",AE9*K9/1000) -> 0.013373718 | AL9: =IF($C9="","",AK9*AI9) -> 0.85591794 | AM9: =IF($C9="","",SQRT(Z9/'Assumptions & Ref'!$C$9)) -> 0.26945656 | AN9: =IF($C9="","",SQRT(Z9*'Assumptions & Ref'!$C$9)) -> 0.35029353 | AO9: =IF($C9="","",AM9*1000/'Assumptions & Ref'!$D$27) -> 10.778262 | AP9: =IF($C9="","",AO9*F9) -> 32.334787 | AQ9: =IF($C9="","",AP9*AN9*(1+'Assumptions & Ref'!$D$29)) -> 13.025667 | AR9: =IF($C9="","",PI()*('Assumptions & Ref'!$D$25-'Assumptions & Ref'!$D$26)/1000*'Assumptions & Ref'!$D$26/1000*$C$5) -> 0.082869685 | AS9: =IF($C9="","",AQ9*AR9) -> 1.0794329 | AT9: =IF($C9="","",AN9*1000*L9/25.4) -> 165.49301 | AU9: =IF($C9="","",F9*'Assumptions & Ref'!$D$28/1000) -> 0.06495 | AV9: =IF($C9="","",AM9*AU9*(1-'Assumptions & Ref'!$D$31)) -> 0.014876023 | AW9: =IF($C9="","",AT9*AV9*'Assumptions & Ref'!$D$30/1000*INDEX($C$5:$I$5,MATCH(M9,$C$4:$I$4,0))) -> 0.69794234 | AX9: =IF($C9="","",'Assumptions & Ref'!$C$95+F9*'Assumptions & Ref'!$C$96+'Assumptions & Ref'!$C$97) -> 107 | AY9: =IF($C9="","",IF(E9="Ducted",G9,0)+AX9) -> 107 | AZ9: =IF($C9="","",Y9*AY9/'Assumptions & Ref'!$C$98) -> 57.712063 | BA9: =IF($C9="","",'Assumptions & Ref'!$C$71+AZ9*'Assumptions & Ref'!$C$72) -> 4397.0429 | BB9: =IF($C9="","",AB9*(AD9*0.6)*'Assumptions & Ref'!$C$81/1000*$G$5) -> 1.0805683 | BC9: =IF($C9="","",BB9*$G$6) -> 280.94777 | BD9: =IF($C9="","",AS9*$C$6+AW9*INDEX($C$6:$I$6,MATCH(M9,$C$4:$I$4,0))+AH9*AG9+AL9*AJ9+BC9) -> 2480.5198 | BE9: =IF($C9="","",BA9) -> 4397.0429 | BF9: =IF($C9="","",AH9*'Assumptions & Ref'!$C$79+(AS9+AW9)*'Assumptions & Ref'!$C$80) -> 802.29877 | BG9: =IF($C9="","",'Assumptions & Ref'!$C$84*(BD9+BE9+BF9)) -> 767.98614 | BH9: =IF($C9="","",'Assumptions & Ref'!$C$85*(BD9+BE9+BF9+BG9)) -> 1013.7417 | BI9: =IF($C9="","",BD9+BE9+BF9+BG9+BH9) -> 9461.5892 | BK9: =IF($C9="","",BD9) -> 2480.5198 | BL9: =IF($C9="","",BE9+BF9) -> 5199.3416 | BM9: =IF($C9="","",BG9+BH9) -> 1781.7278
B10: FCU-02 Guest room | C10: 600 | D10: 1.5 | E10: Ceiling concealed | F10: 3 | G10: 0 | H10: GI sheet | I10: 0.6 | J10: Rockwool | K10: 13 | L10: 12 | M10: Aluminium fin | N10: =IF($C10="","",BI10) -> 12680.36 | O10: =IF($C10="","",BI10/C10) -> 21.133934 | P10: =IF($C10="","",IF(D10=0,"",BI10/D10)) -> 8453.5736 | Q10: =IF($C10="","",AS10+AW10+AH10+AL10+BB10) -> 12.057614 | R10: =IF($C10="","",AS10) -> 1.6191493 | S10: =IF($C10="","",AW10) -> 1.0469135 | T10: =IF($C10="","",AH10) -> 6.968988 | U10: =IF($C10="","",AL10) -> 1.0991428 | V10: =IF($C10="","",AZ10) -> 86.568095 | X10: =IF($C10="","",C10*'Assumptions & Ref'!$C$10) -> 1019.4 | Y10: =IF($C10="","",X10/3600) -> 0.28316667 | Z10: =IF($C10="","",Y10/'Assumptions & Ref'!$C$7) -> 0.14158333 | AA10: =IF($C10="","",Z10/'Assumptions & Ref'!$C$8) -> 0.16656863 | AB10: =IF($C10="","",SQRT(AA10*'Assumptions & Ref'!$C$9)) -> 0.46533774 | AC10: =IF($C10="","",SQRT(AA10/'Assumptions & Ref'!$C$9)) -> 0.35795211 | AD10: =IF($C10="","",IFERROR(INDEX('Assumptions & Ref'!$C$89:$C$92,MATCH(E10,'Assumptions & Ref'!$B$89:$B$92,0)),0.6)) -> 0.6 | AE10: =IF($C10="","",2*(AB10+AC10)*AD10+2*AB10*AC10) -> 1.3210851 | AF10: =IF($C10="","",INDEX($C$5:$I$5,MATCH(H10,$C$4:$I$4,0))) -> 7850 | AG10: =IF($C10="","",INDEX($C$6:$I$6,MATCH(H10,$C$4:$I$4,0))) -> 80 | AH10: =IF($C10="","",AE10*I10/1000*AF10*(1+'Assumptions & Ref'!$C$75)) -> 6.968988 | AI10: =IF($C10="","",INDEX($C$5:$I$5,MATCH(J10,$C$4:$I$4,0))) -> 64 | AJ10: =IF($C10="","",INDEX($C$6:$I$6,MATCH(J10,$C$4:$I$4,0))) -> 85 | AK10: =IF($C10="","",AE10*K10/1000) -> 0.017174106 | AL10: =IF($C10="","",AK10*AI10) -> 1.0991428 | AM10: =IF($C10="","",SQRT(Z10/'Assumptions & Ref'!$C$9)) -> 0.33001554 | AN10: =IF($C10="","",SQRT(Z10*'Assumptions & Ref'!$C$9)) -> 0.4290202 | AO10: =IF($C10="","",AM10*1000/'Assumptions & Ref'!$D$27) -> 13.200622 | AP10: =IF($C10="","",AO10*F10) -> 39.601865 | AQ10: =IF($C10="","",AP10*AN10*(1+'Assumptions & Ref'!$D$29)) -> 19.5385 | AR10: =IF($C10="","",PI()*('Assumptions & Ref'!$D$25-'Assumptions & Ref'!$D$26)/1000*'Assumptions & Ref'!$D$26/1000*$C$5) -> 0.082869685 | AS10: =IF($C10="","",AQ10*AR10) -> 1.6191493 | AT10: =IF($C10="","",AN10*1000*L10/25.4) -> 202.68671 | AU10: =IF($C10="","",F10*'Assumptions & Ref'!$D$28/1000) -> 0.06495 | AV10: =IF($C10="","",AM10*AU10*(1-'Assumptions & Ref'!$D$31)) -> 0.018219333 | AW10: =IF($C10="","",AT10*AV10*'Assumptions & Ref'!$D$30/1000*INDEX($C$5:$I$5,MATCH(M10,$C$4:$I$4,0))) -> 1.0469135 | AX10: =IF($C10="","",'Assumptions & Ref'!$C$95+F10*'Assumptions & Ref'!$C$96+'Assumptions & Ref'!$C$97) -> 107 | AY10: =IF($C10="","",IF(E10="Ducted",G10,0)+AX10) -> 107 | AZ10: =IF($C10="","",Y10*AY10/'Assumptions & Ref'!$C$98) -> 86.568095 | BA10: =IF($C10="","",'Assumptions & Ref'!$C$71+AZ10*'Assumptions & Ref'!$C$72) -> 5695.5643 | BB10: =IF($C10="","",AB10*(AD10*0.6)*'Assumptions & Ref'!$C$81/1000*$G$5) -> 1.3234205 | BC10: =IF($C10="","",BB10*$G$6) -> 344.08934 | BD10: =IF($C10="","",AS10*$C$6+AW10*INDEX($C$6:$I$6,MATCH(M10,$C$4:$I$4,0))+AH10*AG10+AL10*AJ10+BC10) -> 3534.0421 | BE10: =IF($C10="","",BA10) -> 5695.5643 | BF10: =IF($C10="","",AH10*'Assumptions & Ref'!$C$79+(AS10+AW10)*'Assumptions & Ref'!$C$80) -> 1062.8939 | BG10: =IF($C10="","",'Assumptions & Ref'!$C$84*(BD10+BE10+BF10)) -> 1029.25 | BH10: =IF($C10="","",'Assumptions & Ref'!$C$85*(BD10+BE10+BF10+BG10)) -> 1358.61 | BI10: =IF($C10="","",BD10+BE10+BF10+BG10+BH10) -> 12680.36 | BK10: =IF($C10="","",BD10) -> 3534.0421 | BL10: =IF($C10="","",BE10+BF10) -> 6758.4582 | BM10: =IF($C10="","",BG10+BH10) -> 2387.8601
B11: FCU-03 Corridor cassette | C11: 800 | D11: 2 | E11: Cassette | F11: 3 | G11: 0 | H11: Pre-coated GI | I11: 0.6 | J11: PUF | K11: 13 | L11: 12 | M11: Aluminium fin | N11: =IF($C11="","",BI11) -> 17193.97 | O11: =IF($C11="","",BI11/C11) -> 21.492462 | P11: =IF($C11="","",IF(D11=0,"",BI11/D11)) -> 8596.9848 | Q11: =IF($C11="","",AS11+AW11+AH11+AL11+BB11) -> 17.659449 | R11: =IF($C11="","",AS11) -> 2.1588658 | S11: =IF($C11="","",AW11) -> 1.3958847 | T11: =IF($C11="","",AH11) -> 10.86846 | U11: =IF($C11="","",AL11) -> 1.0713526 | V11: =IF($C11="","",AZ11) -> 115.42413 | X11: =IF($C11="","",C11*'Assumptions & Ref'!$C$10) -> 1359.2 | Y11: =IF($C11="","",X11/3600) -> 0.37755556 | Z11: =IF($C11="","",Y11/'Assumptions & Ref'!$C$7) -> 0.18877778 | AA11: =IF($C11="","",Z11/'Assumptions & Ref'!$C$8) -> 0.2220915 | AB11: =IF($C11="","",SQRT(AA11*'Assumptions & Ref'!$C$9)) -> 0.53732574 | AC11: =IF($C11="","",SQRT(AA11/'Assumptions & Ref'!$C$9)) -> 0.41332749 | AD11: =IF($C11="","",IFERROR(INDEX('Assumptions & Ref'!$C$89:$C$92,MATCH(E11,'Assumptions & Ref'!$B$89:$B$92,0)),0.6)) -> 0.85 | AE11: =IF($C11="","",2*(AB11+AC11)*AD11+2*AB11*AC11) -> 2.0602935 | AF11: =IF($C11="","",INDEX($C$5:$I$5,MATCH(H11,$C$4:$I$4,0))) -> 7850 | AG11: =IF($C11="","",INDEX($C$6:$I$6,MATCH(H11,$C$4:$I$4,0))) -> 95 | AH11: =IF($C11="","",AE11*I11/1000*AF11*(1+'Assumptions & Ref'!$C$75)) -> 10.86846 | AI11: =IF($C11="","",INDEX($C$5:$I$5,MATCH(J11,$C$4:$I$4,0))) -> 40 | AJ11: =IF($C11="","",INDEX($C$6:$I$6,MATCH(J11,$C$4:$I$4,0))) -> 350 | AK11: =IF($C11="","",AE11*K11/1000) -> 0.026783816 | AL11: =IF($C11="","",AK11*AI11) -> 1.0713526 | AM11: =IF($C11="","",SQRT(Z11/'Assumptions & Ref'!$C$9)) -> 0.38106912 | AN11: =IF($C11="","",SQRT(Z11*'Assumptions & Ref'!$C$9)) -> 0.49538986 | AO11: =IF($C11="","",AM11*1000/'Assumptions & Ref'!$D$27) -> 15.242765 | AP11: =IF($C11="","",AO11*F11) -> 45.728295 | AQ11: =IF($C11="","",AP11*AN11*(1+'Assumptions & Ref'!$D$29)) -> 26.051333 | AR11: =IF($C11="","",PI()*('Assumptions & Ref'!$D$25-'Assumptions & Ref'!$D$26)/1000*'Assumptions & Ref'!$D$26/1000*$C$5) -> 0.082869685 | AS11: =IF($C11="","",AQ11*AR11) -> 2.1588658 | AT11: =IF($C11="","",AN11*1000*L11/25.4) -> 234.04245 | AU11: =IF($C11="","",F11*'Assumptions & Ref'!$D$28/1000) -> 0.06495 | AV11: =IF($C11="","",AM11*AU11*(1-'Assumptions & Ref'!$D$31)) -> 0.021037874 | AW11: =IF($C11="","",AT11*AV11*'Assumptions & Ref'!$D$30/1000*INDEX($C$5:$I$5,MATCH(M11,$C$4:$I$4,0))) -> 1.3958847 | AX11: =IF($C11="","",'Assumptions & Ref'!$C$95+F11*'Assumptions & Ref'!$C$96+'Assumptions & Ref'!$C$97) -> 107 | AY11: =IF($C11="","",IF(E11="Ducted",G11,0)+AX11) -> 107 | AZ11: =IF($C11="","",Y11*AY11/'Assumptions & Ref'!$C$98) -> 115.42413 | BA11: =IF($C11="","",'Assumptions & Ref'!$C$71+AZ11*'Assumptions & Ref'!$C$72) -> 6994.0857 | BB11: =IF($C11="","",AB11*(AD11*0.6)*'Assumptions & Ref'!$C$81/1000*$G$5) -> 2.1648854 | BC11: =IF($C11="","",BB11*$G$6) -> 562.87021 | BD11: =IF($C11="","",AS11*$C$6+AW11*INDEX($C$6:$I$6,MATCH(M11,$C$4:$I$4,0))+AH11*AG11+AL11*AJ11+BC11) -> 5355.6895 | BE11: =IF($C11="","",BA11) -> 6994.0857 | BF11: =IF($C11="","",AH11*'Assumptions & Ref'!$C$79+(AS11+AW11)*'Assumptions & Ref'!$C$80) -> 1606.369 | BG11: =IF($C11="","",'Assumptions & Ref'!$C$84*(BD11+BE11+BF11)) -> 1395.6144 | BH11: =IF($C11="","",'Assumptions & Ref'!$C$85*(BD11+BE11+BF11+BG11)) -> 1842.211 | BI11: =IF($C11="","",BD11+BE11+BF11+BG11+BH11) -> 17193.97 | BK11: =IF($C11="","",BD11) -> 5355.6895 | BL11: =IF($C11="","",BE11+BF11) -> 8600.4547 | BM11: =IF($C11="","",BG11+BH11) -> 3237.8255
B12: FCU-04 Meeting room ducted | C12: 1200 | D12: 3 | E12: Ducted | F12: 4 | G12: 100 | H12: GI sheet | I12: 0.8 | J12: Rockwool | K12: 19 | L12: 12 | M12: Aluminium fin | N12: =IF($C12="","",BI12) -> 36366.968 | O12: =IF($C12="","",BI12/C12) -> 30.305807 | P12: =IF($C12="","",IF(D12=0,"",BI12/D12)) -> 12122.323 | Q12: =IF($C12="","",AS12+AW12+AH12+AL12+BB12) -> 29.353107 | R12: =IF($C12="","",AS12) -> 4.3177316 | S12: =IF($C12="","",AW12) -> 2.7917694 | T12: =IF($C12="","",AH12) -> 16.97022 | U12: =IF($C12="","",AL12) -> 2.933887 | V12: =IF($C12="","",AZ12) -> 357.59905 | X12: =IF($C12="","",C12*'Assumptions & Ref'!$C$10) -> 2038.8 | Y12: =IF($C12="","",X12/3600) -> 0.56633333 | Z12: =IF($C12="","",Y12/'Assumptions & Ref'!$C$7) -> 0.28316667 | AA12: =IF($C12="","",Z12/'Assumptions & Ref'!$C$8) -> 0.33313725 | AB12: =IF($C12="","",SQRT(AA12*'Assumptions & Ref'!$C$9)) -> 0.65808695 | AC12: =IF($C12="","",SQRT(AA12/'Assumptions & Ref'!$C$9)) -> 0.50622073 | AD12: =IF($C12="","",IFERROR(INDEX('Assumptions & Ref'!$C$89:$C$92,MATCH(E12,'Assumptions & Ref'!$B$89:$B$92,0)),0.6)) -> 0.75 | AE12: =IF($C12="","",2*(AB12+AC12)*AD12+2*AB12*AC12) -> 2.412736 | AF12: =IF($C12="","",INDEX($C$5:$I$5,MATCH(H12,$C$4:$I$4,0))) -> 7850 | AG12: =IF($C12="","",INDEX($C$6:$I$6,MATCH(H12,$C$4:$I$4,0))) -> 80 | AH12: =IF($C12="","",AE12*I12/1000*AF12*(1+'Assumptions & Ref'!$C$75)) -> 16.97022 | AI12: =IF($C12="","",INDEX($C$5:$I$5,MATCH(J12,$C$4:$I$4,0))) -> 64 | AJ12: =IF($C12="","",INDEX($C$6:$I$6,MATCH(J12,$C$4:$I$4,0))) -> 85 | AK12: =IF($C12="","",AE12*K12/1000) -> 0.045841984 | AL12: =IF($C12="","",AK12*AI12) -> 2.933887 | AM12: =IF($C12="","",SQRT(Z12/'Assumptions & Ref'!$C$9)) -> 0.46671245 | AN12: =IF($C12="","",SQRT(Z12*'Assumptions & Ref'!$C$9)) -> 0.60672619 | AO12: =IF($C12="","",AM12*1000/'Assumptions & Ref'!$D$27) -> 18.668498 | AP12: =IF($C12="","",AO12*F12) -> 74.673992 | AQ12: =IF($C12="","",AP12*AN12*(1+'Assumptions & Ref'!$D$29)) -> 52.102667 | AR12: =IF($C12="","",PI()*('Assumptions & Ref'!$D$25-'Assumptions & Ref'!$D$26)/1000*'Assumptions & Ref'!$D$26/1000*$C$5) -> 0.082869685 | AS12: =IF($C12="","",AQ12*AR12) -> 4.3177316 | AT12: =IF($C12="","",AN12*1000*L12/25.4) -> 286.64229 | AU12: =IF($C12="","",F12*'Assumptions & Ref'!$D$28/1000) -> 0.0866 | AV12: =IF($C12="","",AM12*AU12*(1-'Assumptions & Ref'!$D$31)) -> 0.034354704 | AW12: =IF($C12="","",AT12*AV12*'Assumptions & Ref'!$D$30/1000*INDEX($C$5:$I$5,MATCH(M12,$C$4:$I$4,0))) -> 2.7917694 | AX12: =IF($C12="","",'Assumptions & Ref'!$C$95+F12*'Assumptions & Ref'!$C$96+'Assumptions & Ref'!$C$97) -> 121 | AY12: =IF($C12="","",IF(E12="Ducted",G12,0)+AX12) -> 221 | AZ12: =IF($C12="","",Y12*AY12/'Assumptions & Ref'!$C$98) -> 357.59905 | BA12: =IF($C12="","",'Assumptions & Ref'!$C$71+AZ12*'Assumptions & Ref'!$C$72) -> 17891.957 | BB12: =IF($C12="","",AB12*(AD12*0.6)*'Assumptions & Ref'!$C$81/1000*$G$5) -> 2.3394991 | BC12: =IF($C12="","",BB12*$G$6) -> 608.26977 | BD12: =IF($C12="","",AS12*$C$6+AW12*INDEX($C$6:$I$6,MATCH(M12,$C$4:$I$4,0))+AH12*AG12+AL12*AJ12+BC12) -> 8985.952 | BE12: =IF($C12="","",BA12) -> 17891.957 | BF12: =IF($C12="","",AH12*'Assumptions & Ref'!$C$79+(AS12+AW12)*'Assumptions & Ref'!$C$80) -> 2640.734 | BG12: =IF($C12="","",'Assumptions & Ref'!$C$84*(BD12+BE12+BF12)) -> 2951.8643 | BH12: =IF($C12="","",'Assumptions & Ref'!$C$85*(BD12+BE12+BF12+BG12)) -> 3896.4609 | BI12: =IF($C12="","",BD12+BE12+BF12+BG12+BH12) -> 36366.968 | BK12: =IF($C12="","",BD12) -> 8985.952 | BL12: =IF($C12="","",BE12+BF12) -> 20532.691 | BM12: =IF($C12="","",BG12+BH12) -> 6848.3252
B13: FCU-05 Lobby floor standing | C13: 1600 | D13: 4 | E13: Floor standing | F13: 4 | G13: 0 | H13: Pre-coated GI | I13: 0.8 | J13: PUF | K13: 19 | L13: 12 | M13: Aluminium fin | N13: =IF($C13="","",BI13) -> 35682.319 | O13: =IF($C13="","",BI13/C13) -> 22.301449 | P13: =IF($C13="","",IF(D13=0,"",BI13/D13)) -> 8920.5797 | Q13: =IF($C13="","",AS13+AW13+AH13+AL13+BB13) -> 33.593324 | R13: =IF($C13="","",AS13) -> 5.7569754 | S13: =IF($C13="","",AW13) -> 3.7223592 | T13: =IF($C13="","",AH13) -> 19.487035 | U13: =IF($C13="","",AL13) -> 2.1056282 | V13: =IF($C13="","",AZ13) -> 261.0527 | X13: =IF($C13="","",C13*'Assumptions & Ref'!$C$10) -> 2718.4 | Y13: =IF($C13="","",X13/3600) -> 0.75511111 | Z13: =IF($C13="","",Y13/'Assumptions & Ref'!$C$7) -> 0.37755556 | AA13: =IF($C13="","",Z13/'Assumptions & Ref'!$C$8) -> 0.44418301 | AB13: =IF($C13="","",SQRT(AA13*'Assumptions & Ref'!$C$9)) -> 0.75989335 | AC13: =IF($C13="","",SQRT(AA13/'Assumptions & Ref'!$C$9)) -> 0.58453335 | AD13: =IF($C13="","",IFERROR(INDEX('Assumptions & Ref'!$C$89:$C$92,MATCH(E13,'Assumptions & Ref'!$B$89:$B$92,0)),0.6)) -> 0.7 | AE13: =IF($C13="","",2*(AB13+AC13)*AD13+2*AB13*AC13) -> 2.7705634 | AF13: =IF($C13="","",INDEX($C$5:$I$5,MATCH(H13,$C$4:$I$4,0))) -> 7850 | AG13: =IF($C13="","",INDEX($C$6:$I$6,MATCH(H13,$C$4:$I$4,0))) -> 95 | AH13: =IF($C13="","",AE13*I13/1000*AF13*(1+'Assumptions & Ref'!$C$75)) -> 19.487035 | AI13: =IF($C13="","",INDEX($C$5:$I$5,MATCH(J13,$C$4:$I$4,0))) -> 40 | AJ13: =IF($C13="","",INDEX($C$6:$I$6,MATCH(J13,$C$4:$I$4,0))) -> 350 | AK13: =IF($C13="","",AE13*K13/1000) -> 0.052640705 | AL13: =IF($C13="","",AK13*AI13) -> 2.1056282 | AM13: =IF($C13="","",SQRT(Z13/'Assumptions & Ref'!$C$9)) -> 0.53891312 | AN13: =IF($C13="","",SQRT(Z13*'Assumptions & Ref'!$C$9)) -> 0.70058706 | AO13: =IF($C13="","",AM13*1000/'Assumptions & Ref'!$D$27) -> 21.556525 | AP13: =IF($C13="","",AO13*F13) -> 86.226099 | AQ13: =IF($C13="","",AP13*AN13*(1+'Assumptions & Ref'!$D$29)) -> 69.470222 | AR13: =IF($C13="","",PI()*('Assumptions & Ref'!$D$25-'Assumptions & Ref'!$D$26)/1000*'Assumptions & Ref'!$D$26/1000*$C$5) -> 0.082869685 | AS13: =IF($C13="","",AQ13*AR13) -> 5.7569754 | AT13: =IF($C13="","",AN13*1000*L13/25.4) -> 330.98601 | AU13: =IF($C13="","",F13*'Assumptions & Ref'!$D$28/1000) -> 0.0866 | AV13: =IF($C13="","",AM13*AU13*(1-'Assumptions & Ref'!$D$31)) -> 0.039669395 | AW13: =IF($C13="","",AT13*AV13*'Assumptions & Ref'!$D$30/1000*INDEX($C$5:$I$5,MATCH(M13,$C$4:$I$4,0))) -> 3.7223592 | AX13: =IF($C13="","",'Assumptions & Ref'!$C$95+F13*'Assumptions & Ref'!$C$96+'Assumptions & Ref'!$C$97) -> 121 | AY13: =IF($C13="","",IF(E13="Ducted",G13,0)+AX13) -> 121 | AZ13: =IF($C13="","",Y13*AY13/'Assumptions & Ref'!$C$98) -> 261.0527 | BA13: =IF($C13="","",'Assumptions & Ref'!$C$71+AZ13*'Assumptions & Ref'!$C$72) -> 13547.371 | BB13: =IF($C13="","",AB13*(AD13*0.6)*'Assumptions & Ref'!$C$81/1000*$G$5) -> 2.5213261 | BC13: =IF($C13="","",BB13*$G$6) -> 655.5448 | BD13: =IF($C13="","",AS13*$C$6+AW13*INDEX($C$6:$I$6,MATCH(M13,$C$4:$I$4,0))+AH13*AG13+AL13*AJ13+BC13) -> 12271.362 | BE13: =IF($C13="","",BA13) -> 13547.371 | BF13: =IF($C13="","",AH13*'Assumptions & Ref'!$C$79+(AS13+AW13)*'Assumptions & Ref'!$C$80) -> 3144.1876 | BG13: =IF($C13="","",'Assumptions & Ref'!$C$84*(BD13+BE13+BF13)) -> 2896.2921 | BH13: =IF($C13="","",'Assumptions & Ref'!$C$85*(BD13+BE13+BF13+BG13)) -> 3823.1056 | BI13: =IF($C13="","",BD13+BE13+BF13+BG13+BH13) -> 35682.319 | BK13: =IF($C13="","",BD13) -> 12271.362 | BL13: =IF($C13="","",BE13+BF13) -> 16691.559 | BM13: =IF($C13="","",BG13+BH13) -> 6719.3977
B14: FCU-06 Ducted high ESP | C14: 2000 | D14: 5 | E14: Ducted | F14: 4 | G14: 150 | H14: GI sheet | I14: 0.8 | J14: Rockwool | K14: 19 | L14: 14 | M14: Aluminium fin | N14: =IF($C14="","",BI14) -> 65436.289 | O14: =IF($C14="","",BI14/C14) -> 32.718145 | P14: =IF($C14="","",IF(D14=0,"",BI14/D14)) -> 13087.258 | Q14: =IF($C14="","",AS14+AW14+AH14+AL14+BB14) -> 43.405914 | R14: =IF($C14="","",AS14) -> 7.1962193 | S14: =IF($C14="","",AW14) -> 5.4284405 | T14: =IF($C14="","",AH14) -> 23.668976 | U14: =IF($C14="","",AL14) -> 4.0919976 | V14: =IF($C14="","",AZ14) -> 730.83968 | X14: =IF($C14="","",C14*'Assumptions & Ref'!$C$10) -> 3398 | Y14: =IF($C14="","",X14/3600) -> 0.94388889 | Z14: =IF($C14="","",Y14/'Assumptions & Ref'!$C$7) -> 0.47194444 | AA14: =IF($C14="","",Z14/'Assumptions & Ref'!$C$8) -> 0.55522876 | AB14: =IF($C14="","",SQRT(AA14*'Assumptions & Ref'!$C$9)) -> 0.8495866 | AC14: =IF($C14="","",SQRT(AA14/'Assumptions & Ref'!$C$9)) -> 0.65352815 | AD14: =IF($C14="","",IFERROR(INDEX('Assumptions & Ref'!$C$89:$C$92,MATCH(E14,'Assumptions & Ref'!$B$89:$B$92,0)),0.6)) -> 0.75 | AE14: =IF($C14="","",2*(AB14+AC14)*AD14+2*AB14*AC14) -> 3.3651296 | AF14: =IF($C14="","",INDEX($C$5:$I$5,MATCH(H14,$C$4:$I$4,0))) -> 7850 | AG14: =IF($C14="","",INDEX($C$6:$I$6,MATCH(H14,$C$4:$I$4,0))) -> 80 | AH14: =IF($C14="","",AE14*I14/1000*AF14*(1+'Assumptions & Ref'!$C$75)) -> 23.668976 | AI14: =IF($C14="","",INDEX($C$5:$I$5,MATCH(J14,$C$4:$I$4,0))) -> 64 | AJ14: =IF($C14="","",INDEX($C$6:$I$6,MATCH(J14,$C$4:$I$4,0))) -> 85 | AK14: =IF($C14="","",AE14*K14/1000) -> 0.063937463 | AL14: =IF($C14="","",AK14*AI14) -> 4.0919976 | AM14: =IF($C14="","",SQRT(Z14/'Assumptions & Ref'!$C$9)) -> 0.60252318 | AN14: =IF($C14="","",SQRT(Z14*'Assumptions & Ref'!$C$9)) -> 0.78328014 | AO14: =IF($C14="","",AM14*1000/'Assumptions & Ref'!$D$27) -> 24.100927 | AP14: =IF($C14="","",AO14*F14) -> 96.40371 | AQ14: =IF($C14="","",AP14*AN14*(1+'Assumptions & Ref'!$D$29)) -> 86.837778 | AR14: =IF($C14="","",PI()*('Assumptions & Ref'!$D$25-'Assumptions & Ref'!$D$26)/1000*'Assumptions & Ref'!$D$26/1000*$C$5) -> 0.082869685 | AS14: =IF($C14="","",AQ14*AR14) -> 7.1962193 | AT14: =IF($C14="","",AN14*1000*L14/25.4) -> 431.72921 | AU14: =IF($C14="","",F14*'Assumptions & Ref'!$D$28/1000) -> 0.0866 | AV14: =IF($C14="","",AM14*AU14*(1-'Assumptions & Ref'!$D$31)) -> 0.044351732 | AW14: =IF($C14="","",AT14*AV14*'Assumptions & Ref'!$D$30/1000*INDEX($C$5:$I$5,MATCH(M14,$C$4:$I$4,0))) -> 5.4284405 | AX14: =IF($C14="","",'Assumptions & Ref'!$C$95+F14*'Assumptions & Ref'!$C$96+'Assumptions & Ref'!$C$97) -> 121 | AY14: =IF($C14="","",IF(E14="Ducted",G14,0)+AX14) -> 271 | AZ14: =IF($C14="","",Y14*AY14/'Assumptions & Ref'!$C$98) -> 730.83968 | BA14: =IF($C14="","",'Assumptions & Ref'!$C$71+AZ14*'Assumptions & Ref'!$C$72) -> 34687.786 | BB14: =IF($C14="","",AB14*(AD14*0.6)*'Assumptions & Ref'!$C$81/1000*$G$5) -> 3.0202804 | BC14: =IF($C14="","",BB14*$G$6) -> 785.27289 | BD14: =IF($C14="","",AS14*$C$6+AW14*INDEX($C$6:$I$6,MATCH(M14,$C$4:$I$4,0))+AH14*AG14+AL14*AJ14+BC14) -> 14512.712 | BE14: =IF($C14="","",BA14) -> 34687.786 | BF14: =IF($C14="","",AH14*'Assumptions & Ref'!$C$79+(AS14+AW14)*'Assumptions & Ref'!$C$80) -> 3913.3732 | BG14: =IF($C14="","",'Assumptions & Ref'!$C$84*(BD14+BE14+BF14)) -> 5311.3871 | BH14: =IF($C14="","",'Assumptions & Ref'!$C$85*(BD14+BE14+BF14+BG14)) -> 7011.031 | BI14: =IF($C14="","",BD14+BE14+BF14+BG14+BH14) -> 65436.289 | BK14: =IF($C14="","",BD14) -> 14512.712 | BL14: =IF($C14="","",BE14+BF14) -> 38601.159 | BM14: =IF($C14="","",BG14+BH14) -> 12322.418
N15: =IF($C15="","",BI15) | O15: =IF($C15="","",BI15/C15) | P15: =IF($C15="","",IF(D15=0,"",BI15/D15)) | Q15: =IF($C15="","",AS15+AW15+AH15+AL15+BB15) | R15: =IF($C15="","",AS15) | S15: =IF($C15="","",AW15) | T15: =IF($C15="","",AH15) | U15: =IF($C15="","",AL15) | V15: =IF($C15="","",AZ15) | X15: =IF($C15="","",C15*'Assumptions & Ref'!$C$10) | Y15: =IF($C15="","",X15/3600) | Z15: =IF($C15="","",Y15/'Assumptions & Ref'!$C$7) | AA15: =IF($C15="","",Z15/'Assumptions & Ref'!$C$8) | AB15: =IF($C15="","",SQRT(AA15*'Assumptions & Ref'!$C$9)) | AC15: =IF($C15="","",SQRT(AA15/'Assumptions & Ref'!$C$9)) | AD15: =IF($C15="","",IFERROR(INDEX('Assumptions & Ref'!$C$89:$C$92,MATCH(E15,'Assumptions & Ref'!$B$89:$B$92,0)),0.6)) | AE15: =IF($C15="","",2*(AB15+AC15)*AD15+2*AB15*AC15) | AF15: =IF($C15="","",INDEX($C$5:$I$5,MATCH(H15,$C$4:$I$4,0))) | AG15: =IF($C15="","",INDEX($C$6:$I$6,MATCH(H15,$C$4:$I$4,0))) | AH15: =IF($C15="","",AE15*I15/1000*AF15*(1+'Assumptions & Ref'!$C$75)) | AI15: =IF($C15="","",INDEX($C$5:$I$5,MATCH(J15,$C$4:$I$4,0))) | AJ15: =IF($C15="","",INDEX($C$6:$I$6,MATCH(J15,$C$4:$I$4,0))) | AK15: =IF($C15="","",AE15*K15/1000) | AL15: =IF($C15="","",AK15*AI15) | AM15: =IF($C15="","",SQRT(Z15/'Assumptions & Ref'!$C$9)) | AN15: =IF($C15="","",SQRT(Z15*'Assumptions & Ref'!$C$9)) | AO15: =IF($C15="","",AM15*1000/'Assumptions & Ref'!$D$27) | AP15: =IF($C15="","",AO15*F15) | AQ15: =IF($C15="","",AP15*AN15*(1+'Assumptions & Ref'!$D$29)) | AR15: =IF($C15="","",PI()*('Assumptions & Ref'!$D$25-'Assumptions & Ref'!$D$26)/1000*'Assumptions & Ref'!$D$26/1000*$C$5) | AS15: =IF($C15="","",AQ15*AR15) | AT15: =IF($C15="","",AN15*1000*L15/25.4) | AU15: =IF($C15="","",F15*'Assumptions & Ref'!$D$28/1000) | AV15: =IF($C15="","",AM15*AU15*(1-'Assumptions & Ref'!$D$31)) | AW15: =IF($C15="","",AT15*AV15*'Assumptions & Ref'!$D$30/1000*INDEX($C$5:$I$5,MATCH(M15,$C$4:$I$4,0))) | AX15: =IF($C15="","",'Assumptions & Ref'!$C$95+F15*'Assumptions & Ref'!$C$96+'Assumptions & Ref'!$C$97) | AY15: =IF($C15="","",IF(E15="Ducted",G15,0)+AX15) | AZ15: =IF($C15="","",Y15*AY15/'Assumptions & Ref'!$C$98) | BA15: =IF($C15="","",'Assumptions & Ref'!$C$71+AZ15*'Assumptions & Ref'!$C$72) | BB15: =IF($C15="","",AB15*(AD15*0.6)*'Assumptions & Ref'!$C$81/1000*$G$5) | BC15: =IF($C15="","",BB15*$G$6) | BD15: =IF($C15="","",AS15*$C$6+AW15*INDEX($C$6:$I$6,MATCH(M15,$C$4:$I$4,0))+AH15*AG15+AL15*AJ15+BC15) | BE15: =IF($C15="","",BA15) | BF15: =IF($C15="","",AH15*'Assumptions & Ref'!$C$79+(AS15+AW15)*'Assumptions & Ref'!$C$80) | BG15: =IF($C15="","",'Assumptions & Ref'!$C$84*(BD15+BE15+BF15)) | BH15: =IF($C15="","",'Assumptions & Ref'!$C$85*(BD15+BE15+BF15+BG15)) | BI15: =IF($C15="","",BD15+BE15+BF15+BG15+BH15) | BK15: =IF($C15="","",BD15) | BL15: =IF($C15="","",BE15+BF15) | BM15: =IF($C15="","",BG15+BH15)
N16: =IF($C16="","",BI16) | O16: =IF($C16="","",BI16/C16) | P16: =IF($C16="","",IF(D16=0,"",BI16/D16)) | Q16: =IF($C16="","",AS16+AW16+AH16+AL16+BB16) | R16: =IF($C16="","",AS16) | S16: =IF($C16="","",AW16) | T16: =IF($C16="","",AH16) | U16: =IF($C16="","",AL16) | V16: =IF($C16="","",AZ16) | X16: =IF($C16="","",C16*'Assumptions & Ref'!$C$10) | Y16: =IF($C16="","",X16/3600) | Z16: =IF($C16="","",Y16/'Assumptions & Ref'!$C$7) | AA16: =IF($C16="","",Z16/'Assumptions & Ref'!$C$8) | AB16: =IF($C16="","",SQRT(AA16*'Assumptions & Ref'!$C$9)) | AC16: =IF($C16="","",SQRT(AA16/'Assumptions & Ref'!$C$9)) | AD16: =IF($C16="","",IFERROR(INDEX('Assumptions & Ref'!$C$89:$C$92,MATCH(E16,'Assumptions & Ref'!$B$89:$B$92,0)),0.6)) | AE16: =IF($C16="","",2*(AB16+AC16)*AD16+2*AB16*AC16) | AF16: =IF($C16="","",INDEX($C$5:$I$5,MATCH(H16,$C$4:$I$4,0))) | AG16: =IF($C16="","",INDEX($C$6:$I$6,MATCH(H16,$C$4:$I$4,0))) | AH16: =IF($C16="","",AE16*I16/1000*AF16*(1+'Assumptions & Ref'!$C$75)) | AI16: =IF($C16="","",INDEX($C$5:$I$5,MATCH(J16,$C$4:$I$4,0))) | AJ16: =IF($C16="","",INDEX($C$6:$I$6,MATCH(J16,$C$4:$I$4,0))) | AK16: =IF($C16="","",AE16*K16/1000) | AL16: =IF($C16="","",AK16*AI16) | AM16: =IF($C16="","",SQRT(Z16/'Assumptions & Ref'!$C$9)) | AN16: =IF($C16="","",SQRT(Z16*'Assumptions & Ref'!$C$9)) | AO16: =IF($C16="","",AM16*1000/'Assumptions & Ref'!$D$27) | AP16: =IF($C16="","",AO16*F16) | AQ16: =IF($C16="","",AP16*AN16*(1+'Assumptions & Ref'!$D$29)) | AR16: =IF($C16="","",PI()*('Assumptions & Ref'!$D$25-'Assumptions & Ref'!$D$26)/1000*'Assumptions & Ref'!$D$26/1000*$C$5) | AS16: =IF($C16="","",AQ16*AR16) | AT16: =IF($C16="","",AN16*1000*L16/25.4) | AU16: =IF($C16="","",F16*'Assumptions & Ref'!$D$28/1000) | AV16: =IF($C16="","",AM16*AU16*(1-'Assumptions & Ref'!$D$31)) | AW16: =IF($C16="","",AT16*AV16*'Assumptions & Ref'!$D$30/1000*INDEX($C$5:$I$5,MATCH(M16,$C$4:$I$4,0))) | AX16: =IF($C16="","",'Assumptions & Ref'!$C$95+F16*'Assumptions & Ref'!$C$96+'Assumptions & Ref'!$C$97) | AY16: =IF($C16="","",IF(E16="Ducted",G16,0)+AX16) | AZ16: =IF($C16="","",Y16*AY16/'Assumptions & Ref'!$C$98) | BA16: =IF($C16="","",'Assumptions & Ref'!$C$71+AZ16*'Assumptions & Ref'!$C$72) | BB16: =IF($C16="","",AB16*(AD16*0.6)*'Assumptions & Ref'!$C$81/1000*$G$5) | BC16: =IF($C16="","",BB16*$G$6) | BD16: =IF($C16="","",AS16*$C$6+AW16*INDEX($C$6:$I$6,MATCH(M16,$C$4:$I$4,0))+AH16*AG16+AL16*AJ16+BC16) | BE16: =IF($C16="","",BA16) | BF16: =IF($C16="","",AH16*'Assumptions & Ref'!$C$79+(AS16+AW16)*'Assumptions & Ref'!$C$80) | BG16: =IF($C16="","",'Assumptions & Ref'!$C$84*(BD16+BE16+BF16)) | BH16: =IF($C16="","",'Assumptions & Ref'!$C$85*(BD16+BE16+BF16+BG16)) | BI16: =IF($C16="","",BD16+BE16+BF16+BG16+BH16) | BK16: =IF($C16="","",BD16) | BL16: =IF($C16="","",BE16+BF16) | BM16: =IF($C16="","",BG16+BH16)
N17: =IF($C17="","",BI17) | O17: =IF($C17="","",BI17/C17) | P17: =IF($C17="","",IF(D17=0,"",BI17/D17)) | Q17: =IF($C17="","",AS17+AW17+AH17+AL17+BB17) | R17: =IF($C17="","",AS17) | S17: =IF($C17="","",AW17) | T17: =IF($C17="","",AH17) | U17: =IF($C17="","",AL17) | V17: =IF($C17="","",AZ17) | X17: =IF($C17="","",C17*'Assumptions & Ref'!$C$10) | Y17: =IF($C17="","",X17/3600) | Z17: =IF($C17="","",Y17/'Assumptions & Ref'!$C$7) | AA17: =IF($C17="","",Z17/'Assumptions & Ref'!$C$8) | AB17: =IF($C17="","",SQRT(AA17*'Assumptions & Ref'!$C$9)) | AC17: =IF($C17="","",SQRT(AA17/'Assumptions & Ref'!$C$9)) | AD17: =IF($C17="","",IFERROR(INDEX('Assumptions & Ref'!$C$89:$C$92,MATCH(E17,'Assumptions & Ref'!$B$89:$B$92,0)),0.6)) | AE17: =IF($C17="","",2*(AB17+AC17)*AD17+2*AB17*AC17) | AF17: =IF($C17="","",INDEX($C$5:$I$5,MATCH(H17,$C$4:$I$4,0))) | AG17: =IF($C17="","",INDEX($C$6:$I$6,MATCH(H17,$C$4:$I$4,0))) | AH17: =IF($C17="","",AE17*I17/1000*AF17*(1+'Assumptions & Ref'!$C$75)) | AI17: =IF($C17="","",INDEX($C$5:$I$5,MATCH(J17,$C$4:$I$4,0))) | AJ17: =IF($C17="","",INDEX($C$6:$I$6,MATCH(J17,$C$4:$I$4,0))) | AK17: =IF($C17="","",AE17*K17/1000) | AL17: =IF($C17="","",AK17*AI17) | AM17: =IF($C17="","",SQRT(Z17/'Assumptions & Ref'!$C$9)) | AN17: =IF($C17="","",SQRT(Z17*'Assumptions & Ref'!$C$9)) | AO17: =IF($C17="","",AM17*1000/'Assumptions & Ref'!$D$27) | AP17: =IF($C17="","",AO17*F17) | AQ17: =IF($C17="","",AP17*AN17*(1+'Assumptions & Ref'!$D$29)) | AR17: =IF($C17="","",PI()*('Assumptions & Ref'!$D$25-'Assumptions & Ref'!$D$26)/1000*'Assumptions & Ref'!$D$26/1000*$C$5) | AS17: =IF($C17="","",AQ17*AR17) | AT17: =IF($C17="","",AN17*1000*L17/25.4) | AU17: =IF($C17="","",F17*'Assumptions & Ref'!$D$28/1000) | AV17: =IF($C17="","",AM17*AU17*(1-'Assumptions & Ref'!$D$31)) | AW17: =IF($C17="","",AT17*AV17*'Assumptions & Ref'!$D$30/1000*INDEX($C$5:$I$5,MATCH(M17,$C$4:$I$4,0))) | AX17: =IF($C17="","",'Assumptions & Ref'!$C$95+F17*'Assumptions & Ref'!$C$96+'Assumptions & Ref'!$C$97) | AY17: =IF($C17="","",IF(E17="Ducted",G17,0)+AX17) | AZ17: =IF($C17="","",Y17*AY17/'Assumptions & Ref'!$C$98) | BA17: =IF($C17="","",'Assumptions & Ref'!$C$71+AZ17*'Assumptions & Ref'!$C$72) | BB17: =IF($C17="","",AB17*(AD17*0.6)*'Assumptions & Ref'!$C$81/1000*$G$5) | BC17: =IF($C17="","",BB17*$G$6) | BD17: =IF($C17="","",AS17*$C$6+AW17*INDEX($C$6:$I$6,MATCH(M17,$C$4:$I$4,0))+AH17*AG17+AL17*AJ17+BC17) | BE17: =IF($C17="","",BA17) | BF17: =IF($C17="","",AH17*'Assumptions & Ref'!$C$79+(AS17+AW17)*'Assumptions & Ref'!$C$80) | BG17: =IF($C17="","",'Assumptions & Ref'!$C$84*(BD17+BE17+BF17)) | BH17: =IF($C17="","",'Assumptions & Ref'!$C$85*(BD17+BE17+BF17+BG17)) | BI17: =IF($C17="","",BD17+BE17+BF17+BG17+BH17) | BK17: =IF($C17="","",BD17) | BL17: =IF($C17="","",BE17+BF17) | BM17: =IF($C17="","",BG17+BH17)
N18: =IF($C18="","",BI18) | O18: =IF($C18="","",BI18/C18) | P18: =IF($C18="","",IF(D18=0,"",BI18/D18)) | Q18: =IF($C18="","",AS18+AW18+AH18+AL18+BB18) | R18: =IF($C18="","",AS18) | S18: =IF($C18="","",AW18) | T18: =IF($C18="","",AH18) | U18: =IF($C18="","",AL18) | V18: =IF($C18="","",AZ18) | X18: =IF($C18="","",C18*'Assumptions & Ref'!$C$10) | Y18: =IF($C18="","",X18/3600) | Z18: =IF($C18="","",Y18/'Assumptions & Ref'!$C$7) | AA18: =IF($C18="","",Z18/'Assumptions & Ref'!$C$8) | AB18: =IF($C18="","",SQRT(AA18*'Assumptions & Ref'!$C$9)) | AC18: =IF($C18="","",SQRT(AA18/'Assumptions & Ref'!$C$9)) | AD18: =IF($C18="","",IFERROR(INDEX('Assumptions & Ref'!$C$89:$C$92,MATCH(E18,'Assumptions & Ref'!$B$89:$B$92,0)),0.6)) | AE18: =IF($C18="","",2*(AB18+AC18)*AD18+2*AB18*AC18) | AF18: =IF($C18="","",INDEX($C$5:$I$5,MATCH(H18,$C$4:$I$4,0))) | AG18: =IF($C18="","",INDEX($C$6:$I$6,MATCH(H18,$C$4:$I$4,0))) | AH18: =IF($C18="","",AE18*I18/1000*AF18*(1+'Assumptions & Ref'!$C$75)) | AI18: =IF($C18="","",INDEX($C$5:$I$5,MATCH(J18,$C$4:$I$4,0))) | AJ18: =IF($C18="","",INDEX($C$6:$I$6,MATCH(J18,$C$4:$I$4,0))) | AK18: =IF($C18="","",AE18*K18/1000) | AL18: =IF($C18="","",AK18*AI18) | AM18: =IF($C18="","",SQRT(Z18/'Assumptions & Ref'!$C$9)) | AN18: =IF($C18="","",SQRT(Z18*'Assumptions & Ref'!$C$9)) | AO18: =IF($C18="","",AM18*1000/'Assumptions & Ref'!$D$27) | AP18: =IF($C18="","",AO18*F18) | AQ18: =IF($C18="","",AP18*AN18*(1+'Assumptions & Ref'!$D$29)) | AR18: =IF($C18="","",PI()*('Assumptions & Ref'!$D$25-'Assumptions & Ref'!$D$26)/1000*'Assumptions & Ref'!$D$26/1000*$C$5) | AS18: =IF($C18="","",AQ18*AR18) | AT18: =IF($C18="","",AN18*1000*L18/25.4) | AU18: =IF($C18="","",F18*'Assumptions & Ref'!$D$28/1000) | AV18: =IF($C18="","",AM18*AU18*(1-'Assumptions & Ref'!$D$31)) | AW18: =IF($C18="","",AT18*AV18*'Assumptions & Ref'!$D$30/1000*INDEX($C$5:$I$5,MATCH(M18,$C$4:$I$4,0))) | AX18: =IF($C18="","",'Assumptions & Ref'!$C$95+F18*'Assumptions & Ref'!$C$96+'Assumptions & Ref'!$C$97) | AY18: =IF($C18="","",IF(E18="Ducted",G18,0)+AX18) | AZ18: =IF($C18="","",Y18*AY18/'Assumptions & Ref'!$C$98) | BA18: =IF($C18="","",'Assumptions & Ref'!$C$71+AZ18*'Assumptions & Ref'!$C$72) | BB18: =IF($C18="","",AB18*(AD18*0.6)*'Assumptions & Ref'!$C$81/1000*$G$5) | BC18: =IF($C18="","",BB18*$G$6) | BD18: =IF($C18="","",AS18*$C$6+AW18*INDEX($C$6:$I$6,MATCH(M18,$C$4:$I$4,0))+AH18*AG18+AL18*AJ18+BC18) | BE18: =IF($C18="","",BA18) | BF18: =IF($C18="","",AH18*'Assumptions & Ref'!$C$79+(AS18+AW18)*'Assumptions & Ref'!$C$80) | BG18: =IF($C18="","",'Assumptions & Ref'!$C$84*(BD18+BE18+BF18)) | BH18: =IF($C18="","",'Assumptions & Ref'!$C$85*(BD18+BE18+BF18+BG18)) | BI18: =IF($C18="","",BD18+BE18+BF18+BG18+BH18) | BK18: =IF($C18="","",BD18) | BL18: =IF($C18="","",BE18+BF18) | BM18: =IF($C18="","",BG18+BH18)
N19: =IF($C19="","",BI19) | O19: =IF($C19="","",BI19/C19) | P19: =IF($C19="","",IF(D19=0,"",BI19/D19)) | Q19: =IF($C19="","",AS19+AW19+AH19+AL19+BB19) | R19: =IF($C19="","",AS19) | S19: =IF($C19="","",AW19) | T19: =IF($C19="","",AH19) | U19: =IF($C19="","",AL19) | V19: =IF($C19="","",AZ19) | X19: =IF($C19="","",C19*'Assumptions & Ref'!$C$10) | Y19: =IF($C19="","",X19/3600) | Z19: =IF($C19="","",Y19/'Assumptions & Ref'!$C$7) | AA19: =IF($C19="","",Z19/'Assumptions & Ref'!$C$8) | AB19: =IF($C19="","",SQRT(AA19*'Assumptions & Ref'!$C$9)) | AC19: =IF($C19="","",SQRT(AA19/'Assumptions & Ref'!$C$9)) | AD19: =IF($C19="","",IFERROR(INDEX('Assumptions & Ref'!$C$89:$C$92,MATCH(E19,'Assumptions & Ref'!$B$89:$B$92,0)),0.6)) | AE19: =IF($C19="","",2*(AB19+AC19)*AD19+2*AB19*AC19) | AF19: =IF($C19="","",INDEX($C$5:$I$5,MATCH(H19,$C$4:$I$4,0))) | AG19: =IF($C19="","",INDEX($C$6:$I$6,MATCH(H19,$C$4:$I$4,0))) | AH19: =IF($C19="","",AE19*I19/1000*AF19*(1+'Assumptions & Ref'!$C$75)) | AI19: =IF($C19="","",INDEX($C$5:$I$5,MATCH(J19,$C$4:$I$4,0))) | AJ19: =IF($C19="","",INDEX($C$6:$I$6,MATCH(J19,$C$4:$I$4,0))) | AK19: =IF($C19="","",AE19*K19/1000) | AL19: =IF($C19="","",AK19*AI19) | AM19: =IF($C19="","",SQRT(Z19/'Assumptions & Ref'!$C$9)) | AN19: =IF($C19="","",SQRT(Z19*'Assumptions & Ref'!$C$9)) | AO19: =IF($C19="","",AM19*1000/'Assumptions & Ref'!$D$27) | AP19: =IF($C19="","",AO19*F19) | AQ19: =IF($C19="","",AP19*AN19*(1+'Assumptions & Ref'!$D$29)) | AR19: =IF($C19="","",PI()*('Assumptions & Ref'!$D$25-'Assumptions & Ref'!$D$26)/1000*'Assumptions & Ref'!$D$26/1000*$C$5) | AS19: =IF($C19="","",AQ19*AR19) | AT19: =IF($C19="","",AN19*1000*L19/25.4) | AU19: =IF($C19="","",F19*'Assumptions & Ref'!$D$28/1000) | AV19: =IF($C19="","",AM19*AU19*(1-'Assumptions & Ref'!$D$31)) | AW19: =IF($C19="","",AT19*AV19*'Assumptions & Ref'!$D$30/1000*INDEX($C$5:$I$5,MATCH(M19,$C$4:$I$4,0))) | AX19: =IF($C19="","",'Assumptions & Ref'!$C$95+F19*'Assumptions & Ref'!$C$96+'Assumptions & Ref'!$C$97) | AY19: =IF($C19="","",IF(E19="Ducted",G19,0)+AX19) | AZ19: =IF($C19="","",Y19*AY19/'Assumptions & Ref'!$C$98) | BA19: =IF($C19="","",'Assumptions & Ref'!$C$71+AZ19*'Assumptions & Ref'!$C$72) | BB19: =IF($C19="","",AB19*(AD19*0.6)*'Assumptions & Ref'!$C$81/1000*$G$5) | BC19: =IF($C19="","",BB19*$G$6) | BD19: =IF($C19="","",AS19*$C$6+AW19*INDEX($C$6:$I$6,MATCH(M19,$C$4:$I$4,0))+AH19*AG19+AL19*AJ19+BC19) | BE19: =IF($C19="","",BA19) | BF19: =IF($C19="","",AH19*'Assumptions & Ref'!$C$79+(AS19+AW19)*'Assumptions & Ref'!$C$80) | BG19: =IF($C19="","",'Assumptions & Ref'!$C$84*(BD19+BE19+BF19)) | BH19: =IF($C19="","",'Assumptions & Ref'!$C$85*(BD19+BE19+BF19+BG19)) | BI19: =IF($C19="","",BD19+BE19+BF19+BG19+BH19) | BK19: =IF($C19="","",BD19) | BL19: =IF($C19="","",BE19+BF19) | BM19: =IF($C19="","",BG19+BH19)
N20: =IF($C20="","",BI20) | O20: =IF($C20="","",BI20/C20) | P20: =IF($C20="","",IF(D20=0,"",BI20/D20)) | Q20: =IF($C20="","",AS20+AW20+AH20+AL20+BB20) | R20: =IF($C20="","",AS20) | S20: =IF($C20="","",AW20) | T20: =IF($C20="","",AH20) | U20: =IF($C20="","",AL20) | V20: =IF($C20="","",AZ20) | X20: =IF($C20="","",C20*'Assumptions & Ref'!$C$10) | Y20: =IF($C20="","",X20/3600) | Z20: =IF($C20="","",Y20/'Assumptions & Ref'!$C$7) | AA20: =IF($C20="","",Z20/'Assumptions & Ref'!$C$8) | AB20: =IF($C20="","",SQRT(AA20*'Assumptions & Ref'!$C$9)) | AC20: =IF($C20="","",SQRT(AA20/'Assumptions & Ref'!$C$9)) | AD20: =IF($C20="","",IFERROR(INDEX('Assumptions & Ref'!$C$89:$C$92,MATCH(E20,'Assumptions & Ref'!$B$89:$B$92,0)),0.6)) | AE20: =IF($C20="","",2*(AB20+AC20)*AD20+2*AB20*AC20) | AF20: =IF($C20="","",INDEX($C$5:$I$5,MATCH(H20,$C$4:$I$4,0))) | AG20: =IF($C20="","",INDEX($C$6:$I$6,MATCH(H20,$C$4:$I$4,0))) | AH20: =IF($C20="","",AE20*I20/1000*AF20*(1+'Assumptions & Ref'!$C$75)) | AI20: =IF($C20="","",INDEX($C$5:$I$5,MATCH(J20,$C$4:$I$4,0))) | AJ20: =IF($C20="","",INDEX($C$6:$I$6,MATCH(J20,$C$4:$I$4,0))) | AK20: =IF($C20="","",AE20*K20/1000) | AL20: =IF($C20="","",AK20*AI20) | AM20: =IF($C20="","",SQRT(Z20/'Assumptions & Ref'!$C$9)) | AN20: =IF($C20="","",SQRT(Z20*'Assumptions & Ref'!$C$9)) | AO20: =IF($C20="","",AM20*1000/'Assumptions & Ref'!$D$27) | AP20: =IF($C20="","",AO20*F20) | AQ20: =IF($C20="","",AP20*AN20*(1+'Assumptions & Ref'!$D$29)) | AR20: =IF($C20="","",PI()*('Assumptions & Ref'!$D$25-'Assumptions & Ref'!$D$26)/1000*'Assumptions & Ref'!$D$26/1000*$C$5) | AS20: =IF($C20="","",AQ20*AR20) | AT20: =IF($C20="","",AN20*1000*L20/25.4) | AU20: =IF($C20="","",F20*'Assumptions & Ref'!$D$28/1000) | AV20: =IF($C20="","",AM20*AU20*(1-'Assumptions & Ref'!$D$31)) | AW20: =IF($C20="","",AT20*AV20*'Assumptions & Ref'!$D$30/1000*INDEX($C$5:$I$5,MATCH(M20,$C$4:$I$4,0))) | AX20: =IF($C20="","",'Assumptions & Ref'!$C$95+F20*'Assumptions & Ref'!$C$96+'Assumptions & Ref'!$C$97) | AY20: =IF($C20="","",IF(E20="Ducted",G20,0)+AX20) | AZ20: =IF($C20="","",Y20*AY20/'Assumptions & Ref'!$C$98) | BA20: =IF($C20="","",'Assumptions & Ref'!$C$71+AZ20*'Assumptions & Ref'!$C$72) | BB20: =IF($C20="","",AB20*(AD20*0.6)*'Assumptions & Ref'!$C$81/1000*$G$5) | BC20: =IF($C20="","",BB20*$G$6) | BD20: =IF($C20="","",AS20*$C$6+AW20*INDEX($C$6:$I$6,MATCH(M20,$C$4:$I$4,0))+AH20*AG20+AL20*AJ20+BC20) | BE20: =IF($C20="","",BA20) | BF20: =IF($C20="","",AH20*'Assumptions & Ref'!$C$79+(AS20+AW20)*'Assumptions & Ref'!$C$80) | BG20: =IF($C20="","",'Assumptions & Ref'!$C$84*(BD20+BE20+BF20)) | BH20: =IF($C20="","",'Assumptions & Ref'!$C$85*(BD20+BE20+BF20+BG20)) | BI20: =IF($C20="","",BD20+BE20+BF20+BG20+BH20) | BK20: =IF($C20="","",BD20) | BL20: =IF($C20="","",BE20+BF20) | BM20: =IF($C20="","",BG20+BH20)
N21: =IF($C21="","",BI21) | O21: =IF($C21="","",BI21/C21) | P21: =IF($C21="","",IF(D21=0,"",BI21/D21)) | Q21: =IF($C21="","",AS21+AW21+AH21+AL21+BB21) | R21: =IF($C21="","",AS21) | S21: =IF($C21="","",AW21) | T21: =IF($C21="","",AH21) | U21: =IF($C21="","",AL21) | V21: =IF($C21="","",AZ21) | X21: =IF($C21="","",C21*'Assumptions & Ref'!$C$10) | Y21: =IF($C21="","",X21/3600) | Z21: =IF($C21="","",Y21/'Assumptions & Ref'!$C$7) | AA21: =IF($C21="","",Z21/'Assumptions & Ref'!$C$8) | AB21: =IF($C21="","",SQRT(AA21*'Assumptions & Ref'!$C$9)) | AC21: =IF($C21="","",SQRT(AA21/'Assumptions & Ref'!$C$9)) | AD21: =IF($C21="","",IFERROR(INDEX('Assumptions & Ref'!$C$89:$C$92,MATCH(E21,'Assumptions & Ref'!$B$89:$B$92,0)),0.6)) | AE21: =IF($C21="","",2*(AB21+AC21)*AD21+2*AB21*AC21) | AF21: =IF($C21="","",INDEX($C$5:$I$5,MATCH(H21,$C$4:$I$4,0))) | AG21: =IF($C21="","",INDEX($C$6:$I$6,MATCH(H21,$C$4:$I$4,0))) | AH21: =IF($C21="","",AE21*I21/1000*AF21*(1+'Assumptions & Ref'!$C$75)) | AI21: =IF($C21="","",INDEX($C$5:$I$5,MATCH(J21,$C$4:$I$4,0))) | AJ21: =IF($C21="","",INDEX($C$6:$I$6,MATCH(J21,$C$4:$I$4,0))) | AK21: =IF($C21="","",AE21*K21/1000) | AL21: =IF($C21="","",AK21*AI21) | AM21: =IF($C21="","",SQRT(Z21/'Assumptions & Ref'!$C$9)) | AN21: =IF($C21="","",SQRT(Z21*'Assumptions & Ref'!$C$9)) | AO21: =IF($C21="","",AM21*1000/'Assumptions & Ref'!$D$27) | AP21: =IF($C21="","",AO21*F21) | AQ21: =IF($C21="","",AP21*AN21*(1+'Assumptions & Ref'!$D$29)) | AR21: =IF($C21="","",PI()*('Assumptions & Ref'!$D$25-'Assumptions & Ref'!$D$26)/1000*'Assumptions & Ref'!$D$26/1000*$C$5) | AS21: =IF($C21="","",AQ21*AR21) | AT21: =IF($C21="","",AN21*1000*L21/25.4) | AU21: =IF($C21="","",F21*'Assumptions & Ref'!$D$28/1000) | AV21: =IF($C21="","",AM21*AU21*(1-'Assumptions & Ref'!$D$31)) | AW21: =IF($C21="","",AT21*AV21*'Assumptions & Ref'!$D$30/1000*INDEX($C$5:$I$5,MATCH(M21,$C$4:$I$4,0))) | AX21: =IF($C21="","",'Assumptions & Ref'!$C$95+F21*'Assumptions & Ref'!$C$96+'Assumptions & Ref'!$C$97) | AY21: =IF($C21="","",IF(E21="Ducted",G21,0)+AX21) | AZ21: =IF($C21="","",Y21*AY21/'Assumptions & Ref'!$C$98) | BA21: =IF($C21="","",'Assumptions & Ref'!$C$71+AZ21*'Assumptions & Ref'!$C$72) | BB21: =IF($C21="","",AB21*(AD21*0.6)*'Assumptions & Ref'!$C$81/1000*$G$5) | BC21: =IF($C21="","",BB21*$G$6) | BD21: =IF($C21="","",AS21*$C$6+AW21*INDEX($C$6:$I$6,MATCH(M21,$C$4:$I$4,0))+AH21*AG21+AL21*AJ21+BC21) | BE21: =IF($C21="","",BA21) | BF21: =IF($C21="","",AH21*'Assumptions & Ref'!$C$79+(AS21+AW21)*'Assumptions & Ref'!$C$80) | BG21: =IF($C21="","",'Assumptions & Ref'!$C$84*(BD21+BE21+BF21)) | BH21: =IF($C21="","",'Assumptions & Ref'!$C$85*(BD21+BE21+BF21+BG21)) | BI21: =IF($C21="","",BD21+BE21+BF21+BG21+BH21) | BK21: =IF($C21="","",BD21) | BL21: =IF($C21="","",BE21+BF21) | BM21: =IF($C21="","",BG21+BH21)
N22: =IF($C22="","",BI22) | O22: =IF($C22="","",BI22/C22) | P22: =IF($C22="","",IF(D22=0,"",BI22/D22)) | Q22: =IF($C22="","",AS22+AW22+AH22+AL22+BB22) | R22: =IF($C22="","",AS22) | S22: =IF($C22="","",AW22) | T22: =IF($C22="","",AH22) | U22: =IF($C22="","",AL22) | V22: =IF($C22="","",AZ22) | X22: =IF($C22="","",C22*'Assumptions & Ref'!$C$10) | Y22: =IF($C22="","",X22/3600) | Z22: =IF($C22="","",Y22/'Assumptions & Ref'!$C$7) | AA22: =IF($C22="","",Z22/'Assumptions & Ref'!$C$8) | AB22: =IF($C22="","",SQRT(AA22*'Assumptions & Ref'!$C$9)) | AC22: =IF($C22="","",SQRT(AA22/'Assumptions & Ref'!$C$9)) | AD22: =IF($C22="","",IFERROR(INDEX('Assumptions & Ref'!$C$89:$C$92,MATCH(E22,'Assumptions & Ref'!$B$89:$B$92,0)),0.6)) | AE22: =IF($C22="","",2*(AB22+AC22)*AD22+2*AB22*AC22) | AF22: =IF($C22="","",INDEX($C$5:$I$5,MATCH(H22,$C$4:$I$4,0))) | AG22: =IF($C22="","",INDEX($C$6:$I$6,MATCH(H22,$C$4:$I$4,0))) | AH22: =IF($C22="","",AE22*I22/1000*AF22*(1+'Assumptions & Ref'!$C$75)) | AI22: =IF($C22="","",INDEX($C$5:$I$5,MATCH(J22,$C$4:$I$4,0))) | AJ22: =IF($C22="","",INDEX($C$6:$I$6,MATCH(J22,$C$4:$I$4,0))) | AK22: =IF($C22="","",AE22*K22/1000) | AL22: =IF($C22="","",AK22*AI22) | AM22: =IF($C22="","",SQRT(Z22/'Assumptions & Ref'!$C$9)) | AN22: =IF($C22="","",SQRT(Z22*'Assumptions & Ref'!$C$9)) | AO22: =IF($C22="","",AM22*1000/'Assumptions & Ref'!$D$27) | AP22: =IF($C22="","",AO22*F22) | AQ22: =IF($C22="","",AP22*AN22*(1+'Assumptions & Ref'!$D$29)) | AR22: =IF($C22="","",PI()*('Assumptions & Ref'!$D$25-'Assumptions & Ref'!$D$26)/1000*'Assumptions & Ref'!$D$26/1000*$C$5) | AS22: =IF($C22="","",AQ22*AR22) | AT22: =IF($C22="","",AN22*1000*L22/25.4) | AU22: =IF($C22="","",F22*'Assumptions & Ref'!$D$28/1000) | AV22: =IF($C22="","",AM22*AU22*(1-'Assumptions & Ref'!$D$31)) | AW22: =IF($C22="","",AT22*AV22*'Assumptions & Ref'!$D$30/1000*INDEX($C$5:$I$5,MATCH(M22,$C$4:$I$4,0))) | AX22: =IF($C22="","",'Assumptions & Ref'!$C$95+F22*'Assumptions & Ref'!$C$96+'Assumptions & Ref'!$C$97) | AY22: =IF($C22="","",IF(E22="Ducted",G22,0)+AX22) | AZ22: =IF($C22="","",Y22*AY22/'Assumptions & Ref'!$C$98) | BA22: =IF($C22="","",'Assumptions & Ref'!$C$71+AZ22*'Assumptions & Ref'!$C$72) | BB22: =IF($C22="","",AB22*(AD22*0.6)*'Assumptions & Ref'!$C$81/1000*$G$5) | BC22: =IF($C22="","",BB22*$G$6) | BD22: =IF($C22="","",AS22*$C$6+AW22*INDEX($C$6:$I$6,MATCH(M22,$C$4:$I$4,0))+AH22*AG22+AL22*AJ22+BC22) | BE22: =IF($C22="","",BA22) | BF22: =IF($C22="","",AH22*'Assumptions & Ref'!$C$79+(AS22+AW22)*'Assumptions & Ref'!$C$80) | BG22: =IF($C22="","",'Assumptions & Ref'!$C$84*(BD22+BE22+BF22)) | BH22: =IF($C22="","",'Assumptions & Ref'!$C$85*(BD22+BE22+BF22+BG22)) | BI22: =IF($C22="","",BD22+BE22+BF22+BG22+BH22) | BK22: =IF($C22="","",BD22) | BL22: =IF($C22="","",BE22+BF22) | BM22: =IF($C22="","",BG22+BH22)
N23: =IF($C23="","",BI23) | O23: =IF($C23="","",BI23/C23) | P23: =IF($C23="","",IF(D23=0,"",BI23/D23)) | Q23: =IF($C23="","",AS23+AW23+AH23+AL23+BB23) | R23: =IF($C23="","",AS23) | S23: =IF($C23="","",AW23) | T23: =IF($C23="","",AH23) | U23: =IF($C23="","",AL23) | V23: =IF($C23="","",AZ23) | X23: =IF($C23="","",C23*'Assumptions & Ref'!$C$10) | Y23: =IF($C23="","",X23/3600) | Z23: =IF($C23="","",Y23/'Assumptions & Ref'!$C$7) | AA23: =IF($C23="","",Z23/'Assumptions & Ref'!$C$8) | AB23: =IF($C23="","",SQRT(AA23*'Assumptions & Ref'!$C$9)) | AC23: =IF($C23="","",SQRT(AA23/'Assumptions & Ref'!$C$9)) | AD23: =IF($C23="","",IFERROR(INDEX('Assumptions & Ref'!$C$89:$C$92,MATCH(E23,'Assumptions & Ref'!$B$89:$B$92,0)),0.6)) | AE23: =IF($C23="","",2*(AB23+AC23)*AD23+2*AB23*AC23) | AF23: =IF($C23="","",INDEX($C$5:$I$5,MATCH(H23,$C$4:$I$4,0))) | AG23: =IF($C23="","",INDEX($C$6:$I$6,MATCH(H23,$C$4:$I$4,0))) | AH23: =IF($C23="","",AE23*I23/1000*AF23*(1+'Assumptions & Ref'!$C$75)) | AI23: =IF($C23="","",INDEX($C$5:$I$5,MATCH(J23,$C$4:$I$4,0))) | AJ23: =IF($C23="","",INDEX($C$6:$I$6,MATCH(J23,$C$4:$I$4,0))) | AK23: =IF($C23="","",AE23*K23/1000) | AL23: =IF($C23="","",AK23*AI23) | AM23: =IF($C23="","",SQRT(Z23/'Assumptions & Ref'!$C$9)) | AN23: =IF($C23="","",SQRT(Z23*'Assumptions & Ref'!$C$9)) | AO23: =IF($C23="","",AM23*1000/'Assumptions & Ref'!$D$27) | AP23: =IF($C23="","",AO23*F23) | AQ23: =IF($C23="","",AP23*AN23*(1+'Assumptions & Ref'!$D$29)) | AR23: =IF($C23="","",PI()*('Assumptions & Ref'!$D$25-'Assumptions & Ref'!$D$26)/1000*'Assumptions & Ref'!$D$26/1000*$C$5) | AS23: =IF($C23="","",AQ23*AR23) | AT23: =IF($C23="","",AN23*1000*L23/25.4) | AU23: =IF($C23="","",F23*'Assumptions & Ref'!$D$28/1000) | AV23: =IF($C23="","",AM23*AU23*(1-'Assumptions & Ref'!$D$31)) | AW23: =IF($C23="","",AT23*AV23*'Assumptions & Ref'!$D$30/1000*INDEX($C$5:$I$5,MATCH(M23,$C$4:$I$4,0))) | AX23: =IF($C23="","",'Assumptions & Ref'!$C$95+F23*'Assumptions & Ref'!$C$96+'Assumptions & Ref'!$C$97) | AY23: =IF($C23="","",IF(E23="Ducted",G23,0)+AX23) | AZ23: =IF($C23="","",Y23*AY23/'Assumptions & Ref'!$C$98) | BA23: =IF($C23="","",'Assumptions & Ref'!$C$71+AZ23*'Assumptions & Ref'!$C$72) | BB23: =IF($C23="","",AB23*(AD23*0.6)*'Assumptions & Ref'!$C$81/1000*$G$5) | BC23: =IF($C23="","",BB23*$G$6) | BD23: =IF($C23="","",AS23*$C$6+AW23*INDEX($C$6:$I$6,MATCH(M23,$C$4:$I$4,0))+AH23*AG23+AL23*AJ23+BC23) | BE23: =IF($C23="","",BA23) | BF23: =IF($C23="","",AH23*'Assumptions & Ref'!$C$79+(AS23+AW23)*'Assumptions & Ref'!$C$80) | BG23: =IF($C23="","",'Assumptions & Ref'!$C$84*(BD23+BE23+BF23)) | BH23: =IF($C23="","",'Assumptions & Ref'!$C$85*(BD23+BE23+BF23+BG23)) | BI23: =IF($C23="","",BD23+BE23+BF23+BG23+BH23) | BK23: =IF($C23="","",BD23) | BL23: =IF($C23="","",BE23+BF23) | BM23: =IF($C23="","",BG23+BH23)
N24: =IF($C24="","",BI24) | O24: =IF($C24="","",BI24/C24) | P24: =IF($C24="","",IF(D24=0,"",BI24/D24)) | Q24: =IF($C24="","",AS24+AW24+AH24+AL24+BB24) | R24: =IF($C24="","",AS24) | S24: =IF($C24="","",AW24) | T24: =IF($C24="","",AH24) | U24: =IF($C24="","",AL24) | V24: =IF($C24="","",AZ24) | X24: =IF($C24="","",C24*'Assumptions & Ref'!$C$10) | Y24: =IF($C24="","",X24/3600) | Z24: =IF($C24="","",Y24/'Assumptions & Ref'!$C$7) | AA24: =IF($C24="","",Z24/'Assumptions & Ref'!$C$8) | AB24: =IF($C24="","",SQRT(AA24*'Assumptions & Ref'!$C$9)) | AC24: =IF($C24="","",SQRT(AA24/'Assumptions & Ref'!$C$9)) | AD24: =IF($C24="","",IFERROR(INDEX('Assumptions & Ref'!$C$89:$C$92,MATCH(E24,'Assumptions & Ref'!$B$89:$B$92,0)),0.6)) | AE24: =IF($C24="","",2*(AB24+AC24)*AD24+2*AB24*AC24) | AF24: =IF($C24="","",INDEX($C$5:$I$5,MATCH(H24,$C$4:$I$4,0))) | AG24: =IF($C24="","",INDEX($C$6:$I$6,MATCH(H24,$C$4:$I$4,0))) | AH24: =IF($C24="","",AE24*I24/1000*AF24*(1+'Assumptions & Ref'!$C$75)) | AI24: =IF($C24="","",INDEX($C$5:$I$5,MATCH(J24,$C$4:$I$4,0))) | AJ24: =IF($C24="","",INDEX($C$6:$I$6,MATCH(J24,$C$4:$I$4,0))) | AK24: =IF($C24="","",AE24*K24/1000) | AL24: =IF($C24="","",AK24*AI24) | AM24: =IF($C24="","",SQRT(Z24/'Assumptions & Ref'!$C$9)) | AN24: =IF($C24="","",SQRT(Z24*'Assumptions & Ref'!$C$9)) | AO24: =IF($C24="","",AM24*1000/'Assumptions & Ref'!$D$27) | AP24: =IF($C24="","",AO24*F24) | AQ24: =IF($C24="","",AP24*AN24*(1+'Assumptions & Ref'!$D$29)) | AR24: =IF($C24="","",PI()*('Assumptions & Ref'!$D$25-'Assumptions & Ref'!$D$26)/1000*'Assumptions & Ref'!$D$26/1000*$C$5) | AS24: =IF($C24="","",AQ24*AR24) | AT24: =IF($C24="","",AN24*1000*L24/25.4) | AU24: =IF($C24="","",F24*'Assumptions & Ref'!$D$28/1000) | AV24: =IF($C24="","",AM24*AU24*(1-'Assumptions & Ref'!$D$31)) | AW24: =IF($C24="","",AT24*AV24*'Assumptions & Ref'!$D$30/1000*INDEX($C$5:$I$5,MATCH(M24,$C$4:$I$4,0))) | AX24: =IF($C24="","",'Assumptions & Ref'!$C$95+F24*'Assumptions & Ref'!$C$96+'Assumptions & Ref'!$C$97) | AY24: =IF($C24="","",IF(E24="Ducted",G24,0)+AX24) | AZ24: =IF($C24="","",Y24*AY24/'Assumptions & Ref'!$C$98) | BA24: =IF($C24="","",'Assumptions & Ref'!$C$71+AZ24*'Assumptions & Ref'!$C$72) | BB24: =IF($C24="","",AB24*(AD24*0.6)*'Assumptions & Ref'!$C$81/1000*$G$5) | BC24: =IF($C24="","",BB24*$G$6) | BD24: =IF($C24="","",AS24*$C$6+AW24*INDEX($C$6:$I$6,MATCH(M24,$C$4:$I$4,0))+AH24*AG24+AL24*AJ24+BC24) | BE24: =IF($C24="","",BA24) | BF24: =IF($C24="","",AH24*'Assumptions & Ref'!$C$79+(AS24+AW24)*'Assumptions & Ref'!$C$80) | BG24: =IF($C24="","",'Assumptions & Ref'!$C$84*(BD24+BE24+BF24)) | BH24: =IF($C24="","",'Assumptions & Ref'!$C$85*(BD24+BE24+BF24+BG24)) | BI24: =IF($C24="","",BD24+BE24+BF24+BG24+BH24) | BK24: =IF($C24="","",BD24) | BL24: =IF($C24="","",BE24+BF24) | BM24: =IF($C24="","",BG24+BH24)
N25: =IF($C25="","",BI25) | O25: =IF($C25="","",BI25/C25) | P25: =IF($C25="","",IF(D25=0,"",BI25/D25)) | Q25: =IF($C25="","",AS25+AW25+AH25+AL25+BB25) | R25: =IF($C25="","",AS25) | S25: =IF($C25="","",AW25) | T25: =IF($C25="","",AH25) | U25: =IF($C25="","",AL25) | V25: =IF($C25="","",AZ25) | X25: =IF($C25="","",C25*'Assumptions & Ref'!$C$10) | Y25: =IF($C25="","",X25/3600) | Z25: =IF($C25="","",Y25/'Assumptions & Ref'!$C$7) | AA25: =IF($C25="","",Z25/'Assumptions & Ref'!$C$8) | AB25: =IF($C25="","",SQRT(AA25*'Assumptions & Ref'!$C$9)) | AC25: =IF($C25="","",SQRT(AA25/'Assumptions & Ref'!$C$9)) | AD25: =IF($C25="","",IFERROR(INDEX('Assumptions & Ref'!$C$89:$C$92,MATCH(E25,'Assumptions & Ref'!$B$89:$B$92,0)),0.6)) | AE25: =IF($C25="","",2*(AB25+AC25)*AD25+2*AB25*AC25) | AF25: =IF($C25="","",INDEX($C$5:$I$5,MATCH(H25,$C$4:$I$4,0))) | AG25: =IF($C25="","",INDEX($C$6:$I$6,MATCH(H25,$C$4:$I$4,0))) | AH25: =IF($C25="","",AE25*I25/1000*AF25*(1+'Assumptions & Ref'!$C$75)) | AI25: =IF($C25="","",INDEX($C$5:$I$5,MATCH(J25,$C$4:$I$4,0))) | AJ25: =IF($C25="","",INDEX($C$6:$I$6,MATCH(J25,$C$4:$I$4,0))) | AK25: =IF($C25="","",AE25*K25/1000) | AL25: =IF($C25="","",AK25*AI25) | AM25: =IF($C25="","",SQRT(Z25/'Assumptions & Ref'!$C$9)) | AN25: =IF($C25="","",SQRT(Z25*'Assumptions & Ref'!$C$9)) | AO25: =IF($C25="","",AM25*1000/'Assumptions & Ref'!$D$27) | AP25: =IF($C25="","",AO25*F25) | AQ25: =IF($C25="","",AP25*AN25*(1+'Assumptions & Ref'!$D$29)) | AR25: =IF($C25="","",PI()*('Assumptions & Ref'!$D$25-'Assumptions & Ref'!$D$26)/1000*'Assumptions & Ref'!$D$26/1000*$C$5) | AS25: =IF($C25="","",AQ25*AR25) | AT25: =IF($C25="","",AN25*1000*L25/25.4) | AU25: =IF($C25="","",F25*'Assumptions & Ref'!$D$28/1000) | AV25: =IF($C25="","",AM25*AU25*(1-'Assumptions & Ref'!$D$31)) | AW25: =IF($C25="","",AT25*AV25*'Assumptions & Ref'!$D$30/1000*INDEX($C$5:$I$5,MATCH(M25,$C$4:$I$4,0))) | AX25: =IF($C25="","",'Assumptions & Ref'!$C$95+F25*'Assumptions & Ref'!$C$96+'Assumptions & Ref'!$C$97) | AY25: =IF($C25="","",IF(E25="Ducted",G25,0)+AX25) | AZ25: =IF($C25="","",Y25*AY25/'Assumptions & Ref'!$C$98) | BA25: =IF($C25="","",'Assumptions & Ref'!$C$71+AZ25*'Assumptions & Ref'!$C$72) | BB25: =IF($C25="","",AB25*(AD25*0.6)*'Assumptions & Ref'!$C$81/1000*$G$5) | BC25: =IF($C25="","",BB25*$G$6) | BD25: =IF($C25="","",AS25*$C$6+AW25*INDEX($C$6:$I$6,MATCH(M25,$C$4:$I$4,0))+AH25*AG25+AL25*AJ25+BC25) | BE25: =IF($C25="","",BA25) | BF25: =IF($C25="","",AH25*'Assumptions & Ref'!$C$79+(AS25+AW25)*'Assumptions & Ref'!$C$80) | BG25: =IF($C25="","",'Assumptions & Ref'!$C$84*(BD25+BE25+BF25)) | BH25: =IF($C25="","",'Assumptions & Ref'!$C$85*(BD25+BE25+BF25+BG25)) | BI25: =IF($C25="","",BD25+BE25+BF25+BG25+BH25) | BK25: =IF($C25="","",BD25) | BL25: =IF($C25="","",BE25+BF25) | BM25: =IF($C25="","",BG25+BH25)
N26: =IF($C26="","",BI26) | O26: =IF($C26="","",BI26/C26) | P26: =IF($C26="","",IF(D26=0,"",BI26/D26)) | Q26: =IF($C26="","",AS26+AW26+AH26+AL26+BB26) | R26: =IF($C26="","",AS26) | S26: =IF($C26="","",AW26) | T26: =IF($C26="","",AH26) | U26: =IF($C26="","",AL26) | V26: =IF($C26="","",AZ26) | X26: =IF($C26="","",C26*'Assumptions & Ref'!$C$10) | Y26: =IF($C26="","",X26/3600) | Z26: =IF($C26="","",Y26/'Assumptions & Ref'!$C$7) | AA26: =IF($C26="","",Z26/'Assumptions & Ref'!$C$8) | AB26: =IF($C26="","",SQRT(AA26*'Assumptions & Ref'!$C$9)) | AC26: =IF($C26="","",SQRT(AA26/'Assumptions & Ref'!$C$9)) | AD26: =IF($C26="","",IFERROR(INDEX('Assumptions & Ref'!$C$89:$C$92,MATCH(E26,'Assumptions & Ref'!$B$89:$B$92,0)),0.6)) | AE26: =IF($C26="","",2*(AB26+AC26)*AD26+2*AB26*AC26) | AF26: =IF($C26="","",INDEX($C$5:$I$5,MATCH(H26,$C$4:$I$4,0))) | AG26: =IF($C26="","",INDEX($C$6:$I$6,MATCH(H26,$C$4:$I$4,0))) | AH26: =IF($C26="","",AE26*I26/1000*AF26*(1+'Assumptions & Ref'!$C$75)) | AI26: =IF($C26="","",INDEX($C$5:$I$5,MATCH(J26,$C$4:$I$4,0))) | AJ26: =IF($C26="","",INDEX($C$6:$I$6,MATCH(J26,$C$4:$I$4,0))) | AK26: =IF($C26="","",AE26*K26/1000) | AL26: =IF($C26="","",AK26*AI26) | AM26: =IF($C26="","",SQRT(Z26/'Assumptions & Ref'!$C$9)) | AN26: =IF($C26="","",SQRT(Z26*'Assumptions & Ref'!$C$9)) | AO26: =IF($C26="","",AM26*1000/'Assumptions & Ref'!$D$27) | AP26: =IF($C26="","",AO26*F26) | AQ26: =IF($C26="","",AP26*AN26*(1+'Assumptions & Ref'!$D$29)) | AR26: =IF($C26="","",PI()*('Assumptions & Ref'!$D$25-'Assumptions & Ref'!$D$26)/1000*'Assumptions & Ref'!$D$26/1000*$C$5) | AS26: =IF($C26="","",AQ26*AR26) | AT26: =IF($C26="","",AN26*1000*L26/25.4) | AU26: =IF($C26="","",F26*'Assumptions & Ref'!$D$28/1000) | AV26: =IF($C26="","",AM26*AU26*(1-'Assumptions & Ref'!$D$31)) | AW26: =IF($C26="","",AT26*AV26*'Assumptions & Ref'!$D$30/1000*INDEX($C$5:$I$5,MATCH(M26,$C$4:$I$4,0))) | AX26: =IF($C26="","",'Assumptions & Ref'!$C$95+F26*'Assumptions & Ref'!$C$96+'Assumptions & Ref'!$C$97) | AY26: =IF($C26="","",IF(E26="Ducted",G26,0)+AX26) | AZ26: =IF($C26="","",Y26*AY26/'Assumptions & Ref'!$C$98) | BA26: =IF($C26="","",'Assumptions & Ref'!$C$71+AZ26*'Assumptions & Ref'!$C$72) | BB26: =IF($C26="","",AB26*(AD26*0.6)*'Assumptions & Ref'!$C$81/1000*$G$5) | BC26: =IF($C26="","",BB26*$G$6) | BD26: =IF($C26="","",AS26*$C$6+AW26*INDEX($C$6:$I$6,MATCH(M26,$C$4:$I$4,0))+AH26*AG26+AL26*AJ26+BC26) | BE26: =IF($C26="","",BA26) | BF26: =IF($C26="","",AH26*'Assumptions & Ref'!$C$79+(AS26+AW26)*'Assumptions & Ref'!$C$80) | BG26: =IF($C26="","",'Assumptions & Ref'!$C$84*(BD26+BE26+BF26)) | BH26: =IF($C26="","",'Assumptions & Ref'!$C$85*(BD26+BE26+BF26+BG26)) | BI26: =IF($C26="","",BD26+BE26+BF26+BG26+BH26) | BK26: =IF($C26="","",BD26) | BL26: =IF($C26="","",BE26+BF26) | BM26: =IF($C26="","",BG26+BH26)
... N28: =IF($C28="","",BI28) | O28: =IF($C28="","",BI28/C28) | P28: =IF($C28="","",IF(D28=0,"",BI28/D28)) | Q28: =IF($C28="","",AS28+AW28+AH28+AL28+BB28) | R28: =IF($C28="","",AS28) | S28: =IF($C28="","",AW28) | T28: =IF($C28="","",AH28) | U28: =IF($C28="","",AL28) | V28: =IF($C28="","",AZ28) | X28: =IF($C28="","",C28*'Assumptions & Ref'!$C$10) | Y28: =IF($C28="","",X28/3600) | Z28: =IF($C28="","",Y28/'Assumptions & Ref'!$C$7) | AA28: =IF($C28="","",Z28/'Assumptions & Ref'!$C$8) | AB28: =IF($C28="","",SQRT(AA28*'Assumptions & Ref'!$C$9)) | AC28: =IF($C28="","",SQRT(AA28/'Assumptions & Ref'!$C$9)) | AD28: =IF($C28="","",IFERROR(INDEX('Assumptions & Ref'!$C$89:$C$92,MATCH(E28,'Assumptions & Ref'!$B$89:$B$92,0)),0.6)) | AE28: =IF($C28="","",2*(AB28+AC28)*AD28+2*AB28*AC28) | AF28: =IF($C28="","",INDEX($C$5:$I$5,MATCH(H28,$C$4:$I$4,0))) | AG28: =IF($C28="","",INDEX($C$6:$I$6,MATCH(H28,$C$4:$I$4,0))) | AH28: =IF($C28="","",AE28*I28/1000*AF28*(1+'Assumptions & Ref'!$C$75)) | AI28: =IF($C28="","",INDEX($C$5:$I$5,MATCH(J28,$C$4:$I$4,0))) | AJ28: =IF($C28="","",INDEX($C$6:$I$6,MATCH(J28,$C$4:$I$4,0))) | AK28: =IF($C28="","",AE28*K28/1000) | AL28: =IF($C28="","",AK28*AI28) | AM28: =IF($C28="","",SQRT(Z28/'Assumptions & Ref'!$C$9)) | AN28: =IF($C28="","",SQRT(Z28*'Assumptions & Ref'!$C$9)) | AO28: =IF($C28="","",AM28*1000/'Assumptions & Ref'!$D$27) | AP28: =IF($C28="","",AO28*F28) | AQ28: =IF($C28="","",AP28*AN28*(1+'Assumptions & Ref'!$D$29)) | AR28: =IF($C28="","",PI()*('Assumptions & Ref'!$D$25-'Assumptions & Ref'!$D$26)/1000*'Assumptions & Ref'!$D$26/1000*$C$5) | AS28: =IF($C28="","",AQ28*AR28) | AT28: =IF($C28="","",AN28*1000*L28/25.4) | AU28: =IF($C28="","",F28*'Assumptions & Ref'!$D$28/1000) | AV28: =IF($C28="","",AM28*AU28*(1-'Assumptions & Ref'!$D$31)) | AW28: =IF($C28="","",AT28*AV28*'Assumptions & Ref'!$D$30/1000*INDEX($C$5:$I$5,MATCH(M28,$C$4:$I$4,0))) | AX28: =IF($C28="","",'Assumptions & Ref'!$C$95+F28*'Assumptions & Ref'!$C$96+'Assumptions & Ref'!$C$97) | AY28: =IF($C28="","",IF(E28="Ducted",G28,0)+AX28) | AZ28: =IF($C28="","",Y28*AY28/'Assumptions & Ref'!$C$98) | BA28: =IF($C28="","",'Assumptions & Ref'!$C$71+AZ28*'Assumptions & Ref'!$C$72) | BB28: =IF($C28="","",AB28*(AD28*0.6)*'Assumptions & Ref'!$C$81/1000*$G$5) | BC28: =IF($C28="","",BB28*$G$6) | BD28: =IF($C28="","",AS28*$C$6+AW28*INDEX($C$6:$I$6,MATCH(M28,$C$4:$I$4,0))+AH28*AG28+AL28*AJ28+BC28) | BE28: =IF($C28="","",BA28) | BF28: =IF($C28="","",AH28*'Assumptions & Ref'!$C$79+(AS28+AW28)*'Assumptions & Ref'!$C$80) | BG28: =IF($C28="","",'Assumptions & Ref'!$C$84*(BD28+BE28+BF28)) | BH28: =IF($C28="","",'Assumptions & Ref'!$C$85*(BD28+BE28+BF28+BG28)) | BI28: =IF($C28="","",BD28+BE28+BF28+BG28+BH28) | BK28: =IF($C28="","",BD28) | BL28: =IF($C28="","",BE28+BF28) | BM28: =IF($C28="","",BG28+BH28)
N29: =IF($C29="","",BI29) | O29: =IF($C29="","",BI29/C29) | P29: =IF($C29="","",IF(D29=0,"",BI29/D29)) | Q29: =IF($C29="","",AS29+AW29+AH29+AL29+BB29) | R29: =IF($C29="","",AS29) | S29: =IF($C29="","",AW29) | T29: =IF($C29="","",AH29) | U29: =IF($C29="","",AL29) | V29: =IF($C29="","",AZ29) | X29: =IF($C29="","",C29*'Assumptions & Ref'!$C$10) | Y29: =IF($C29="","",X29/3600) | Z29: =IF($C29="","",Y29/'Assumptions & Ref'!$C$7) | AA29: =IF($C29="","",Z29/'Assumptions & Ref'!$C$8) | AB29: =IF($C29="","",SQRT(AA29*'Assumptions & Ref'!$C$9)) | AC29: =IF($C29="","",SQRT(AA29/'Assumptions & Ref'!$C$9)) | AD29: =IF($C29="","",IFERROR(INDEX('Assumptions & Ref'!$C$89:$C$92,MATCH(E29,'Assumptions & Ref'!$B$89:$B$92,0)),0.6)) | AE29: =IF($C29="","",2*(AB29+AC29)*AD29+2*AB29*AC29) | AF29: =IF($C29="","",INDEX($C$5:$I$5,MATCH(H29,$C$4:$I$4,0))) | AG29: =IF($C29="","",INDEX($C$6:$I$6,MATCH(H29,$C$4:$I$4,0))) | AH29: =IF($C29="","",AE29*I29/1000*AF29*(1+'Assumptions & Ref'!$C$75)) | AI29: =IF($C29="","",INDEX($C$5:$I$5,MATCH(J29,$C$4:$I$4,0))) | AJ29: =IF($C29="","",INDEX($C$6:$I$6,MATCH(J29,$C$4:$I$4,0))) | AK29: =IF($C29="","",AE29*K29/1000) | AL29: =IF($C29="","",AK29*AI29) | AM29: =IF($C29="","",SQRT(Z29/'Assumptions & Ref'!$C$9)) | AN29: =IF($C29="","",SQRT(Z29*'Assumptions & Ref'!$C$9)) | AO29: =IF($C29="","",AM29*1000/'Assumptions & Ref'!$D$27) | AP29: =IF($C29="","",AO29*F29) | AQ29: =IF($C29="","",AP29*AN29*(1+'Assumptions & Ref'!$D$29)) | AR29: =IF($C29="","",PI()*('Assumptions & Ref'!$D$25-'Assumptions & Ref'!$D$26)/1000*'Assumptions & Ref'!$D$26/1000*$C$5) | AS29: =IF($C29="","",AQ29*AR29) | AT29: =IF($C29="","",AN29*1000*L29/25.4) | AU29: =IF($C29="","",F29*'Assumptions & Ref'!$D$28/1000) | AV29: =IF($C29="","",AM29*AU29*(1-'Assumptions & Ref'!$D$31)) | AW29: =IF($C29="","",AT29*AV29*'Assumptions & Ref'!$D$30/1000*INDEX($C$5:$I$5,MATCH(M29,$C$4:$I$4,0))) | AX29: =IF($C29="","",'Assumptions & Ref'!$C$95+F29*'Assumptions & Ref'!$C$96+'Assumptions & Ref'!$C$97) | AY29: =IF($C29="","",IF(E29="Ducted",G29,0)+AX29) | AZ29: =IF($C29="","",Y29*AY29/'Assumptions & Ref'!$C$98) | BA29: =IF($C29="","",'Assumptions & Ref'!$C$71+AZ29*'Assumptions & Ref'!$C$72) | BB29: =IF($C29="","",AB29*(AD29*0.6)*'Assumptions & Ref'!$C$81/1000*$G$5) | BC29: =IF($C29="","",BB29*$G$6) | BD29: =IF($C29="","",AS29*$C$6+AW29*INDEX($C$6:$I$6,MATCH(M29,$C$4:$I$4,0))+AH29*AG29+AL29*AJ29+BC29) | BE29: =IF($C29="","",BA29) | BF29: =IF($C29="","",AH29*'Assumptions & Ref'!$C$79+(AS29+AW29)*'Assumptions & Ref'!$C$80) | BG29: =IF($C29="","",'Assumptions & Ref'!$C$84*(BD29+BE29+BF29)) | BH29: =IF($C29="","",'Assumptions & Ref'!$C$85*(BD29+BE29+BF29+BG29)) | BI29: =IF($C29="","",BD29+BE29+BF29+BG29+BH29)
N30: =IF($C30="","",BI30) | O30: =IF($C30="","",BI30/C30) | P30: =IF($C30="","",IF(D30=0,"",BI30/D30)) | Q30: =IF($C30="","",AS30+AW30+AH30+AL30+BB30) | R30: =IF($C30="","",AS30) | S30: =IF($C30="","",AW30) | T30: =IF($C30="","",AH30) | U30: =IF($C30="","",AL30) | V30: =IF($C30="","",AZ30) | X30: =IF($C30="","",C30*'Assumptions & Ref'!$C$10) | Y30: =IF($C30="","",X30/3600) | Z30: =IF($C30="","",Y30/'Assumptions & Ref'!$C$7) | AA30: =IF($C30="","",Z30/'Assumptions & Ref'!$C$8) | AB30: =IF($C30="","",SQRT(AA30*'Assumptions & Ref'!$C$9)) | AC30: =IF($C30="","",SQRT(AA30/'Assumptions & Ref'!$C$9)) | AD30: =IF($C30="","",IFERROR(INDEX('Assumptions & Ref'!$C$89:$C$92,MATCH(E30,'Assumptions & Ref'!$B$89:$B$92,0)),0.6)) | AE30: =IF($C30="","",2*(AB30+AC30)*AD30+2*AB30*AC30) | AF30: =IF($C30="","",INDEX($C$5:$I$5,MATCH(H30,$C$4:$I$4,0))) | AG30: =IF($C30="","",INDEX($C$6:$I$6,MATCH(H30,$C$4:$I$4,0))) | AH30: =IF($C30="","",AE30*I30/1000*AF30*(1+'Assumptions & Ref'!$C$75)) | AI30: =IF($C30="","",INDEX($C$5:$I$5,MATCH(J30,$C$4:$I$4,0))) | AJ30: =IF($C30="","",INDEX($C$6:$I$6,MATCH(J30,$C$4:$I$4,0))) | AK30: =IF($C30="","",AE30*K30/1000) | AL30: =IF($C30="","",AK30*AI30) | AM30: =IF($C30="","",SQRT(Z30/'Assumptions & Ref'!$C$9)) | AN30: =IF($C30="","",SQRT(Z30*'Assumptions & Ref'!$C$9)) | AO30: =IF($C30="","",AM30*1000/'Assumptions & Ref'!$D$27) | AP30: =IF($C30="","",AO30*F30) | AQ30: =IF($C30="","",AP30*AN30*(1+'Assumptions & Ref'!$D$29)) | AR30: =IF($C30="","",PI()*('Assumptions & Ref'!$D$25-'Assumptions & Ref'!$D$26)/1000*'Assumptions & Ref'!$D$26/1000*$C$5) | AS30: =IF($C30="","",AQ30*AR30) | AT30: =IF($C30="","",AN30*1000*L30/25.4) | AU30: =IF($C30="","",F30*'Assumptions & Ref'!$D$28/1000) | AV30: =IF($C30="","",AM30*AU30*(1-'Assumptions & Ref'!$D$31)) | AW30: =IF($C30="","",AT30*AV30*'Assumptions & Ref'!$D$30/1000*INDEX($C$5:$I$5,MATCH(M30,$C$4:$I$4,0))) | AX30: =IF($C30="","",'Assumptions & Ref'!$C$95+F30*'Assumptions & Ref'!$C$96+'Assumptions & Ref'!$C$97) | AY30: =IF($C30="","",IF(E30="Ducted",G30,0)+AX30) | AZ30: =IF($C30="","",Y30*AY30/'Assumptions & Ref'!$C$98) | BA30: =IF($C30="","",'Assumptions & Ref'!$C$71+AZ30*'Assumptions & Ref'!$C$72) | BB30: =IF($C30="","",AB30*(AD30*0.6)*'Assumptions & Ref'!$C$81/1000*$G$5) | BC30: =IF($C30="","",BB30*$G$6) | BD30: =IF($C30="","",AS30*$C$6+AW30*INDEX($C$6:$I$6,MATCH(M30,$C$4:$I$4,0))+AH30*AG30+AL30*AJ30+BC30) | BE30: =IF($C30="","",BA30) | BF30: =IF($C30="","",AH30*'Assumptions & Ref'!$C$79+(AS30+AW30)*'Assumptions & Ref'!$C$80) | BG30: =IF($C30="","",'Assumptions & Ref'!$C$84*(BD30+BE30+BF30)) | BH30: =IF($C30="","",'Assumptions & Ref'!$C$85*(BD30+BE30+BF30+BG30)) | BI30: =IF($C30="","",BD30+BE30+BF30+BG30+BH30)
N31: =IF($C31="","",BI31) | O31: =IF($C31="","",BI31/C31) | P31: =IF($C31="","",IF(D31=0,"",BI31/D31)) | Q31: =IF($C31="","",AS31+AW31+AH31+AL31+BB31) | R31: =IF($C31="","",AS31) | S31: =IF($C31="","",AW31) | T31: =IF($C31="","",AH31) | U31: =IF($C31="","",AL31) | V31: =IF($C31="","",AZ31) | X31: =IF($C31="","",C31*'Assumptions & Ref'!$C$10) | Y31: =IF($C31="","",X31/3600) | Z31: =IF($C31="","",Y31/'Assumptions & Ref'!$C$7) | AA31: =IF($C31="","",Z31/'Assumptions & Ref'!$C$8) | AB31: =IF($C31="","",SQRT(AA31*'Assumptions & Ref'!$C$9)) | AC31: =IF($C31="","",SQRT(AA31/'Assumptions & Ref'!$C$9)) | AD31: =IF($C31="","",IFERROR(INDEX('Assumptions & Ref'!$C$89:$C$92,MATCH(E31,'Assumptions & Ref'!$B$89:$B$92,0)),0.6)) | AE31: =IF($C31="","",2*(AB31+AC31)*AD31+2*AB31*AC31) | AF31: =IF($C31="","",INDEX($C$5:$I$5,MATCH(H31,$C$4:$I$4,0))) | AG31: =IF($C31="","",INDEX($C$6:$I$6,MATCH(H31,$C$4:$I$4,0))) | AH31: =IF($C31="","",AE31*I31/1000*AF31*(1+'Assumptions & Ref'!$C$75)) | AI31: =IF($C31="","",INDEX($C$5:$I$5,MATCH(J31,$C$4:$I$4,0))) | AJ31: =IF($C31="","",INDEX($C$6:$I$6,MATCH(J31,$C$4:$I$4,0))) | AK31: =IF($C31="","",AE31*K31/1000) | AL31: =IF($C31="","",AK31*AI31) | AM31: =IF($C31="","",SQRT(Z31/'Assumptions & Ref'!$C$9)) | AN31: =IF($C31="","",SQRT(Z31*'Assumptions & Ref'!$C$9)) | AO31: =IF($C31="","",AM31*1000/'Assumptions & Ref'!$D$27) | AP31: =IF($C31="","",AO31*F31) | AQ31: =IF($C31="","",AP31*AN31*(1+'Assumptions & Ref'!$D$29)) | AR31: =IF($C31="","",PI()*('Assumptions & Ref'!$D$25-'Assumptions & Ref'!$D$26)/1000*'Assumptions & Ref'!$D$26/1000*$C$5) | AS31: =IF($C31="","",AQ31*AR31) | AT31: =IF($C31="","",AN31*1000*L31/25.4) | AU31: =IF($C31="","",F31*'Assumptions & Ref'!$D$28/1000) | AV31: =IF($C31="","",AM31*AU31*(1-'Assumptions & Ref'!$D$31)) | AW31: =IF($C31="","",AT31*AV31*'Assumptions & Ref'!$D$30/1000*INDEX($C$5:$I$5,MATCH(M31,$C$4:$I$4,0))) | AX31: =IF($C31="","",'Assumptions & Ref'!$C$95+F31*'Assumptions & Ref'!$C$96+'Assumptions & Ref'!$C$97) | AY31: =IF($C31="","",IF(E31="Ducted",G31,0)+AX31) | AZ31: =IF($C31="","",Y31*AY31/'Assumptions & Ref'!$C$98) | BA31: =IF($C31="","",'Assumptions & Ref'!$C$71+AZ31*'Assumptions & Ref'!$C$72) | BB31: =IF($C31="","",AB31*(AD31*0.6)*'Assumptions & Ref'!$C$81/1000*$G$5) | BC31: =IF($C31="","",BB31*$G$6) | BD31: =IF($C31="","",AS31*$C$6+AW31*INDEX($C$6:$I$6,MATCH(M31,$C$4:$I$4,0))+AH31*AG31+AL31*AJ31+BC31) | BE31: =IF($C31="","",BA31) | BF31: =IF($C31="","",AH31*'Assumptions & Ref'!$C$79+(AS31+AW31)*'Assumptions & Ref'!$C$80) | BG31: =IF($C31="","",'Assumptions & Ref'!$C$84*(BD31+BE31+BF31)) | BH31: =IF($C31="","",'Assumptions & Ref'!$C$85*(BD31+BE31+BF31+BG31)) | BI31: =IF($C31="","",BD31+BE31+BF31+BG31+BH31)
N32: =IF($C32="","",BI32) | O32: =IF($C32="","",BI32/C32) | P32: =IF($C32="","",IF(D32=0,"",BI32/D32)) | Q32: =IF($C32="","",AS32+AW32+AH32+AL32+BB32) | R32: =IF($C32="","",AS32) | S32: =IF($C32="","",AW32) | T32: =IF($C32="","",AH32) | U32: =IF($C32="","",AL32) | V32: =IF($C32="","",AZ32) | X32: =IF($C32="","",C32*'Assumptions & Ref'!$C$10) | Y32: =IF($C32="","",X32/3600) | Z32: =IF($C32="","",Y32/'Assumptions & Ref'!$C$7) | AA32: =IF($C32="","",Z32/'Assumptions & Ref'!$C$8) | AB32: =IF($C32="","",SQRT(AA32*'Assumptions & Ref'!$C$9)) | AC32: =IF($C32="","",SQRT(AA32/'Assumptions & Ref'!$C$9)) | AD32: =IF($C32="","",IFERROR(INDEX('Assumptions & Ref'!$C$89:$C$92,MATCH(E32,'Assumptions & Ref'!$B$89:$B$92,0)),0.6)) | AE32: =IF($C32="","",2*(AB32+AC32)*AD32+2*AB32*AC32) | AF32: =IF($C32="","",INDEX($C$5:$I$5,MATCH(H32,$C$4:$I$4,0))) | AG32: =IF($C32="","",INDEX($C$6:$I$6,MATCH(H32,$C$4:$I$4,0))) | AH32: =IF($C32="","",AE32*I32/1000*AF32*(1+'Assumptions & Ref'!$C$75)) | AI32: =IF($C32="","",INDEX($C$5:$I$5,MATCH(J32,$C$4:$I$4,0))) | AJ32: =IF($C32="","",INDEX($C$6:$I$6,MATCH(J32,$C$4:$I$4,0))) | AK32: =IF($C32="","",AE32*K32/1000) | AL32: =IF($C32="","",AK32*AI32) | AM32: =IF($C32="","",SQRT(Z32/'Assumptions & Ref'!$C$9)) | AN32: =IF($C32="","",SQRT(Z32*'Assumptions & Ref'!$C$9)) | AO32: =IF($C32="","",AM32*1000/'Assumptions & Ref'!$D$27) | AP32: =IF($C32="","",AO32*F32) | AQ32: =IF($C32="","",AP32*AN32*(1+'Assumptions & Ref'!$D$29)) | AR32: =IF($C32="","",PI()*('Assumptions & Ref'!$D$25-'Assumptions & Ref'!$D$26)/1000*'Assumptions & Ref'!$D$26/1000*$C$5) | AS32: =IF($C32="","",AQ32*AR32) | AT32: =IF($C32="","",AN32*1000*L32/25.4) | AU32: =IF($C32="","",F32*'Assumptions & Ref'!$D$28/1000) | AV32: =IF($C32="","",AM32*AU32*(1-'Assumptions & Ref'!$D$31)) | AW32: =IF($C32="","",AT32*AV32*'Assumptions & Ref'!$D$30/1000*INDEX($C$5:$I$5,MATCH(M32,$C$4:$I$4,0))) | AX32: =IF($C32="","",'Assumptions & Ref'!$C$95+F32*'Assumptions & Ref'!$C$96+'Assumptions & Ref'!$C$97) | AY32: =IF($C32="","",IF(E32="Ducted",G32,0)+AX32) | AZ32: =IF($C32="","",Y32*AY32/'Assumptions & Ref'!$C$98) | BA32: =IF($C32="","",'Assumptions & Ref'!$C$71+AZ32*'Assumptions & Ref'!$C$72) | BB32: =IF($C32="","",AB32*(AD32*0.6)*'Assumptions & Ref'!$C$81/1000*$G$5) | BC32: =IF($C32="","",BB32*$G$6) | BD32: =IF($C32="","",AS32*$C$6+AW32*INDEX($C$6:$I$6,MATCH(M32,$C$4:$I$4,0))+AH32*AG32+AL32*AJ32+BC32) | BE32: =IF($C32="","",BA32) | BF32: =IF($C32="","",AH32*'Assumptions & Ref'!$C$79+(AS32+AW32)*'Assumptions & Ref'!$C$80) | BG32: =IF($C32="","",'Assumptions & Ref'!$C$84*(BD32+BE32+BF32)) | BH32: =IF($C32="","",'Assumptions & Ref'!$C$85*(BD32+BE32+BF32+BG32)) | BI32: =IF($C32="","",BD32+BE32+BF32+BG32+BH32)
N33: =IF($C33="","",BI33) | O33: =IF($C33="","",BI33/C33) | P33: =IF($C33="","",IF(D33=0,"",BI33/D33)) | Q33: =IF($C33="","",AS33+AW33+AH33+AL33+BB33) | R33: =IF($C33="","",AS33) | S33: =IF($C33="","",AW33) | T33: =IF($C33="","",AH33) | U33: =IF($C33="","",AL33) | V33: =IF($C33="","",AZ33) | X33: =IF($C33="","",C33*'Assumptions & Ref'!$C$10) | Y33: =IF($C33="","",X33/3600) | Z33: =IF($C33="","",Y33/'Assumptions & Ref'!$C$7) | AA33: =IF($C33="","",Z33/'Assumptions & Ref'!$C$8) | AB33: =IF($C33="","",SQRT(AA33*'Assumptions & Ref'!$C$9)) | AC33: =IF($C33="","",SQRT(AA33/'Assumptions & Ref'!$C$9)) | AD33: =IF($C33="","",IFERROR(INDEX('Assumptions & Ref'!$C$89:$C$92,MATCH(E33,'Assumptions & Ref'!$B$89:$B$92,0)),0.6)) | AE33: =IF($C33="","",2*(AB33+AC33)*AD33+2*AB33*AC33) | AF33: =IF($C33="","",INDEX($C$5:$I$5,MATCH(H33,$C$4:$I$4,0))) | AG33: =IF($C33="","",INDEX($C$6:$I$6,MATCH(H33,$C$4:$I$4,0))) | AH33: =IF($C33="","",AE33*I33/1000*AF33*(1+'Assumptions & Ref'!$C$75)) | AI33: =IF($C33="","",INDEX($C$5:$I$5,MATCH(J33,$C$4:$I$4,0))) | AJ33: =IF($C33="","",INDEX($C$6:$I$6,MATCH(J33,$C$4:$I$4,0))) | AK33: =IF($C33="","",AE33*K33/1000) | AL33: =IF($C33="","",AK33*AI33) | AM33: =IF($C33="","",SQRT(Z33/'Assumptions & Ref'!$C$9)) | AN33: =IF($C33="","",SQRT(Z33*'Assumptions & Ref'!$C$9)) | AO33: =IF($C33="","",AM33*1000/'Assumptions & Ref'!$D$27) | AP33: =IF($C33="","",AO33*F33) | AQ33: =IF($C33="","",AP33*AN33*(1+'Assumptions & Ref'!$D$29)) | AR33: =IF($C33="","",PI()*('Assumptions & Ref'!$D$25-'Assumptions & Ref'!$D$26)/1000*'Assumptions & Ref'!$D$26/1000*$C$5) | AS33: =IF($C33="","",AQ33*AR33) | AT33: =IF($C33="","",AN33*1000*L33/25.4) | AU33: =IF($C33="","",F33*'Assumptions & Ref'!$D$28/1000) | AV33: =IF($C33="","",AM33*AU33*(1-'Assumptions & Ref'!$D$31)) | AW33: =IF($C33="","",AT33*AV33*'Assumptions & Ref'!$D$30/1000*INDEX($C$5:$I$5,MATCH(M33,$C$4:$I$4,0))) | AX33: =IF($C33="","",'Assumptions & Ref'!$C$95+F33*'Assumptions & Ref'!$C$96+'Assumptions & Ref'!$C$97) | AY33: =IF($C33="","",IF(E33="Ducted",G33,0)+AX33) | AZ33: =IF($C33="","",Y33*AY33/'Assumptions & Ref'!$C$98) | BA33: =IF($C33="","",'Assumptions & Ref'!$C$71+AZ33*'Assumptions & Ref'!$C$72) | BB33: =IF($C33="","",AB33*(AD33*0.6)*'Assumptions & Ref'!$C$81/1000*$G$5) | BC33: =IF($C33="","",BB33*$G$6) | BD33: =IF($C33="","",AS33*$C$6+AW33*INDEX($C$6:$I$6,MATCH(M33,$C$4:$I$4,0))+AH33*AG33+AL33*AJ33+BC33) | BE33: =IF($C33="","",BA33) | BF33: =IF($C33="","",AH33*'Assumptions & Ref'!$C$79+(AS33+AW33)*'Assumptions & Ref'!$C$80) | BG33: =IF($C33="","",'Assumptions & Ref'!$C$84*(BD33+BE33+BF33)) | BH33: =IF($C33="","",'Assumptions & Ref'!$C$85*(BD33+BE33+BF33+BG33)) | BI33: =IF($C33="","",BD33+BE33+BF33+BG33+BH33)

Sheet Assumptions & Ref
B1: AHU & FCU COST MODEL — ASSUMPTIONS & REFERENCE
B2: Blue = editable. Material densities and prices are edited on each calculator tab. Everything else lives here.
B4: 1. AIR-SIDE SIZING
B5: Item | C5: Value | D5: Unit | H5: Basis / note
B6: AHU coil face velocity | C6: 2.5 | D6: m/s | H6: Standard 2.0-2.75; above 2.75 risks moisture carry-over
B7: FCU coil face velocity | C7: 2 | D7: m/s
B8: Coil face area / casing cross-section | C8: 0.85 | D8: - | H8: Coil does not fill the full section
B9: Casing width : height | C9: 1.3 | D9: - | H9: Used to split cross-section into W and H
B10: CFM to CMH conversion | C10: 1.699 | D10: - | H10: 1 CFM = 1.699 m³/h
B12: 2. AHU SECTION LENGTHS
B13: Mixing box | C13: 0.6 | D13: m
B14: Pre-filter section | C14: 0.3 | D14: m
B15: Fine filter section | C15: 0.45 | D15: m
B16: HEPA filter section | C16: 0.5 | D16: m
B17: Cooling coil section (base) | C17: 0.45 | D17: m
B18: Cooling coil adder per row | C18: 0.05 | D18: m
B19: Heating coil section | C19: 0.4 | D19: m
B20: Fan section | C20: 1.1 | D20: m
B21: Humidifier section | C21: 0.6 | D21: m
B23: 3. COIL GEOMETRY
B24: Item | C24: AHU | D24: FCU | H24: Note
B25: Tube outer diameter (mm) | C25: 12.7 | D25: 9.52 | H25: AHU 1/2", FCU 3/8"
B26: Tube wall thickness (mm) | C26: 0.4 | D26: 0.32
B27: Tube vertical pitch (mm) | C27: 25 | D27: 25 | H27: Staggered layout
B28: Row pitch / depth per row (mm) | C28: 21.65 | D28: 21.65 | H28: Equilateral staggered
B29: Return bend & header allowance | C29: 0.15 | D29: 0.15 | H29: % added to straight tube length
B30: Fin thickness (mm) | C30: 0.12 | D30: 0.105
B31: Fin area lost to tube holes | C31: 0.15 | D31: 0.15 | H31: % of gross fin area
B33: 4. STATIC PRESSURE & FAN
B34: Internal static — casing & plenum | C34: 120 | D34: Pa
B35: Pressure drop per coil row | C35: 22 | D35: Pa
B36: Pressure drop — pre-filter | C36: 50 | D36: Pa
B37: Pressure drop — fine filter | C37: 120 | D37: Pa
B38: Pressure drop — HEPA | C38: 250 | D38: Pa
B39: Fan efficiency — plug fan | C39: 0.68 | D39: -
B40: Fan efficiency — belt driven | C40: 0.62 | D40: - | H40: Belt losses included
B41: Motor efficiency | C41: 0.9 | D41: - | H41: IE3 class
B43: 5. STANDARD MOTOR SIZES (next size up is selected)
B44: 0.37 | H44: kW. Extend the list at the bottom if larger motors are needed.
B45: 0.55
B46: 0.75
B47: 1.1
B48: 1.5
B49: 2.2
B50: 3.7
B51: 5.5
B52: 7.5
B53: 11
B54: 15
B55: 18.5
B56: 22
... B61: 75
B63: 6. BOUGHT-OUT RATES
B64: Plug fan + motor | C64: 14500 | D64: Rs/kW | H64: Indicative — replace with vendor quotes | I64: Bharat bijlee motor costs | J64: VTS - Own Motor
B65: Belt-driven fan + motor + drive | C65: 11000 | D65: Rs/kW
B66: VFD | C66: 7500 | D66: Rs/kW | I66: Tranches
B67: Pre-filter (washable, 10 micron) | C67: 1400 | D67: Rs/m²
B68: Fine filter (F7 / 5 micron) | C68: 3200 | D68: Rs/m²
B69: HEPA filter (H14) | C69: 14000 | D69: Rs/m²
B70: Damper (opposed blade, motorised-ready) | C70: 5200 | D70: Rs/m²
B71: FCU blower + motor — fixed cost per unit | C71: 1800 | D71: Rs | H71: Housing, wheel, mounting
B72: FCU blower + motor — variable | C72: 45 | D72: Rs/W | H72: Per watt of input power. Two-part rate: a flat Rs/W over-prices larger ducted units.
B74: 7. FABRICATION & FINISHING
B75: Sheet metal scrap allowance | C75: 0.12 | D75: % of wt | H75: Cutting and bending offcuts
B76: Frame / profile weight | C76: 1.85 | D76: kg/m | H76: Extruded aluminium or GI profile
B77: Frame / profile rate | C77: 340 | D77: Rs/kg
B78: Conversion — AHU (labour & assembly) | C78: 95 | D78: Rs/kg | H78: On fabricated sheet + frame weight
B79: Conversion — FCU (labour & assembly) | C79: 120 | D79: Rs/kg
B80: Coil manufacture (expansion, brazing, test) | C80: 85 | D80: Rs/kg | H80: On copper + aluminium weight
B81: Drain pan thickness | C81: 1 | D81: mm | H81: Stainless steel
B83: 8. COST STACK
B84: Overheads | C84: 0.1 | D84: % of A+B+C
B85: Margin | C85: 0.12 | D85: % of A+B+C+D
B87: 9. FCU CASING LENGTH BY TYPE
B88: Type | C88: Length m | D88: ESP applies
B89: Ceiling concealed | C89: 0.6 | D89: N
B90: Cassette | C90: 0.85 | D90: N
B91: Ducted | C91: 0.75 | D91: Y
B92: Floor standing | C92: 0.7 | D92: N
B94: 10. FCU AIR-SIDE
B95: FCU internal static — casing & plenum | C95: 35 | D95: Pa
B96: FCU pressure drop per coil row | C96: 14 | D96: Pa
B97: FCU filter pressure drop | C97: 30 | D97: Pa | H97: Washable synthetic filter
B98: FCU blower + motor combined efficiency | C98: 0.35 | D98: - | H98: Small direct-drive centrifugal blowers

Sheet Read Me
B1: AHU & FCU — BATCH SHOULD-COST MODEL
B2: Material-weight based should-cost, natively in CFM. Airflow drives coil face area, which drives casing size, which drives every material weight.
B4: THE TABS
B5: • AHU Batch Calculator — one row per air handling unit, airflow entered directly in CFM. Material master and prices sit at the top of the sheet.
B6: • FCU Batch Calculator — one row per fan coil unit, already CFM-native. Same engine, its own price copy.
B7: • Assumptions & Ref — air-side sizing, section lengths, coil geometry, static pressure, motor sizes, bought-out rates, fabrication rates and the cost stack.
B8: • Read Me — this sheet.
B10: COST BREAKDOWN — MATERIAL / LABOUR+CONVERSION / OVERHEAD+MARGIN
B11: Three green columns at the end of each row split the total exactly as agreed with the client: Material (A), Labour+Conversion (B fan/filter/damper bought-outs plus C fabrication and coil-manufacture labour), and Overhead+Margin (D+E). The three always sum to the total — useful for negotiating with vendors on cost components rather than a single lump number.
B13: HOW THE SIZING CASCADE WORKS
B14: 1. Airflow in CFM converts once to m³/s, then divided by design face velocity gives coil face area. That divided by the coil fill factor gives casing cross-section, split into width and height by the aspect ratio.
B15: 2. Casing length is the sum of the sections switched on — mixing box, filter stages, cooling coil (base plus a per-row adder), heating coil, fan section, humidifier. Each length is editable.
... B32: Yellow = your input. Green = result. Grey = intermediate working.
