Workbook

Sheet LT Batch Calculator
B1: LT POWER CABLE — BATCH SHOULD-COST CALCULATOR
B3: Refresh prices: | C3: https://liveindex.org/mcx-copper/ | D3: https://economictimes.indiatimes.com/commoditysummary/symbol-ALUMINIUM.cms | E3: https://www.plastemart.com/polymer-pricelist/hdpe-reliance-deem-export/2/41 | F3: https://plastemart.com/polymer-pricelist/pvc-reliance/7/9 | G3: https://steel.gov.in/monthly-summery
B4: MATERIAL MASTER | C4: Copper | D4: Aluminium | E4: XLPE | F4: PVC | G4: Steel Wire
B5: Density (g/cm³) | C5: 8.94 | D5: 2.63 | E5: 0.93 | F5: 1.35 | G5: 7.76 | I5: Edit density and price directly in these yellow cells; every row on this sheet updates instantly.
B6: Price (Rs/kg) | C6: 1430 | D6: 349 | E6: 135 | F6: 100 | G6: 68
K7: SPECIAL CONSTRUCTION (Y / N)
B8: Configuration label | C8: No. of cores | D8: Shape | E8: Size (sqmm) | F8: Conductor | G8: Insulation | H8: Inner sheath | I8: Armour | J8: Outer sheath | K8: FRLS inner | L8: FRLS outer | M8: LSZH inner | N8: LSZH outer | O8: Oxygen Index | P8: HRPVC inner | Q8: HRPVC outer | R8: Extr PVC inner ≤50 | S8: Extr PVC inner 70 | T8: Stranding of cond. | U8: SELLING LOW Rs/m | V8: SELLING HIGH Rs/m | W8: Material cost Rs/m | X8: Approx OD mm | Y8: Conductor weight g/m | AA8: cond angle | AB8: cond dia | AC8: cond dens | AD8: ins thk | AE8: dia/ins | AF8: ins dens | AG8: neut area | AH8: neut dia | AI8: neut ins thk | AJ8: neut core dia | AK8: laid-up dia | AL8: inner thk | AM8: dia/inner | AN8: inner dens | AO8: armour thk | AP8: dia/armour | AQ8: armour dens | AR8: outer thk | AS8: dia/outer | AT8: outer dens | AU8: approx OD | AV8: wt cond | AW8: wt ins | AX8: wt inner | AY8: wt outer | AZ8: wt armour | BA8: mat cost | BB8: special % | BC8: load S1 | BD8: load S2 | BE8: total S1 | BF8: total S2 | BG8: selling S1 | BH8: selling S2
B9: 4C x 25 Cu XLPE | C9: 4 | D9: Circular | E9: 6 | F9: Copper | G9: XLPE | H9: PVC | I9: Galvanised steel round wire | J9: XLPE | K9: N | L9: N | M9: N | N9: N | O9: N | P9: N | Q9: N | R9: N | S9: N | T9: N | U9: =IF($C9="","",MIN(BG9,BH9))/1000 -> 410.73303 | V9: =IF($C9="","",MAX(BG9,BH9))/1000 -> 434.8938 | W9: =IF($C9="","",BA9)/1000 -> 355.44205 | X9: =IF($C9="","",AU9) -> 17 | Y9: =IF($C9="","",AV9) -> 216.7056 | AA9: =IF($C9="","",IF(D9="Sector shaped",360/C9,360)) -> 360 | AB9: =IF($C9="","",SQRT(E9*(360/AA9)/PI())*2) -> 2.7639532 | AC9: =IF($C9="","",INDEX($C$5:$G$5,MATCH(F9,$C$4:$G$4,0))) -> 8.94 | AD9: =IF($C9="","",IF(AND(C9=1,I9="Unarmored"),INDEX('Assumptions & Ref'!$C$70:$C$90,MATCH(E9,'Assumptions & Ref'!$B$70:$B$90,0)),INDEX('Assumptions & Ref'!$D$70:$D$90,MATCH(E9,'Assumptions & Ref'!$B$70:$B$90,0)))) -> 0.7 | AE9: =IF($C9="","",IF(D9="Circular",AB9+2*AD9,AB9+4*AD9)) -> 4.1639532 | AF9: =IF($C9="","",INDEX($C$5:$G$5,MATCH(G9,$C$4:$G$4,0))) -> 0.93 | AG9: =IF($C9="","",IF(C9=3.5,IFERROR(INDEX('Assumptions & Ref'!$G$93:$G$105,MATCH(E9,'Assumptions & Ref'!$F$93:$F$105,0)),0),0)) -> 0 | AH9: =IF($C9="","",IF(C9=3.5,SQRT(AG9/PI())*2,0)) -> 0 | AI9: =IF($C9="","",IF(C9=3.5,IFERROR(INDEX('Assumptions & Ref'!$D$70:$D$90,MATCH(AG9,'Assumptions & Ref'!$B$70:$B$90,0)),0),0)) -> 0 | AJ9: =IF($C9="","",AH9+2*AI9) -> 0 | AK9: =IF($C9="","",ROUND(IF(C9=1,AE9,IF(C9=2,2*AE9,IF(C9=3,2.16*AE9,IF(C9=3.5,2.42*(3*AE9+AJ9)/4,IF(C9=4,2.42*AE9,0))))),1)) -> 10.1 | AL9: =IF($C9="","",IFERROR(INDEX('Assumptions & Ref'!$G$70:$G$74,IF(INDEX('Assumptions & Ref'!$F$70:$F$74,MATCH(AK9,'Assumptions & Ref'!$F$70:$F$74,1))=AK9,MATCH(AK9,'Assumptions & Ref'!$F$70:$F$74,1),MIN(MATCH(AK9,'Assumptions & Ref'!$F$70:$F$74,1)+1,5))),INDEX('Assumptions & Ref'!$G$70:$G$74,1))) -> 0.4 | AM9: =IF($C9="","",AK9+2*AL9) -> 10.9 | AN9: =IF($C9="","",INDEX($C$5:$G$5,MATCH(H9,$C$4:$G$4,0))) -> 1.35 | AO9: =IF($C9="","",IF(I9="Unarmored",0,IF(OR(I9="Galvanised steel flat strip",I9="Aluminium Flat Strip"),IFERROR(INDEX('Assumptions & Ref'!$C$93:$C$98,IF(INDEX('Assumptions & Ref'!$B$93:$B$98,MATCH(AM9,'Assumptions & Ref'!$B$93:$B$98,1))=AM9,MATCH(AM9,'Assumptions & Ref'!$B$93:$B$98,1),MIN(MATCH(AM9,'Assumptions & Ref'!$B$93:$B$98,1)+1,6))),INDEX('Assumptions & Ref'!$C$93:$C$98,1)),IFERROR(INDEX('Assumptions & Ref'!$D$93:$D$98,IF(INDEX('Assumptions & Ref'!$B$93:$B$98,MATCH(AM9,'Assumptions & Ref'!$B$93:$B$98,1))=AM9,MATCH(AM9,'Assumptions & Ref'!$B$93:$B$98,1),MIN(MATCH(AM9,'Assumptions & Ref'!$B$93:$B$98,1)+1,6))),INDEX('Assumptions & Ref'!$D$93:$D$98,1))))) -> 1.6 | AP9: =IF($C9="","",AM9+2*AO9) -> 14.1 | AQ9: =IF($C9="","",IF(I9="Unarmored",0,IF(OR(I9="Aluminium Flat Strip",I9="Aluminium Round Wired"),INDEX($C$5:$G$5,MATCH("Aluminium",$C$4:$G$4,0)),INDEX($C$5:$G$5,MATCH("Steel Wire",$C$4:$G$4,0))))) -> 7.76 | AR9: =IF($C9="","",IF(I9="Unarmored",IFERROR(INDEX('Assumptions & Ref'!$J$70:$J$81,IF(INDEX('Assumptions & Ref'!$I$70:$I$81,MATCH(AP9,'Assumptions & Ref'!$I$70:$I$81,1))=AP9,MATCH(AP9,'Assumptions & Ref'!$I$70:$I$81,1),MIN(MATCH(AP9,'Assumptions & Ref'!$I$70:$I$81,1)+1,12))),INDEX('Assumptions & Ref'!$J$70:$J$81,1)),IFERROR(INDEX('Assumptions & Ref'!$K$70:$K$81,IF(INDEX('Assumptions & Ref'!$I$70:$I$81,MATCH(AP9,'Assumptions & Ref'!$I$70:$I$81,1))=AP9,MATCH(AP9,'Assumptions & Ref'!$I$70:$I$81,1),MIN(MATCH(AP9,'Assumptions & Ref'!$I$70:$I$81,1)+1,12))),INDEX('Assumptions & Ref'!$K$70:$K$81,1)))) -> 1.4 | AS9: =IF($C9="","",AP9+2*AR9) -> 16.9 | AT9: =IF($C9="","",INDEX($C$5:$G$5,MATCH(J9,$C$4:$G$4,0))) -> 0.93 | AU9: =IF($C9="","",TRUNC(AS9+1)) -> 17 | AV9: =IF($C9="","",((E9*AC9*IF(C9=3.5,3,C9))+(AG9*AC9*IF(C9=3.5,1,0)))*(1+'Assumptions & Ref'!$C$22)) -> 216.7056 | AW9: =IF($C9="","",IF(C9=3.5,(PI()*(AE9^2-AB9^2)/4*AF9*3)+(PI()*(AJ9^2-AH9^2)/4*AF9),PI()*(AE9^2-AB9^2)/4*AF9*C9)*(1+'Assumptions & Ref'!$C$22)) -> 28.620963 | AX9: =IF($C9="","",PI()*(AM9^2-AK9^2)/4*AN9*(1+'Assumptions & Ref'!$C$22)) -> 17.990959 | AY9: =IF($C9="","",PI()*(AS9^2-AP9^2)/4*AT9*(1+'Assumptions & Ref'!$C$22)) -> 64.034486 | AZ9: =IF($C9="","",PI()*(AP9^2-AM9^2)/4*AQ9*(1+'Assumptions & Ref'!$C$22)) -> 492.45093 | BA9: =IF($C9="","",AV9*INDEX($C$6:$G$6,MATCH(F9,$C$4:$G$4,0))+IF(G9="XLPE",AW9*INDEX($C$6:$G$6,MATCH("XLPE",$C$4:$G$4,0)),0)+IF(G9="PVC",(AW9+AX9+AY9)*INDEX($C$6:$G$6,MATCH("PVC",$C$4:$G$4,0)),(AX9+AY9)*INDEX($C$6:$G$6,MATCH("PVC",$C$4:$G$4,0)))+IF(I9="Unarmored",0,IF(OR(I9="Aluminium Flat Strip",I9="Aluminium Round Wired"),AZ9*INDEX($C$6:$G$6,MATCH("Aluminium",$C$4:$G$4,0)),AZ9*INDEX($C$6:$G$6,MATCH("Steel Wire",$C$4:$G$4,0))))) -> 355442.05 | BB9: =IF($C9="","",IF(K9="Y",'Assumptions & Ref'!$C$40,0)+IF(L9="Y",'Assumptions & Ref'!$C$41,0)+IF(M9="Y",'Assumptions & Ref'!$C$42,0)+IF(N9="Y",'Assumptions & Ref'!$C$43,0)+IF(O9="Y",'Assumptions & Ref'!$C$44,0)+IF(P9="Y",'Assumptions & Ref'!$C$45,0)+IF(Q9="Y",'Assumptions & Ref'!$C$46,0)+IF(R9="Y",'Assumptions & Ref'!$C$47,0)+IF(S9="Y",'Assumptions & Ref'!$C$48,0)+IF(T9="Y",'Assumptions & Ref'!$C$49,0)) -> 0 | BC9: =IF($C9="","",(IF($F9="Aluminium",'Assumptions & Ref'!$D$17,'Assumptions & Ref'!$C$17)+IF($F9="Aluminium",'Assumptions & Ref'!$D$18,'Assumptions & Ref'!$C$18)+IF($F9="Aluminium",'Assumptions & Ref'!$D$19,'Assumptions & Ref'!$C$19)+IF($F9="Aluminium",'Assumptions & Ref'!$D$20,'Assumptions & Ref'!$C$20))/IF($F9="Aluminium",'Assumptions & Ref'!$D$16,'Assumptions & Ref'!$C$16)) -> 0.17647059 | BD9: =IF($C9="","",(IF($F9="Aluminium",'Assumptions & Ref'!$F$17,'Assumptions & Ref'!$E$17)+IF($F9="Aluminium",'Assumptions & Ref'!$F$18,'Assumptions & Ref'!$E$18)+IF($F9="Aluminium",'Assumptions & Ref'!$F$19,'Assumptions & Ref'!$E$19)+IF($F9="Aluminium",'Assumptions & Ref'!$F$20,'Assumptions & Ref'!$E$20))/IF($F9="Aluminium",'Assumptions & Ref'!$F$16,'Assumptions & Ref'!$E$16)) -> 0.11111111 | BE9: =IF($C9="","",BA9*(1+BC9)) -> 418167.11 | BF9: =IF($C9="","",BA9*(1+BD9)) -> 394935.61 | BG9: =IF($C9="","",BE9*(1+BB9)*(1+IF($F9="Aluminium",'Assumptions & Ref'!$D$21,'Assumptions & Ref'!$C$21))) -> 434893.8 | BH9: =IF($C9="","",BF9*(1+BB9)*(1+IF($F9="Aluminium",'Assumptions & Ref'!$F$21,'Assumptions & Ref'!$E$21))) -> 410733.03
B10: 3.5C x 300 sq.mm CU, XLPE | C10: 3.5 | D10: Circular | E10: 300 | F10: Copper | G10: XLPE | H10: PVC | I10: Unarmored | J10: XLPE | K10: N | L10: N | M10: N | N10: N | O10: N | P10: N | Q10: N | R10: N | S10: N | T10: N | U10: =IF($C10="","",MIN(BG10,BH10))/1000 -> 15809.642 | V10: =IF($C10="","",MAX(BG10,BH10))/1000 -> 16739.621 | W10: =IF($C10="","",BA10)/1000 -> 13681.421 | X10: =IF($C10="","",AU10) -> 60 | Y10: =IF($C10="","",AV10) -> 9480.87 | AA10: =IF($C10="","",IF(D10="Sector shaped",360/C10,360)) -> 360 | AB10: =IF($C10="","",SQRT(E10*(360/AA10)/PI())*2) -> 19.5441 | AC10: =IF($C10="","",INDEX($C$5:$G$5,MATCH(F10,$C$4:$G$4,0))) -> 8.94 | AD10: =IF($C10="","",IF(AND(C10=1,I10="Unarmored"),INDEX('Assumptions & Ref'!$C$70:$C$90,MATCH(E10,'Assumptions & Ref'!$B$70:$B$90,0)),INDEX('Assumptions & Ref'!$D$70:$D$90,MATCH(E10,'Assumptions & Ref'!$B$70:$B$90,0)))) -> 1.8 | AE10: =IF($C10="","",IF(D10="Circular",AB10+2*AD10,AB10+4*AD10)) -> 23.1441 | AF10: =IF($C10="","",INDEX($C$5:$G$5,MATCH(G10,$C$4:$G$4,0))) -> 0.93 | AG10: =IF($C10="","",IF(C10=3.5,IFERROR(INDEX('Assumptions & Ref'!$G$93:$G$105,MATCH(E10,'Assumptions & Ref'!$F$93:$F$105,0)),0),0)) -> 150 | AH10: =IF($C10="","",IF(C10=3.5,SQRT(AG10/PI())*2,0)) -> 13.819766 | AI10: =IF($C10="","",IF(C10=3.5,IFERROR(INDEX('Assumptions & Ref'!$D$70:$D$90,MATCH(AG10,'Assumptions & Ref'!$B$70:$B$90,0)),0),0)) -> 1.4 | AJ10: =IF($C10="","",AH10+2*AI10) -> 16.619766 | AK10: =IF($C10="","",ROUND(IF(C10=1,AE10,IF(C10=2,2*AE10,IF(C10=3,2.16*AE10,IF(C10=3.5,2.42*(3*AE10+AJ10)/4,IF(C10=4,2.42*AE10,0))))),1)) -> 52.1 | AL10: =IF($C10="","",IFERROR(INDEX('Assumptions & Ref'!$G$70:$G$74,IF(INDEX('Assumptions & Ref'!$F$70:$F$74,MATCH(AK10,'Assumptions & Ref'!$F$70:$F$74,1))=AK10,MATCH(AK10,'Assumptions & Ref'!$F$70:$F$74,1),MIN(MATCH(AK10,'Assumptions & Ref'!$F$70:$F$74,1)+1,5))),INDEX('Assumptions & Ref'!$G$70:$G$74,1))) -> 0.7 | AM10: =IF($C10="","",AK10+2*AL10) -> 53.5 | AN10: =IF($C10="","",INDEX($C$5:$G$5,MATCH(H10,$C$4:$G$4,0))) -> 1.35 | AO10: =IF($C10="","",IF(I10="Unarmored",0,IF(OR(I10="Galvanised steel flat strip",I10="Aluminium Flat Strip"),IFERROR(INDEX('Assumptions & Ref'!$C$93:$C$98,IF(INDEX('Assumptions & Ref'!$B$93:$B$98,MATCH(AM10,'Assumptions & Ref'!$B$93:$B$98,1))=AM10,MATCH(AM10,'Assumptions & Ref'!$B$93:$B$98,1),MIN(MATCH(AM10,'Assumptions & Ref'!$B$93:$B$98,1)+1,6))),INDEX('Assumptions & Ref'!$C$93:$C$98,1)),IFERROR(INDEX('Assumptions & Ref'!$D$93:$D$98,IF(INDEX('Assumptions & Ref'!$B$93:$B$98,MATCH(AM10,'Assumptions & Ref'!$B$93:$B$98,1))=AM10,MATCH(AM10,'Assumptions & Ref'!$B$93:$B$98,1),MIN(MATCH(AM10,'Assumptions & Ref'!$B$93:$B$98,1)+1,6))),INDEX('Assumptions & Ref'!$D$93:$D$98,1))))) -> 0 | AP10: =IF($C10="","",AM10+2*AO10) -> 53.5 | AQ10: =IF($C10="","",IF(I10="Unarmored",0,IF(OR(I10="Aluminium Flat Strip",I10="Aluminium Round Wired"),INDEX($C$5:$G$5,MATCH("Aluminium",$C$4:$G$4,0)),INDEX($C$5:$G$5,MATCH("Steel Wire",$C$4:$G$4,0))))) -> 0 | AR10: =IF($C10="","",IF(I10="Unarmored",IFERROR(INDEX('Assumptions & Ref'!$J$70:$J$81,IF(INDEX('Assumptions & Ref'!$I$70:$I$81,MATCH(AP10,'Assumptions & Ref'!$I$70:$I$81,1))=AP10,MATCH(AP10,'Assumptions & Ref'!$I$70:$I$81,1),MIN(MATCH(AP10,'Assumptions & Ref'!$I$70:$I$81,1)+1,12))),INDEX('Assumptions & Ref'!$J$70:$J$81,1)),IFERROR(INDEX('Assumptions & Ref'!$K$70:$K$81,IF(INDEX('Assumptions & Ref'!$I$70:$I$81,MATCH(AP10,'Assumptions & Ref'!$I$70:$I$81,1))=AP10,MATCH(AP10,'Assumptions & Ref'!$I$70:$I$81,1),MIN(MATCH(AP10,'Assumptions & Ref'!$I$70:$I$81,1)+1,12))),INDEX('Assumptions & Ref'!$K$70:$K$81,1)))) -> 3.2 | AS10: =IF($C10="","",AP10+2*AR10) -> 59.9 | AT10: =IF($C10="","",INDEX($C$5:$G$5,MATCH(J10,$C$4:$G$4,0))) -> 0.93 | AU10: =IF($C10="","",TRUNC(AS10+1)) -> 60 | AV10: =IF($C10="","",((E10*AC10*IF(C10=3.5,3,C10))+(AG10*AC10*IF(C10=3.5,1,0)))*(1+'Assumptions & Ref'!$C$22)) -> 9480.87 | AW10: =IF($C10="","",IF(C10=3.5,(PI()*(AE10^2-AB10^2)/4*AF10*3)+(PI()*(AJ10^2-AH10^2)/4*AF10),PI()*(AE10^2-AB10^2)/4*AF10*C10)*(1+'Assumptions & Ref'!$C$22)) -> 402.99179 | AX10: =IF($C10="","",PI()*(AM10^2-AK10^2)/4*AN10*(1+'Assumptions & Ref'!$C$22)) -> 158.32044 | AY10: =IF($C10="","",PI()*(AS10^2-AP10^2)/4*AT10*(1+'Assumptions & Ref'!$C$22)) -> 535.41093 | AZ10: =IF($C10="","",PI()*(AP10^2-AM10^2)/4*AQ10*(1+'Assumptions & Ref'!$C$22)) -> 0 | BA10: =IF($C10="","",AV10*INDEX($C$6:$G$6,MATCH(F10,$C$4:$G$4,0))+IF(G10="XLPE",AW10*INDEX($C$6:$G$6,MATCH("XLPE",$C$4:$G$4,0)),0)+IF(G10="PVC",(AW10+AX10+AY10)*INDEX($C$6:$G$6,MATCH("PVC",$C$4:$G$4,0)),(AX10+AY10)*INDEX($C$6:$G$6,MATCH("PVC",$C$4:$G$4,0)))+IF(I10="Unarmored",0,IF(OR(I10="Aluminium Flat Strip",I10="Aluminium Round Wired"),AZ10*INDEX($C$6:$G$6,MATCH("Aluminium",$C$4:$G$4,0)),AZ10*INDEX($C$6:$G$6,MATCH("Steel Wire",$C$4:$G$4,0))))) -> 13681421 | BB10: =IF($C10="","",IF(K10="Y",'Assumptions & Ref'!$C$40,0)+IF(L10="Y",'Assumptions & Ref'!$C$41,0)+IF(M10="Y",'Assumptions & Ref'!$C$42,0)+IF(N10="Y",'Assumptions & Ref'!$C$43,0)+IF(O10="Y",'Assumptions & Ref'!$C$44,0)+IF(P10="Y",'Assumptions & Ref'!$C$45,0)+IF(Q10="Y",'Assumptions & Ref'!$C$46,0)+IF(R10="Y",'Assumptions & Ref'!$C$47,0)+IF(S10="Y",'Assumptions & Ref'!$C$48,0)+IF(T10="Y",'Assumptions & Ref'!$C$49,0)) -> 0 | BC10: =IF($C10="","",(IF($F10="Aluminium",'Assumptions & Ref'!$D$17,'Assumptions & Ref'!$C$17)+IF($F10="Aluminium",'Assumptions & Ref'!$D$18,'Assumptions & Ref'!$C$18)+IF($F10="Aluminium",'Assumptions & Ref'!$D$19,'Assumptions & Ref'!$C$19)+IF($F10="Aluminium",'Assumptions & Ref'!$D$20,'Assumptions & Ref'!$C$20))/IF($F10="Aluminium",'Assumptions & Ref'!$D$16,'Assumptions & Ref'!$C$16)) -> 0.17647059 | BD10: =IF($C10="","",(IF($F10="Aluminium",'Assumptions & Ref'!$F$17,'Assumptions & Ref'!$E$17)+IF($F10="Aluminium",'Assumptions & Ref'!$F$18,'Assumptions & Ref'!$E$18)+IF($F10="Aluminium",'Assumptions & Ref'!$F$19,'Assumptions & Ref'!$E$19)+IF($F10="Aluminium",'Assumptions & Ref'!$F$20,'Assumptions & Ref'!$E$20))/IF($F10="Aluminium",'Assumptions & Ref'!$F$16,'Assumptions & Ref'!$E$16)) -> 0.11111111 | BE10: =IF($C10="","",BA10*(1+BC10)) -> 16095790 | BF10: =IF($C10="","",BA10*(1+BD10)) -> 15201579 | BG10: =IF($C10="","",BE10*(1+BB10)*(1+IF($F10="Aluminium",'Assumptions & Ref'!$D$21,'Assumptions & Ref'!$C$21))) -> 16739621 | BH10: =IF($C10="","",BF10*(1+BB10)*(1+IF($F10="Aluminium",'Assumptions & Ref'!$F$21,'Assumptions & Ref'!$E$21))) -> 15809642
B11: 3.5C x 240 sq.mm CU, XLPE | C11: 3.5 | D11: Circular | E11: 240 | F11: Copper | G11: XLPE | H11: PVC | I11: Unarmored | J11: XLPE | K11: N | L11: N | M11: N | N11: N | O11: N | P11: N | Q11: N | R11: N | S11: N | T11: N | U11: =IF($C11="","",MIN(BG11,BH11))/1000 -> 12654.646 | V11: =IF($C11="","",MAX(BG11,BH11))/1000 -> 13399.037 | W11: =IF($C11="","",BA11)/1000 -> 10951.136 | X11: =IF($C11="","",AU11) -> 55 | Y11: =IF($C11="","",AV11) -> 7584.696 | AA11: =IF($C11="","",IF(D11="Sector shaped",360/C11,360)) -> 360 | AB11: =IF($C11="","",SQRT(E11*(360/AA11)/PI())*2) -> 17.480775 | AC11: =IF($C11="","",INDEX($C$5:$G$5,MATCH(F11,$C$4:$G$4,0))) -> 8.94 | AD11: =IF($C11="","",IF(AND(C11=1,I11="Unarmored"),INDEX('Assumptions & Ref'!$C$70:$C$90,MATCH(E11,'Assumptions & Ref'!$B$70:$B$90,0)),INDEX('Assumptions & Ref'!$D$70:$D$90,MATCH(E11,'Assumptions & Ref'!$B$70:$B$90,0)))) -> 1.7 | AE11: =IF($C11="","",IF(D11="Circular",AB11+2*AD11,AB11+4*AD11)) -> 20.880775 | AF11: =IF($C11="","",INDEX($C$5:$G$5,MATCH(G11,$C$4:$G$4,0))) -> 0.93 | AG11: =IF($C11="","",IF(C11=3.5,IFERROR(INDEX('Assumptions & Ref'!$G$93:$G$105,MATCH(E11,'Assumptions & Ref'!$F$93:$F$105,0)),0),0)) -> 120 | AH11: =IF($C11="","",IF(C11=3.5,SQRT(AG11/PI())*2,0)) -> 12.360774 | AI11: =IF($C11="","",IF(C11=3.5,IFERROR(INDEX('Assumptions & Ref'!$D$70:$D$90,MATCH(AG11,'Assumptions & Ref'!$B$70:$B$90,0)),0),0)) -> 1.2 | AJ11: =IF($C11="","",AH11+2*AI11) -> 14.760774 | AK11: =IF($C11="","",ROUND(IF(C11=1,AE11,IF(C11=2,2*AE11,IF(C11=3,2.16*AE11,IF(C11=3.5,2.42*(3*AE11+AJ11)/4,IF(C11=4,2.42*AE11,0))))),1)) -> 46.8 | AL11: =IF($C11="","",IFERROR(INDEX('Assumptions & Ref'!$G$70:$G$74,IF(INDEX('Assumptions & Ref'!$F$70:$F$74,MATCH(AK11,'Assumptions & Ref'!$F$70:$F$74,1))=AK11,MATCH(AK11,'Assumptions & Ref'!$F$70:$F$74,1),MIN(MATCH(AK11,'Assumptions & Ref'!$F$70:$F$74,1)+1,5))),INDEX('Assumptions & Ref'!$G$70:$G$74,1))) -> 0.7 | AM11: =IF($C11="","",AK11+2*AL11) -> 48.2 | AN11: =IF($C11="","",INDEX($C$5:$G$5,MATCH(H11,$C$4:$G$4,0))) -> 1.35 | AO11: =IF($C11="","",IF(I11="Unarmored",0,IF(OR(I11="Galvanised steel flat strip",I11="Aluminium Flat Strip"),IFERROR(INDEX('Assumptions & Ref'!$C$93:$C$98,IF(INDEX('Assumptions & Ref'!$B$93:$B$98,MATCH(AM11,'Assumptions & Ref'!$B$93:$B$98,1))=AM11,MATCH(AM11,'Assumptions & Ref'!$B$93:$B$98,1),MIN(MATCH(AM11,'Assumptions & Ref'!$B$93:$B$98,1)+1,6))),INDEX('Assumptions & Ref'!$C$93:$C$98,1)),IFERROR(INDEX('Assumptions & Ref'!$D$93:$D$98,IF(INDEX('Assumptions & Ref'!$B$93:$B$98,MATCH(AM11,'Assumptions & Ref'!$B$93:$B$98,1))=AM11,MATCH(AM11,'Assumptions & Ref'!$B$93:$B$98,1),MIN(MATCH(AM11,'Assumptions & Ref'!$B$93:$B$98,1)+1,6))),INDEX('Assumptions & Ref'!$D$93:$D$98,1))))) -> 0 | AP11: =IF($C11="","",AM11+2*AO11) -> 48.2 | AQ11: =IF($C11="","",IF(I11="Unarmored",0,IF(OR(I11="Aluminium Flat Strip",I11="Aluminium Round Wired"),INDEX($C$5:$G$5,MATCH("Aluminium",$C$4:$G$4,0)),INDEX($C$5:$G$5,MATCH("Steel Wire",$C$4:$G$4,0))))) -> 0 | AR11: =IF($C11="","",IF(I11="Unarmored",IFERROR(INDEX('Assumptions & Ref'!$J$70:$J$81,IF(INDEX('Assumptions & Ref'!$I$70:$I$81,MATCH(AP11,'Assumptions & Ref'!$I$70:$I$81,1))=AP11,MATCH(AP11,'Assumptions & Ref'!$I$70:$I$81,1),MIN(MATCH(AP11,'Assumptions & Ref'!$I$70:$I$81,1)+1,12))),INDEX('Assumptions & Ref'!$J$70:$J$81,1)),IFERROR(INDEX('Assumptions & Ref'!$K$70:$K$81,IF(INDEX('Assumptions & Ref'!$I$70:$I$81,MATCH(AP11,'Assumptions & Ref'!$I$70:$I$81,1))=AP11,MATCH(AP11,'Assumptions & Ref'!$I$70:$I$81,1),MIN(MATCH(AP11,'Assumptions & Ref'!$I$70:$I$81,1)+1,12))),INDEX('Assumptions & Ref'!$K$70:$K$81,1)))) -> 3 | AS11: =IF($C11="","",AP11+2*AR11) -> 54.2 | AT11: =IF($C11="","",INDEX($C$5:$G$5,MATCH(J11,$C$4:$G$4,0))) -> 0.93 | AU11: =IF($C11="","",TRUNC(AS11+1)) -> 55 | AV11: =IF($C11="","",((E11*AC11*IF(C11=3.5,3,C11))+(AG11*AC11*IF(C11=3.5,1,0)))*(1+'Assumptions & Ref'!$C$22)) -> 7584.696 | AW11: =IF($C11="","",IF(C11=3.5,(PI()*(AE11^2-AB11^2)/4*AF11*3)+(PI()*(AJ11^2-AH11^2)/4*AF11),PI()*(AE11^2-AB11^2)/4*AF11*C11)*(1+'Assumptions & Ref'!$C$22)) -> 336.68235 | AX11: =IF($C11="","",PI()*(AM11^2-AK11^2)/4*AN11*(1+'Assumptions & Ref'!$C$22)) -> 142.42842 | AY11: =IF($C11="","",PI()*(AS11^2-AP11^2)/4*AT11*(1+'Assumptions & Ref'!$C$22)) -> 453.25793 | AZ11: =IF($C11="","",PI()*(AP11^2-AM11^2)/4*AQ11*(1+'Assumptions & Ref'!$C$22)) -> 0 | BA11: =IF($C11="","",AV11*INDEX($C$6:$G$6,MATCH(F11,$C$4:$G$4,0))+IF(G11="XLPE",AW11*INDEX($C$6:$G$6,MATCH("XLPE",$C$4:$G$4,0)),0)+IF(G11="PVC",(AW11+AX11+AY11)*INDEX($C$6:$G$6,MATCH("PVC",$C$4:$G$4,0)),(AX11+AY11)*INDEX($C$6:$G$6,MATCH("PVC",$C$4:$G$4,0)))+IF(I11="Unarmored",0,IF(OR(I11="Aluminium Flat Strip",I11="Aluminium Round Wired"),AZ11*INDEX($C$6:$G$6,MATCH("Aluminium",$C$4:$G$4,0)),AZ11*INDEX($C$6:$G$6,MATCH("Steel Wire",$C$4:$G$4,0))))) -> 10951136 | BB11: =IF($C11="","",IF(K11="Y",'Assumptions & Ref'!$C$40,0)+IF(L11="Y",'Assumptions & Ref'!$C$41,0)+IF(M11="Y",'Assumptions & Ref'!$C$42,0)+IF(N11="Y",'Assumptions & Ref'!$C$43,0)+IF(O11="Y",'Assumptions & Ref'!$C$44,0)+IF(P11="Y",'Assumptions & Ref'!$C$45,0)+IF(Q11="Y",'Assumptions & Ref'!$C$46,0)+IF(R11="Y",'Assumptions & Ref'!$C$47,0)+IF(S11="Y",'Assumptions & Ref'!$C$48,0)+IF(T11="Y",'Assumptions & Ref'!$C$49,0)) -> 0 | BC11: =IF($C11="","",(IF($F11="Aluminium",'Assumptions & Ref'!$D$17,'Assumptions & Ref'!$C$17)+IF($F11="Aluminium",'Assumptions & Ref'!$D$18,'Assumptions & Ref'!$C$18)+IF($F11="Aluminium",'Assumptions & Ref'!$D$19,'Assumptions & Ref'!$C$19)+IF($F11="Aluminium",'Assumptions & Ref'!$D$20,'Assumptions & Ref'!$C$20))/IF($F11="Aluminium",'Assumptions & Ref'!$D$16,'Assumptions & Ref'!$C$16)) -> 0.17647059 | BD11: =IF($C11="","",(IF($F11="Aluminium",'Assumptions & Ref'!$F$17,'Assumptions & Ref'!$E$17)+IF($F11="Aluminium",'Assumptions & Ref'!$F$18,'Assumptions & Ref'!$E$18)+IF($F11="Aluminium",'Assumptions & Ref'!$F$19,'Assumptions & Ref'!$E$19)+IF($F11="Aluminium",'Assumptions & Ref'!$F$20,'Assumptions & Ref'!$E$20))/IF($F11="Aluminium",'Assumptions & Ref'!$F$16,'Assumptions & Ref'!$E$16)) -> 0.11111111 | BE11: =IF($C11="","",BA11*(1+BC11)) -> 12883689 | BF11: =IF($C11="","",BA11*(1+BD11)) -> 12167929 | BG11: =IF($C11="","",BE11*(1+BB11)*(1+IF($F11="Aluminium",'Assumptions & Ref'!$D$21,'Assumptions & Ref'!$C$21))) -> 13399037 | BH11: =IF($C11="","",BF11*(1+BB11)*(1+IF($F11="Aluminium",'Assumptions & Ref'!$F$21,'Assumptions & Ref'!$E$21))) -> 12654646
B12: 3.5C x 185 sq.mm CU, XLPE | C12: 3.5 | D12: Circular | E12: 185 | F12: Copper | G12: XLPE | H12: PVC | I12: Unarmored | J12: XLPE | K12: N | L12: N | M12: N | N12: N | O12: N | P12: N | Q12: N | R12: N | S12: N | T12: N | U12: =IF($C12="","",MIN(BG12,BH12))/1000 -> 9798.0234 | V12: =IF($C12="","",MAX(BG12,BH12))/1000 -> 10374.378 | W12: =IF($C12="","",BA12)/1000 -> 8479.0587 | X12: =IF($C12="","",AU12) -> 49 | Y12: =IF($C12="","",AV12) -> 5869.11 | AA12: =IF($C12="","",IF(D12="Sector shaped",360/C12,360)) -> 360 | AB12: =IF($C12="","",SQRT(E12*(360/AA12)/PI())*2) -> 15.347616 | AC12: =IF($C12="","",INDEX($C$5:$G$5,MATCH(F12,$C$4:$G$4,0))) -> 8.94 | AD12: =IF($C12="","",IF(AND(C12=1,I12="Unarmored"),INDEX('Assumptions & Ref'!$C$70:$C$90,MATCH(E12,'Assumptions & Ref'!$B$70:$B$90,0)),INDEX('Assumptions & Ref'!$D$70:$D$90,MATCH(E12,'Assumptions & Ref'!$B$70:$B$90,0)))) -> 1.6 | AE12: =IF($C12="","",IF(D12="Circular",AB12+2*AD12,AB12+4*AD12)) -> 18.547616 | AF12: =IF($C12="","",INDEX($C$5:$G$5,MATCH(G12,$C$4:$G$4,0))) -> 0.93 | AG12: =IF($C12="","",IF(C12=3.5,IFERROR(INDEX('Assumptions & Ref'!$G$93:$G$105,MATCH(E12,'Assumptions & Ref'!$F$93:$F$105,0)),0),0)) -> 95 | AH12: =IF($C12="","",IF(C12=3.5,SQRT(AG12/PI())*2,0)) -> 10.99808 | AI12: =IF($C12="","",IF(C12=3.5,IFERROR(INDEX('Assumptions & Ref'!$D$70:$D$90,MATCH(AG12,'Assumptions & Ref'!$B$70:$B$90,0)),0),0)) -> 1.1 | AJ12: =IF($C12="","",AH12+2*AI12) -> 13.19808 | AK12: =IF($C12="","",ROUND(IF(C12=1,AE12,IF(C12=2,2*AE12,IF(C12=3,2.16*AE12,IF(C12=3.5,2.42*(3*AE12+AJ12)/4,IF(C12=4,2.42*AE12,0))))),1)) -> 41.6 | AL12: =IF($C12="","",IFERROR(INDEX('Assumptions & Ref'!$G$70:$G$74,IF(INDEX('Assumptions & Ref'!$F$70:$F$74,MATCH(AK12,'Assumptions & Ref'!$F$70:$F$74,1))=AK12,MATCH(AK12,'Assumptions & Ref'!$F$70:$F$74,1),MIN(MATCH(AK12,'Assumptions & Ref'!$F$70:$F$74,1)+1,5))),INDEX('Assumptions & Ref'!$G$70:$G$74,1))) -> 0.6 | AM12: =IF($C12="","",AK12+2*AL12) -> 42.8 | AN12: =IF($C12="","",INDEX($C$5:$G$5,MATCH(H12,$C$4:$G$4,0))) -> 1.35 | AO12: =IF($C12="","",IF(I12="Unarmored",0,IF(OR(I12="Galvanised steel flat strip",I12="Aluminium Flat Strip"),IFERROR(INDEX('Assumptions & Ref'!$C$93:$C$98,IF(INDEX('Assumptions & Ref'!$B$93:$B$98,MATCH(AM12,'Assumptions & Ref'!$B$93:$B$98,1))=AM12,MATCH(AM12,'Assumptions & Ref'!$B$93:$B$98,1),MIN(MATCH(AM12,'Assumptions & Ref'!$B$93:$B$98,1)+1,6))),INDEX('Assumptions & Ref'!$C$93:$C$98,1)),IFERROR(INDEX('Assumptions & Ref'!$D$93:$D$98,IF(INDEX('Assumptions & Ref'!$B$93:$B$98,MATCH(AM12,'Assumptions & Ref'!$B$93:$B$98,1))=AM12,MATCH(AM12,'Assumptions & Ref'!$B$93:$B$98,1),MIN(MATCH(AM12,'Assumptions & Ref'!$B$93:$B$98,1)+1,6))),INDEX('Assumptions & Ref'!$D$93:$D$98,1))))) -> 0 | AP12: =IF($C12="","",AM12+2*AO12) -> 42.8 | AQ12: =IF($C12="","",IF(I12="Unarmored",0,IF(OR(I12="Aluminium Flat Strip",I12="Aluminium Round Wired"),INDEX($C$5:$G$5,MATCH("Aluminium",$C$4:$G$4,0)),INDEX($C$5:$G$5,MATCH("Steel Wire",$C$4:$G$4,0))))) -> 0 | AR12: =IF($C12="","",IF(I12="Unarmored",IFERROR(INDEX('Assumptions & Ref'!$J$70:$J$81,IF(INDEX('Assumptions & Ref'!$I$70:$I$81,MATCH(AP12,'Assumptions & Ref'!$I$70:$I$81,1))=AP12,MATCH(AP12,'Assumptions & Ref'!$I$70:$I$81,1),MIN(MATCH(AP12,'Assumptions & Ref'!$I$70:$I$81,1)+1,12))),INDEX('Assumptions & Ref'!$J$70:$J$81,1)),IFERROR(INDEX('Assumptions & Ref'!$K$70:$K$81,IF(INDEX('Assumptions & Ref'!$I$70:$I$81,MATCH(AP12,'Assumptions & Ref'!$I$70:$I$81,1))=AP12,MATCH(AP12,'Assumptions & Ref'!$I$70:$I$81,1),MIN(MATCH(AP12,'Assumptions & Ref'!$I$70:$I$81,1)+1,12))),INDEX('Assumptions & Ref'!$K$70:$K$81,1)))) -> 2.8 | AS12: =IF($C12="","",AP12+2*AR12) -> 48.4 | AT12: =IF($C12="","",INDEX($C$5:$G$5,MATCH(J12,$C$4:$G$4,0))) -> 0.93 | AU12: =IF($C12="","",TRUNC(AS12+1)) -> 49 | AV12: =IF($C12="","",((E12*AC12*IF(C12=3.5,3,C12))+(AG12*AC12*IF(C12=3.5,1,0)))*(1+'Assumptions & Ref'!$C$22)) -> 5869.11 | AW12: =IF($C12="","",IF(C12=3.5,(PI()*(AE12^2-AB12^2)/4*AF12*3)+(PI()*(AJ12^2-AH12^2)/4*AF12),PI()*(AE12^2-AB12^2)/4*AF12*C12)*(1+'Assumptions & Ref'!$C$22)) -> 279.32151 | AX12: =IF($C12="","",PI()*(AM12^2-AK12^2)/4*AN12*(1+'Assumptions & Ref'!$C$22)) -> 108.45978 | AY12: =IF($C12="","",PI()*(AS12^2-AP12^2)/4*AT12*(1+'Assumptions & Ref'!$C$22)) -> 376.77065 | AZ12: =IF($C12="","",PI()*(AP12^2-AM12^2)/4*AQ12*(1+'Assumptions & Ref'!$C$22)) -> 0 | BA12: =IF($C12="","",AV12*INDEX($C$6:$G$6,MATCH(F12,$C$4:$G$4,0))+IF(G12="XLPE",AW12*INDEX($C$6:$G$6,MATCH("XLPE",$C$4:$G$4,0)),0)+IF(G12="PVC",(AW12+AX12+AY12)*INDEX($C$6:$G$6,MATCH("PVC",$C$4:$G$4,0)),(AX12+AY12)*INDEX($C$6:$G$6,MATCH("PVC",$C$4:$G$4,0)))+IF(I12="Unarmored",0,IF(OR(I12="Aluminium Flat Strip",I12="Aluminium Round Wired"),AZ12*INDEX($C$6:$G$6,MATCH("Aluminium",$C$4:$G$4,0)),AZ12*INDEX($C$6:$G$6,MATCH("Steel Wire",$C$4:$G$4,0))))) -> 8479058.7 | BB12: =IF($C12="","",IF(K12="Y",'Assumptions & Ref'!$C$40,0)+IF(L12="Y",'Assumptions & Ref'!$C$41,0)+IF(M12="Y",'Assumptions & Ref'!$C$42,0)+IF(N12="Y",'Assumptions & Ref'!$C$43,0)+IF(O12="Y",'Assumptions & Ref'!$C$44,0)+IF(P12="Y",'Assumptions & Ref'!$C$45,0)+IF(Q12="Y",'Assumptions & Ref'!$C$46,0)+IF(R12="Y",'Assumptions & Ref'!$C$47,0)+IF(S12="Y",'Assumptions & Ref'!$C$48,0)+IF(T12="Y",'Assumptions & Ref'!$C$49,0)) -> 0 | BC12: =IF($C12="","",(IF($F12="Aluminium",'Assumptions & Ref'!$D$17,'Assumptions & Ref'!$C$17)+IF($F12="Aluminium",'Assumptions & Ref'!$D$18,'Assumptions & Ref'!$C$18)+IF($F12="Aluminium",'Assumptions & Ref'!$D$19,'Assumptions & Ref'!$C$19)+IF($F12="Aluminium",'Assumptions & Ref'!$D$20,'Assumptions & Ref'!$C$20))/IF($F12="Aluminium",'Assumptions & Ref'!$D$16,'Assumptions & Ref'!$C$16)) -> 0.17647059 | BD12: =IF($C12="","",(IF($F12="Aluminium",'Assumptions & Ref'!$F$17,'Assumptions & Ref'!$E$17)+IF($F12="Aluminium",'Assumptions & Ref'!$F$18,'Assumptions & Ref'!$E$18)+IF($F12="Aluminium",'Assumptions & Ref'!$F$19,'Assumptions & Ref'!$E$19)+IF($F12="Aluminium",'Assumptions & Ref'!$F$20,'Assumptions & Ref'!$E$20))/IF($F12="Aluminium",'Assumptions & Ref'!$F$16,'Assumptions & Ref'!$E$16)) -> 0.11111111 | BE12: =IF($C12="","",BA12*(1+BC12)) -> 9975363.2 | BF12: =IF($C12="","",BA12*(1+BD12)) -> 9421176.4 | BG12: =IF($C12="","",BE12*(1+BB12)*(1+IF($F12="Aluminium",'Assumptions & Ref'!$D$21,'Assumptions & Ref'!$C$21))) -> 10374378 | BH12: =IF($C12="","",BF12*(1+BB12)*(1+IF($F12="Aluminium",'Assumptions & Ref'!$F$21,'Assumptions & Ref'!$E$21))) -> 9798023.4
B13: 3.5C x 150 sq.mm CU, XLPE | C13: 3.5 | D13: Circular | E13: 150 | F13: Copper | G13: XLPE | H13: PVC | I13: Unarmored | J13: XLPE | K13: N | L13: N | M13: N | N13: N | O13: N | P13: N | Q13: N | R13: N | S13: N | T13: N | U13: =IF($C13="","",MIN(BG13,BH13))/1000 -> 7841.0426 | V13: =IF($C13="","",MAX(BG13,BH13))/1000 -> 8302.2804 | W13: =IF($C13="","",BA13)/1000 -> 6785.5176 | X13: =IF($C13="","",AU13) -> 44 | Y13: =IF($C13="","",AV13) -> 4695.288 | AA13: =IF($C13="","",IF(D13="Sector shaped",360/C13,360)) -> 360 | AB13: =IF($C13="","",SQRT(E13*(360/AA13)/PI())*2) -> 13.819766 | AC13: =IF($C13="","",INDEX($C$5:$G$5,MATCH(F13,$C$4:$G$4,0))) -> 8.94 | AD13: =IF($C13="","",IF(AND(C13=1,I13="Unarmored"),INDEX('Assumptions & Ref'!$C$70:$C$90,MATCH(E13,'Assumptions & Ref'!$B$70:$B$90,0)),INDEX('Assumptions & Ref'!$D$70:$D$90,MATCH(E13,'Assumptions & Ref'!$B$70:$B$90,0)))) -> 1.4 | AE13: =IF($C13="","",IF(D13="Circular",AB13+2*AD13,AB13+4*AD13)) -> 16.619766 | AF13: =IF($C13="","",INDEX($C$5:$G$5,MATCH(G13,$C$4:$G$4,0))) -> 0.93 | AG13: =IF($C13="","",IF(C13=3.5,IFERROR(INDEX('Assumptions & Ref'!$G$93:$G$105,MATCH(E13,'Assumptions & Ref'!$F$93:$F$105,0)),0),0)) -> 70 | AH13: =IF($C13="","",IF(C13=3.5,SQRT(AG13/PI())*2,0)) -> 9.4406974 | AI13: =IF($C13="","",IF(C13=3.5,IFERROR(INDEX('Assumptions & Ref'!$D$70:$D$90,MATCH(AG13,'Assumptions & Ref'!$B$70:$B$90,0)),0),0)) -> 1.1 | AJ13: =IF($C13="","",AH13+2*AI13) -> 11.640697 | AK13: =IF($C13="","",ROUND(IF(C13=1,AE13,IF(C13=2,2*AE13,IF(C13=3,2.16*AE13,IF(C13=3.5,2.42*(3*AE13+AJ13)/4,IF(C13=4,2.42*AE13,0))))),1)) -> 37.2 | AL13: =IF($C13="","",IFERROR(INDEX('Assumptions & Ref'!$G$70:$G$74,IF(INDEX('Assumptions & Ref'!$F$70:$F$74,MATCH(AK13,'Assumptions & Ref'!$F$70:$F$74,1))=AK13,MATCH(AK13,'Assumptions & Ref'!$F$70:$F$74,1),MIN(MATCH(AK13,'Assumptions & Ref'!$F$70:$F$74,1)+1,5))),INDEX('Assumptions & Ref'!$G$70:$G$74,1))) -> 0.6 | AM13: =IF($C13="","",AK13+2*AL13) -> 38.4 | AN13: =IF($C13="","",INDEX($C$5:$G$5,MATCH(H13,$C$4:$G$4,0))) -> 1.35 | AO13: =IF($C13="","",IF(I13="Unarmored",0,IF(OR(I13="Galvanised steel flat strip",I13="Aluminium Flat Strip"),IFERROR(INDEX('Assumptions & Ref'!$C$93:$C$98,IF(INDEX('Assumptions & Ref'!$B$93:$B$98,MATCH(AM13,'Assumptions & Ref'!$B$93:$B$98,1))=AM13,MATCH(AM13,'Assumptions & Ref'!$B$93:$B$98,1),MIN(MATCH(AM13,'Assumptions & Ref'!$B$93:$B$98,1)+1,6))),INDEX('Assumptions & Ref'!$C$93:$C$98,1)),IFERROR(INDEX('Assumptions & Ref'!$D$93:$D$98,IF(INDEX('Assumptions & Ref'!$B$93:$B$98,MATCH(AM13,'Assumptions & Ref'!$B$93:$B$98,1))=AM13,MATCH(AM13,'Assumptions & Ref'!$B$93:$B$98,1),MIN(MATCH(AM13,'Assumptions & Ref'!$B$93:$B$98,1)+1,6))),INDEX('Assumptions & Ref'!$D$93:$D$98,1))))) -> 0 | AP13: =IF($C13="","",AM13+2*AO13) -> 38.4 | AQ13: =IF($C13="","",IF(I13="Unarmored",0,IF(OR(I13="Aluminium Flat Strip",I13="Aluminium Round Wired"),INDEX($C$5:$G$5,MATCH("Aluminium",$C$4:$G$4,0)),INDEX($C$5:$G$5,MATCH("Steel Wire",$C$4:$G$4,0))))) -> 0 | AR13: =IF($C13="","",IF(I13="Unarmored",IFERROR(INDEX('Assumptions & Ref'!$J$70:$J$81,IF(INDEX('Assumptions & Ref'!$I$70:$I$81,MATCH(AP13,'Assumptions & Ref'!$I$70:$I$81,1))=AP13,MATCH(AP13,'Assumptions & Ref'!$I$70:$I$81,1),MIN(MATCH(AP13,'Assumptions & Ref'!$I$70:$I$81,1)+1,12))),INDEX('Assumptions & Ref'!$J$70:$J$81,1)),IFERROR(INDEX('Assumptions & Ref'!$K$70:$K$81,IF(INDEX('Assumptions & Ref'!$I$70:$I$81,MATCH(AP13,'Assumptions & Ref'!$I$70:$I$81,1))=AP13,MATCH(AP13,'Assumptions & Ref'!$I$70:$I$81,1),MIN(MATCH(AP13,'Assumptions & Ref'!$I$70:$I$81,1)+1,12))),INDEX('Assumptions & Ref'!$K$70:$K$81,1)))) -> 2.6 | AS13: =IF($C13="","",AP13+2*AR13) -> 43.6 | AT13: =IF($C13="","",INDEX($C$5:$G$5,MATCH(J13,$C$4:$G$4,0))) -> 0.93 | AU13: =IF($C13="","",TRUNC(AS13+1)) -> 44 | AV13: =IF($C13="","",((E13*AC13*IF(C13=3.5,3,C13))+(AG13*AC13*IF(C13=3.5,1,0)))*(1+'Assumptions & Ref'!$C$22)) -> 4695.288 | AW13: =IF($C13="","",IF(C13=3.5,(PI()*(AE13^2-AB13^2)/4*AF13*3)+(PI()*(AJ13^2-AH13^2)/4*AF13),PI()*(AE13^2-AB13^2)/4*AF13*C13)*(1+'Assumptions & Ref'!$C$22)) -> 222.84528 | AX13: =IF($C13="","",PI()*(AM13^2-AK13^2)/4*AN13*(1+'Assumptions & Ref'!$C$22)) -> 97.151177 | AY13: =IF($C13="","",PI()*(AS13^2-AP13^2)/4*AT13*(1+'Assumptions & Ref'!$C$22)) -> 314.56572 | AZ13: =IF($C13="","",PI()*(AP13^2-AM13^2)/4*AQ13*(1+'Assumptions & Ref'!$C$22)) -> 0 | BA13: =IF($C13="","",AV13*INDEX($C$6:$G$6,MATCH(F13,$C$4:$G$4,0))+IF(G13="XLPE",AW13*INDEX($C$6:$G$6,MATCH("XLPE",$C$4:$G$4,0)),0)+IF(G13="PVC",(AW13+AX13+AY13)*INDEX($C$6:$G$6,MATCH("PVC",$C$4:$G$4,0)),(AX13+AY13)*INDEX($C$6:$G$6,MATCH("PVC",$C$4:$G$4,0)))+IF(I13="Unarmored",0,IF(OR(I13="Aluminium Flat Strip",I13="Aluminium Round Wired"),AZ13*INDEX($C$6:$G$6,MATCH("Aluminium",$C$4:$G$4,0)),AZ13*INDEX($C$6:$G$6,MATCH("Steel Wire",$C$4:$G$4,0))))) -> 6785517.6 | BB13: =IF($C13="","",IF(K13="Y",'Assumptions & Ref'!$C$40,0)+IF(L13="Y",'Assumptions & Ref'!$C$41,0)+IF(M13="Y",'Assumptions & Ref'!$C$42,0)+IF(N13="Y",'Assumptions & Ref'!$C$43,0)+IF(O13="Y",'Assumptions & Ref'!$C$44,0)+IF(P13="Y",'Assumptions & Ref'!$C$45,0)+IF(Q13="Y",'Assumptions & Ref'!$C$46,0)+IF(R13="Y",'Assumptions & Ref'!$C$47,0)+IF(S13="Y",'Assumptions & Ref'!$C$48,0)+IF(T13="Y",'Assumptions & Ref'!$C$49,0)) -> 0 | BC13: =IF($C13="","",(IF($F13="Aluminium",'Assumptions & Ref'!$D$17,'Assumptions & Ref'!$C$17)+IF($F13="Aluminium",'Assumptions & Ref'!$D$18,'Assumptions & Ref'!$C$18)+IF($F13="Aluminium",'Assumptions & Ref'!$D$19,'Assumptions & Ref'!$C$19)+IF($F13="Aluminium",'Assumptions & Ref'!$D$20,'Assumptions & Ref'!$C$20))/IF($F13="Aluminium",'Assumptions & Ref'!$D$16,'Assumptions & Ref'!$C$16)) -> 0.17647059 | BD13: =IF($C13="","",(IF($F13="Aluminium",'Assumptions & Ref'!$F$17,'Assumptions & Ref'!$E$17)+IF($F13="Aluminium",'Assumptions & Ref'!$F$18,'Assumptions & Ref'!$E$18)+IF($F13="Aluminium",'Assumptions & Ref'!$F$19,'Assumptions & Ref'!$E$19)+IF($F13="Aluminium",'Assumptions & Ref'!$F$20,'Assumptions & Ref'!$E$20))/IF($F13="Aluminium",'Assumptions & Ref'!$F$16,'Assumptions & Ref'!$E$16)) -> 0.11111111 | BE13: =IF($C13="","",BA13*(1+BC13)) -> 7982961.9 | BF13: =IF($C13="","",BA13*(1+BD13)) -> 7539464 | BG13: =IF($C13="","",BE13*(1+BB13)*(1+IF($F13="Aluminium",'Assumptions & Ref'!$D$21,'Assumptions & Ref'!$C$21))) -> 8302280.4 | BH13: =IF($C13="","",BF13*(1+BB13)*(1+IF($F13="Aluminium",'Assumptions & Ref'!$F$21,'Assumptions & Ref'!$E$21))) -> 7841042.6
B14: 3.5C x 50 sq.mm CU, XLPE | C14: 3.5 | D14: Circular | E14: 50 | F14: Copper | G14: XLPE | H14: PVC | I14: Unarmored | J14: XLPE | K14: N | L14: N | M14: N | N14: N | O14: N | P14: N | Q14: N | R14: N | S14: N | T14: N | U14: =IF($C14="","",MIN(BG14,BH14))/1000 -> 2649.9707 | V14: =IF($C14="","",MAX(BG14,BH14))/1000 -> 2805.8514 | W14: =IF($C14="","",BA14)/1000 -> 2293.2439 | X14: =IF($C14="","",AU14) -> 28 | Y14: =IF($C14="","",AV14) -> 1580.145 | AA14: =IF($C14="","",IF(D14="Sector shaped",360/C14,360)) -> 360 | AB14: =IF($C14="","",SQRT(E14*(360/AA14)/PI())*2) -> 7.9788456 | AC14: =IF($C14="","",INDEX($C$5:$G$5,MATCH(F14,$C$4:$G$4,0))) -> 8.94 | AD14: =IF($C14="","",IF(AND(C14=1,I14="Unarmored"),INDEX('Assumptions & Ref'!$C$70:$C$90,MATCH(E14,'Assumptions & Ref'!$B$70:$B$90,0)),INDEX('Assumptions & Ref'!$D$70:$D$90,MATCH(E14,'Assumptions & Ref'!$B$70:$B$90,0)))) -> 1 | AE14: =IF($C14="","",IF(D14="Circular",AB14+2*AD14,AB14+4*AD14)) -> 9.9788456 | AF14: =IF($C14="","",INDEX($C$5:$G$5,MATCH(G14,$C$4:$G$4,0))) -> 0.93 | AG14: =IF($C14="","",IF(C14=3.5,IFERROR(INDEX('Assumptions & Ref'!$G$93:$G$105,MATCH(E14,'Assumptions & Ref'!$F$93:$F$105,0)),0),0)) -> 25 | AH14: =IF($C14="","",IF(C14=3.5,SQRT(AG14/PI())*2,0)) -> 5.6418958 | AI14: =IF($C14="","",IF(C14=3.5,IFERROR(INDEX('Assumptions & Ref'!$D$70:$D$90,MATCH(AG14,'Assumptions & Ref'!$B$70:$B$90,0)),0),0)) -> 0.9 | AJ14: =IF($C14="","",AH14+2*AI14) -> 7.4418958 | AK14: =IF($C14="","",ROUND(IF(C14=1,AE14,IF(C14=2,2*AE14,IF(C14=3,2.16*AE14,IF(C14=3.5,2.42*(3*AE14+AJ14)/4,IF(C14=4,2.42*AE14,0))))),1)) -> 22.6 | AL14: =IF($C14="","",IFERROR(INDEX('Assumptions & Ref'!$G$70:$G$74,IF(INDEX('Assumptions & Ref'!$F$70:$F$74,MATCH(AK14,'Assumptions & Ref'!$F$70:$F$74,1))=AK14,MATCH(AK14,'Assumptions & Ref'!$F$70:$F$74,1),MIN(MATCH(AK14,'Assumptions & Ref'!$F$70:$F$74,1)+1,5))),INDEX('Assumptions & Ref'!$G$70:$G$74,1))) -> 0.4 | AM14: =IF($C14="","",AK14+2*AL14) -> 23.4 | AN14: =IF($C14="","",INDEX($C$5:$G$5,MATCH(H14,$C$4:$G$4,0))) -> 1.35 | AO14: =IF($C14="","",IF(I14="Unarmored",0,IF(OR(I14="Galvanised steel flat strip",I14="Aluminium Flat Strip"),IFERROR(INDEX('Assumptions & Ref'!$C$93:$C$98,IF(INDEX('Assumptions & Ref'!$B$93:$B$98,MATCH(AM14,'Assumptions & Ref'!$B$93:$B$98,1))=AM14,MATCH(AM14,'Assumptions & Ref'!$B$93:$B$98,1),MIN(MATCH(AM14,'Assumptions & Ref'!$B$93:$B$98,1)+1,6))),INDEX('Assumptions & Ref'!$C$93:$C$98,1)),IFERROR(INDEX('Assumptions & Ref'!$D$93:$D$98,IF(INDEX('Assumptions & Ref'!$B$93:$B$98,MATCH(AM14,'Assumptions & Ref'!$B$93:$B$98,1))=AM14,MATCH(AM14,'Assumptions & Ref'!$B$93:$B$98,1),MIN(MATCH(AM14,'Assumptions & Ref'!$B$93:$B$98,1)+1,6))),INDEX('Assumptions & Ref'!$D$93:$D$98,1))))) -> 0 | AP14: =IF($C14="","",AM14+2*AO14) -> 23.4 | AQ14: =IF($C14="","",IF(I14="Unarmored",0,IF(OR(I14="Aluminium Flat Strip",I14="Aluminium Round Wired"),INDEX($C$5:$G$5,MATCH("Aluminium",$C$4:$G$4,0)),INDEX($C$5:$G$5,MATCH("Steel Wire",$C$4:$G$4,0))))) -> 0 | AR14: =IF($C14="","",IF(I14="Unarmored",IFERROR(INDEX('Assumptions & Ref'!$J$70:$J$81,IF(INDEX('Assumptions & Ref'!$I$70:$I$81,MATCH(AP14,'Assumptions & Ref'!$I$70:$I$81,1))=AP14,MATCH(AP14,'Assumptions & Ref'!$I$70:$I$81,1),MIN(MATCH(AP14,'Assumptions & Ref'!$I$70:$I$81,1)+1,12))),INDEX('Assumptions & Ref'!$J$70:$J$81,1)),IFERROR(INDEX('Assumptions & Ref'!$K$70:$K$81,IF(INDEX('Assumptions & Ref'!$I$70:$I$81,MATCH(AP14,'Assumptions & Ref'!$I$70:$I$81,1))=AP14,MATCH(AP14,'Assumptions & Ref'!$I$70:$I$81,1),MIN(MATCH(AP14,'Assumptions & Ref'!$I$70:$I$81,1)+1,12))),INDEX('Assumptions & Ref'!$K$70:$K$81,1)))) -> 2.2 | AS14: =IF($C14="","",AP14+2*AR14) -> 27.8 | AT14: =IF($C14="","",INDEX($C$5:$G$5,MATCH(J14,$C$4:$G$4,0))) -> 0.93 | AU14: =IF($C14="","",TRUNC(AS14+1)) -> 28 | AV14: =IF($C14="","",((E14*AC14*IF(C14=3.5,3,C14))+(AG14*AC14*IF(C14=3.5,1,0)))*(1+'Assumptions & Ref'!$C$22)) -> 1580.145 | AW14: =IF($C14="","",IF(C14=3.5,(PI()*(AE14^2-AB14^2)/4*AF14*3)+(PI()*(AJ14^2-AH14^2)/4*AF14),PI()*(AE14^2-AB14^2)/4*AF14*C14)*(1+'Assumptions & Ref'!$C$22)) -> 96.860993 | AX14: =IF($C14="","",PI()*(AM14^2-AK14^2)/4*AN14*(1+'Assumptions & Ref'!$C$22)) -> 39.408767 | AY14: =IF($C14="","",PI()*(AS14^2-AP14^2)/4*AT14*(1+'Assumptions & Ref'!$C$22)) -> 166.19457 | AZ14: =IF($C14="","",PI()*(AP14^2-AM14^2)/4*AQ14*(1+'Assumptions & Ref'!$C$22)) -> 0 | BA14: =IF($C14="","",AV14*INDEX($C$6:$G$6,MATCH(F14,$C$4:$G$4,0))+IF(G14="XLPE",AW14*INDEX($C$6:$G$6,MATCH("XLPE",$C$4:$G$4,0)),0)+IF(G14="PVC",(AW14+AX14+AY14)*INDEX($C$6:$G$6,MATCH("PVC",$C$4:$G$4,0)),(AX14+AY14)*INDEX($C$6:$G$6,MATCH("PVC",$C$4:$G$4,0)))+IF(I14="Unarmored",0,IF(OR(I14="Aluminium Flat Strip",I14="Aluminium Round Wired"),AZ14*INDEX($C$6:$G$6,MATCH("Aluminium",$C$4:$G$4,0)),AZ14*INDEX($C$6:$G$6,MATCH("Steel Wire",$C$4:$G$4,0))))) -> 2293243.9 | BB14: =IF($C14="","",IF(K14="Y",'Assumptions & Ref'!$C$40,0)+IF(L14="Y",'Assumptions & Ref'!$C$41,0)+IF(M14="Y",'Assumptions & Ref'!$C$42,0)+IF(N14="Y",'Assumptions & Ref'!$C$43,0)+IF(O14="Y",'Assumptions & Ref'!$C$44,0)+IF(P14="Y",'Assumptions & Ref'!$C$45,0)+IF(Q14="Y",'Assumptions & Ref'!$C$46,0)+IF(R14="Y",'Assumptions & Ref'!$C$47,0)+IF(S14="Y",'Assumptions & Ref'!$C$48,0)+IF(T14="Y",'Assumptions & Ref'!$C$49,0)) -> 0 | BC14: =IF($C14="","",(IF($F14="Aluminium",'Assumptions & Ref'!$D$17,'Assumptions & Ref'!$C$17)+IF($F14="Aluminium",'Assumptions & Ref'!$D$18,'Assumptions & Ref'!$C$18)+IF($F14="Aluminium",'Assumptions & Ref'!$D$19,'Assumptions & Ref'!$C$19)+IF($F14="Aluminium",'Assumptions & Ref'!$D$20,'Assumptions & Ref'!$C$20))/IF($F14="Aluminium",'Assumptions & Ref'!$D$16,'Assumptions & Ref'!$C$16)) -> 0.17647059 | BD14: =IF($C14="","",(IF($F14="Aluminium",'Assumptions & Ref'!$F$17,'Assumptions & Ref'!$E$17)+IF($F14="Aluminium",'Assumptions & Ref'!$F$18,'Assumptions & Ref'!$E$18)+IF($F14="Aluminium",'Assumptions & Ref'!$F$19,'Assumptions & Ref'!$E$19)+IF($F14="Aluminium",'Assumptions & Ref'!$F$20,'Assumptions & Ref'!$E$20))/IF($F14="Aluminium",'Assumptions & Ref'!$F$16,'Assumptions & Ref'!$E$16)) -> 0.11111111 | BE14: =IF($C14="","",BA14*(1+BC14)) -> 2697934 | BF14: =IF($C14="","",BA14*(1+BD14)) -> 2548048.8 | BG14: =IF($C14="","",BE14*(1+BB14)*(1+IF($F14="Aluminium",'Assumptions & Ref'!$D$21,'Assumptions & Ref'!$C$21))) -> 2805851.4 | BH14: =IF($C14="","",BF14*(1+BB14)*(1+IF($F14="Aluminium",'Assumptions & Ref'!$F$21,'Assumptions & Ref'!$E$21))) -> 2649970.7
B15: 3C x 50 sq.mm CU, XLPE | C15: 3 | D15: Circular | E15: 2.5 | F15: Copper | G15: XLPE | H15: PVC | I15: Galvanised steel round wire | J15: XLPE | K15: N | L15: N | M15: N | N15: N | O15: N | P15: N | Q15: N | R15: N | S15: N | T15: N | U15: =IF($C15="","",MIN(BG15,BH15))/1000 -> 150.41267 | V15: =IF($C15="","",MAX(BG15,BH15))/1000 -> 159.26047 | W15: =IF($C15="","",BA15)/1000 -> 130.16481 | X15: =IF($C15="","",AU15) -> 14 | Y15: =IF($C15="","",AV15) -> 67.7205 | AA15: =IF($C15="","",IF(D15="Sector shaped",360/C15,360)) -> 360 | AB15: =IF($C15="","",SQRT(E15*(360/AA15)/PI())*2) -> 1.7841241 | AC15: =IF($C15="","",INDEX($C$5:$G$5,MATCH(F15,$C$4:$G$4,0))) -> 8.94 | AD15: =IF($C15="","",IF(AND(C15=1,I15="Unarmored"),INDEX('Assumptions & Ref'!$C$70:$C$90,MATCH(E15,'Assumptions & Ref'!$B$70:$B$90,0)),INDEX('Assumptions & Ref'!$D$70:$D$90,MATCH(E15,'Assumptions & Ref'!$B$70:$B$90,0)))) -> 0.7 | AE15: =IF($C15="","",IF(D15="Circular",AB15+2*AD15,AB15+4*AD15)) -> 3.1841241 | AF15: =IF($C15="","",INDEX($C$5:$G$5,MATCH(G15,$C$4:$G$4,0))) -> 0.93 | AG15: =IF($C15="","",IF(C15=3.5,IFERROR(INDEX('Assumptions & Ref'!$G$93:$G$105,MATCH(E15,'Assumptions & Ref'!$F$93:$F$105,0)),0),0)) -> 0 | AH15: =IF($C15="","",IF(C15=3.5,SQRT(AG15/PI())*2,0)) -> 0 | AI15: =IF($C15="","",IF(C15=3.5,IFERROR(INDEX('Assumptions & Ref'!$D$70:$D$90,MATCH(AG15,'Assumptions & Ref'!$B$70:$B$90,0)),0),0)) -> 0 | AJ15: =IF($C15="","",AH15+2*AI15) -> 0 | AK15: =IF($C15="","",ROUND(IF(C15=1,AE15,IF(C15=2,2*AE15,IF(C15=3,2.16*AE15,IF(C15=3.5,2.42*(3*AE15+AJ15)/4,IF(C15=4,2.42*AE15,0))))),1)) -> 6.9 | AL15: =IF($C15="","",IFERROR(INDEX('Assumptions & Ref'!$G$70:$G$74,IF(INDEX('Assumptions & Ref'!$F$70:$F$74,MATCH(AK15,'Assumptions & Ref'!$F$70:$F$74,1))=AK15,MATCH(AK15,'Assumptions & Ref'!$F$70:$F$74,1),MIN(MATCH(AK15,'Assumptions & Ref'!$F$70:$F$74,1)+1,5))),INDEX('Assumptions & Ref'!$G$70:$G$74,1))) -> 0.4 | AM15: =IF($C15="","",AK15+2*AL15) -> 7.7 | AN15: =IF($C15="","",INDEX($C$5:$G$5,MATCH(H15,$C$4:$G$4,0))) -> 1.35 | AO15: =IF($C15="","",IF(I15="Unarmored",0,IF(OR(I15="Galvanised steel flat strip",I15="Aluminium Flat Strip"),IFERROR(INDEX('Assumptions & Ref'!$C$93:$C$98,IF(INDEX('Assumptions & Ref'!$B$93:$B$98,MATCH(AM15,'Assumptions & Ref'!$B$93:$B$98,1))=AM15,MATCH(AM15,'Assumptions & Ref'!$B$93:$B$98,1),MIN(MATCH(AM15,'Assumptions & Ref'!$B$93:$B$98,1)+1,6))),INDEX('Assumptions & Ref'!$C$93:$C$98,1)),IFERROR(INDEX('Assumptions & Ref'!$D$93:$D$98,IF(INDEX('Assumptions & Ref'!$B$93:$B$98,MATCH(AM15,'Assumptions & Ref'!$B$93:$B$98,1))=AM15,MATCH(AM15,'Assumptions & Ref'!$B$93:$B$98,1),MIN(MATCH(AM15,'Assumptions & Ref'!$B$93:$B$98,1)+1,6))),INDEX('Assumptions & Ref'!$D$93:$D$98,1))))) -> 1.6 | AP15: =IF($C15="","",AM15+2*AO15) -> 10.9 | AQ15: =IF($C15="","",IF(I15="Unarmored",0,IF(OR(I15="Aluminium Flat Strip",I15="Aluminium Round Wired"),INDEX($C$5:$G$5,MATCH("Aluminium",$C$4:$G$4,0)),INDEX($C$5:$G$5,MATCH("Steel Wire",$C$4:$G$4,0))))) -> 7.76 | AR15: =IF($C15="","",IF(I15="Unarmored",IFERROR(INDEX('Assumptions & Ref'!$J$70:$J$81,IF(INDEX('Assumptions & Ref'!$I$70:$I$81,MATCH(AP15,'Assumptions & Ref'!$I$70:$I$81,1))=AP15,MATCH(AP15,'Assumptions & Ref'!$I$70:$I$81,1),MIN(MATCH(AP15,'Assumptions & Ref'!$I$70:$I$81,1)+1,12))),INDEX('Assumptions & Ref'!$J$70:$J$81,1)),IFERROR(INDEX('Assumptions & Ref'!$K$70:$K$81,IF(INDEX('Assumptions & Ref'!$I$70:$I$81,MATCH(AP15,'Assumptions & Ref'!$I$70:$I$81,1))=AP15,MATCH(AP15,'Assumptions & Ref'!$I$70:$I$81,1),MIN(MATCH(AP15,'Assumptions & Ref'!$I$70:$I$81,1)+1,12))),INDEX('Assumptions & Ref'!$K$70:$K$81,1)))) -> 1.4 | AS15: =IF($C15="","",AP15+2*AR15) -> 13.7 | AT15: =IF($C15="","",INDEX($C$5:$G$5,MATCH(J15,$C$4:$G$4,0))) -> 0.93 | AU15: =IF($C15="","",TRUNC(AS15+1)) -> 14 | AV15: =IF($C15="","",((E15*AC15*IF(C15=3.5,3,C15))+(AG15*AC15*IF(C15=3.5,1,0)))*(1+'Assumptions & Ref'!$C$22)) -> 67.7205 | AW15: =IF($C15="","",IF(C15=3.5,(PI()*(AE15^2-AB15^2)/4*AF15*3)+(PI()*(AJ15^2-AH15^2)/4*AF15),PI()*(AE15^2-AB15^2)/4*AF15*C15)*(1+'Assumptions & Ref'!$C$22)) -> 15.393833 | AX15: =IF($C15="","",PI()*(AM15^2-AK15^2)/4*AN15*(1+'Assumptions & Ref'!$C$22)) -> 12.508 | AY15: =IF($C15="","",PI()*(AS15^2-AP15^2)/4*AT15*(1+'Assumptions & Ref'!$C$22)) -> 50.814463 | AZ15: =IF($C15="","",PI()*(AP15^2-AM15^2)/4*AQ15*(1+'Assumptions & Ref'!$C$22)) -> 366.38349 | BA15: =IF($C15="","",AV15*INDEX($C$6:$G$6,MATCH(F15,$C$4:$G$4,0))+IF(G15="XLPE",AW15*INDEX($C$6:$G$6,MATCH("XLPE",$C$4:$G$4,0)),0)+IF(G15="PVC",(AW15+AX15+AY15)*INDEX($C$6:$G$6,MATCH("PVC",$C$4:$G$4,0)),(AX15+AY15)*INDEX($C$6:$G$6,MATCH("PVC",$C$4:$G$4,0)))+IF(I15="Unarmored",0,IF(OR(I15="Aluminium Flat Strip",I15="Aluminium Round Wired"),AZ15*INDEX($C$6:$G$6,MATCH("Aluminium",$C$4:$G$4,0)),AZ15*INDEX($C$6:$G$6,MATCH("Steel Wire",$C$4:$G$4,0))))) -> 130164.81 | BB15: =IF($C15="","",IF(K15="Y",'Assumptions & Ref'!$C$40,0)+IF(L15="Y",'Assumptions & Ref'!$C$41,0)+IF(M15="Y",'Assumptions & Ref'!$C$42,0)+IF(N15="Y",'Assumptions & Ref'!$C$43,0)+IF(O15="Y",'Assumptions & Ref'!$C$44,0)+IF(P15="Y",'Assumptions & Ref'!$C$45,0)+IF(Q15="Y",'Assumptions & Ref'!$C$46,0)+IF(R15="Y",'Assumptions & Ref'!$C$47,0)+IF(S15="Y",'Assumptions & Ref'!$C$48,0)+IF(T15="Y",'Assumptions & Ref'!$C$49,0)) -> 0 | BC15: =IF($C15="","",(IF($F15="Aluminium",'Assumptions & Ref'!$D$17,'Assumptions & Ref'!$C$17)+IF($F15="Aluminium",'Assumptions & Ref'!$D$18,'Assumptions & Ref'!$C$18)+IF($F15="Aluminium",'Assumptions & Ref'!$D$19,'Assumptions & Ref'!$C$19)+IF($F15="Aluminium",'Assumptions & Ref'!$D$20,'Assumptions & Ref'!$C$20))/IF($F15="Aluminium",'Assumptions & Ref'!$D$16,'Assumptions & Ref'!$C$16)) -> 0.17647059 | BD15: =IF($C15="","",(IF($F15="Aluminium",'Assumptions & Ref'!$F$17,'Assumptions & Ref'!$E$17)+IF($F15="Aluminium",'Assumptions & Ref'!$F$18,'Assumptions & Ref'!$E$18)+IF($F15="Aluminium",'Assumptions & Ref'!$F$19,'Assumptions & Ref'!$E$19)+IF($F15="Aluminium",'Assumptions & Ref'!$F$20,'Assumptions & Ref'!$E$20))/IF($F15="Aluminium",'Assumptions & Ref'!$F$16,'Assumptions & Ref'!$E$16)) -> 0.11111111 | BE15: =IF($C15="","",BA15*(1+BC15)) -> 153135.07 | BF15: =IF($C15="","",BA15*(1+BD15)) -> 144627.56 | BG15: =IF($C15="","",BE15*(1+BB15)*(1+IF($F15="Aluminium",'Assumptions & Ref'!$D$21,'Assumptions & Ref'!$C$21))) -> 159260.47 | BH15: =IF($C15="","",BF15*(1+BB15)*(1+IF($F15="Aluminium",'Assumptions & Ref'!$F$21,'Assumptions & Ref'!$E$21))) -> 150412.67
U16: =IF($C16="","",MIN(BG16,BH16)) | V16: =IF($C16="","",MAX(BG16,BH16)) | W16: =IF($C16="","",BA16) | X16: =IF($C16="","",AU16) | Y16: =IF($C16="","",IF(F16="Copper",AV16,0)) | AA16: =IF($C16="","",IF(D16="Sector shaped",360/C16,360)) | AB16: =IF($C16="","",SQRT(E16*(360/AA16)/PI())*2) | AC16: =IF($C16="","",INDEX($C$5:$G$5,MATCH(F16,$C$4:$G$4,0))) | AD16: =IF($C16="","",IF(AND(C16=1,I16="Unarmored"),INDEX('Assumptions & Ref'!$C$70:$C$90,MATCH(E16,'Assumptions & Ref'!$B$70:$B$90,0)),INDEX('Assumptions & Ref'!$D$70:$D$90,MATCH(E16,'Assumptions & Ref'!$B$70:$B$90,0)))) | AE16: =IF($C16="","",IF(D16="Circular",AB16+2*AD16,AB16+4*AD16)) | AF16: =IF($C16="","",INDEX($C$5:$G$5,MATCH(G16,$C$4:$G$4,0))) | AG16: =IF($C16="","",IF(C16=3.5,IFERROR(INDEX('Assumptions & Ref'!$G$93:$G$105,MATCH(E16,'Assumptions & Ref'!$F$93:$F$105,0)),0),0)) | AH16: =IF($C16="","",IF(C16=3.5,SQRT(AG16/PI())*2,0)) | AI16: =IF($C16="","",IF(C16=3.5,IFERROR(INDEX('Assumptions & Ref'!$D$70:$D$90,MATCH(AG16,'Assumptions & Ref'!$B$70:$B$90,0)),0),0)) | AJ16: =IF($C16="","",AH16+2*AI16) | AK16: =IF($C16="","",ROUND(IF(C16=1,AE16,IF(C16=2,2*AE16,IF(C16=3,2.16*AE16,IF(C16=3.5,2.42*(3*AE16+AJ16)/4,IF(C16=4,2.42*AE16,0))))),1)) | AL16: =IF($C16="","",IFERROR(INDEX('Assumptions & Ref'!$G$70:$G$74,IF(INDEX('Assumptions & Ref'!$F$70:$F$74,MATCH(AK16,'Assumptions & Ref'!$F$70:$F$74,1))=AK16,MATCH(AK16,'Assumptions & Ref'!$F$70:$F$74,1),MIN(MATCH(AK16,'Assumptions & Ref'!$F$70:$F$74,1)+1,5))),INDEX('Assumptions & Ref'!$G$70:$G$74,1))) | AM16: =IF($C16="","",AK16+2*AL16) | AN16: =IF($C16="","",INDEX($C$5:$G$5,MATCH(H16,$C$4:$G$4,0))) | AO16: =IF($C16="","",IF(I16="Unarmored",0,IF(OR(I16="Galvanised steel flat strip",I16="Aluminium Flat Strip"),IFERROR(INDEX('Assumptions & Ref'!$C$93:$C$98,IF(INDEX('Assumptions & Ref'!$B$93:$B$98,MATCH(AM16,'Assumptions & Ref'!$B$93:$B$98,1))=AM16,MATCH(AM16,'Assumptions & Ref'!$B$93:$B$98,1),MIN(MATCH(AM16,'Assumptions & Ref'!$B$93:$B$98,1)+1,6))),INDEX('Assumptions & Ref'!$C$93:$C$98,1)),IFERROR(INDEX('Assumptions & Ref'!$D$93:$D$98,IF(INDEX('Assumptions & Ref'!$B$93:$B$98,MATCH(AM16,'Assumptions & Ref'!$B$93:$B$98,1))=AM16,MATCH(AM16,'Assumptions & Ref'!$B$93:$B$98,1),MIN(MATCH(AM16,'Assumptions & Ref'!$B$93:$B$98,1)+1,6))),INDEX('Assumptions & Ref'!$D$93:$D$98,1))))) | AP16: =IF($C16="","",AM16+2*AO16) | AQ16: =IF($C16="","",IF(I16="Unarmored",0,IF(OR(I16="Aluminium Flat Strip",I16="Aluminium Round Wired"),INDEX($C$5:$G$5,MATCH("Aluminium",$C$4:$G$4,0)),INDEX($C$5:$G$5,MATCH("Steel Wire",$C$4:$G$4,0))))) | AR16: =IF($C16="","",IF(I16="Unarmored",IFERROR(INDEX('Assumptions & Ref'!$J$70:$J$81,IF(INDEX('Assumptions & Ref'!$I$70:$I$81,MATCH(AP16,'Assumptions & Ref'!$I$70:$I$81,1))=AP16,MATCH(AP16,'Assumptions & Ref'!$I$70:$I$81,1),MIN(MATCH(AP16,'Assumptions & Ref'!$I$70:$I$81,1)+1,12))),INDEX('Assumptions & Ref'!$J$70:$J$81,1)),IFERROR(INDEX('Assumptions & Ref'!$K$70:$K$81,IF(INDEX('Assumptions & Ref'!$I$70:$I$81,MATCH(AP16,'Assumptions & Ref'!$I$70:$I$81,1))=AP16,MATCH(AP16,'Assumptions & Ref'!$I$70:$I$81,1),MIN(MATCH(AP16,'Assumptions & Ref'!$I$70:$I$81,1)+1,12))),INDEX('Assumptions & Ref'!$K$70:$K$81,1)))) | AS16: =IF($C16="","",AP16+2*AR16) | AT16: =IF($C16="","",INDEX($C$5:$G$5,MATCH(J16,$C$4:$G$4,0))) | AU16: =IF($C16="","",TRUNC(AS16+1)) | AV16: =IF($C16="","",((E16*AC16*IF(C16=3.5,3,C16))+(AG16*AC16*IF(C16=3.5,1,0)))*(1+'Assumptions & Ref'!$C$22)) | AW16: =IF($C16="","",IF(C16=3.5,(PI()*(AE16^2-AB16^2)/4*AF16*3)+(PI()*(AJ16^2-AH16^2)/4*AF16),PI()*(AE16^2-AB16^2)/4*AF16*C16)*(1+'Assumptions & Ref'!$C$22)) | AX16: =IF($C16="","",PI()*(AM16^2-AK16^2)/4*AN16*(1+'Assumptions & Ref'!$C$22)) | AY16: =IF($C16="","",PI()*(AS16^2-AP16^2)/4*AT16*(1+'Assumptions & Ref'!$C$22)) | AZ16: =IF($C16="","",PI()*(AP16^2-AM16^2)/4*AQ16*(1+'Assumptions & Ref'!$C$22)) | BA16: =IF($C16="","",AV16*INDEX($C$6:$G$6,MATCH(F16,$C$4:$G$4,0))+IF(G16="XLPE",AW16*INDEX($C$6:$G$6,MATCH("XLPE",$C$4:$G$4,0)),0)+IF(G16="PVC",(AW16+AX16+AY16)*INDEX($C$6:$G$6,MATCH("PVC",$C$4:$G$4,0)),(AX16+AY16)*INDEX($C$6:$G$6,MATCH("PVC",$C$4:$G$4,0)))+IF(I16="Unarmored",0,IF(OR(I16="Aluminium Flat Strip",I16="Aluminium Round Wired"),AZ16*INDEX($C$6:$G$6,MATCH("Aluminium",$C$4:$G$4,0)),AZ16*INDEX($C$6:$G$6,MATCH("Steel Wire",$C$4:$G$4,0))))) | BB16: =IF($C16="","",IF(K16="Y",'Assumptions & Ref'!$C$40,0)+IF(L16="Y",'Assumptions & Ref'!$C$41,0)+IF(M16="Y",'Assumptions & Ref'!$C$42,0)+IF(N16="Y",'Assumptions & Ref'!$C$43,0)+IF(O16="Y",'Assumptions & Ref'!$C$44,0)+IF(P16="Y",'Assumptions & Ref'!$C$45,0)+IF(Q16="Y",'Assumptions & Ref'!$C$46,0)+IF(R16="Y",'Assumptions & Ref'!$C$47,0)+IF(S16="Y",'Assumptions & Ref'!$C$48,0)+IF(T16="Y",'Assumptions & Ref'!$C$49,0)) | BC16: =IF($C16="","",(IF($F16="Aluminium",'Assumptions & Ref'!$D$17,'Assumptions & Ref'!$C$17)+IF($F16="Aluminium",'Assumptions & Ref'!$D$18,'Assumptions & Ref'!$C$18)+IF($F16="Aluminium",'Assumptions & Ref'!$D$19,'Assumptions & Ref'!$C$19)+IF($F16="Aluminium",'Assumptions & Ref'!$D$20,'Assumptions & Ref'!$C$20))/IF($F16="Aluminium",'Assumptions & Ref'!$D$16,'Assumptions & Ref'!$C$16)) | BD16: =IF($C16="","",(IF($F16="Aluminium",'Assumptions & Ref'!$F$17,'Assumptions & Ref'!$E$17)+IF($F16="Aluminium",'Assumptions & Ref'!$F$18,'Assumptions & Ref'!$E$18)+IF($F16="Aluminium",'Assumptions & Ref'!$F$19,'Assumptions & Ref'!$E$19)+IF($F16="Aluminium",'Assumptions & Ref'!$F$20,'Assumptions & Ref'!$E$20))/IF($F16="Aluminium",'Assumptions & Ref'!$F$16,'Assumptions & Ref'!$E$16)) | BE16: =IF($C16="","",BA16*(1+BC16)) | BF16: =IF($C16="","",BA16*(1+BD16)) | BG16: =IF($C16="","",BE16*(1+BB16)*(1+IF($F16="Aluminium",'Assumptions & Ref'!$D$21,'Assumptions & Ref'!$C$21))) | BH16: =IF($C16="","",BF16*(1+BB16)*(1+IF($F16="Aluminium",'Assumptions & Ref'!$F$21,'Assumptions & Ref'!$E$21)))
U17: =IF($C17="","",MIN(BG17,BH17)) | V17: =IF($C17="","",MAX(BG17,BH17)) | W17: =IF($C17="","",BA17) | X17: =IF($C17="","",AU17) | Y17: =IF($C17="","",IF(F17="Copper",AV17,0)) | AA17: =IF($C17="","",IF(D17="Sector shaped",360/C17,360)) | AB17: =IF($C17="","",SQRT(E17*(360/AA17)/PI())*2) | AC17: =IF($C17="","",INDEX($C$5:$G$5,MATCH(F17,$C$4:$G$4,0))) | AD17: =IF($C17="","",IF(AND(C17=1,I17="Unarmored"),INDEX('Assumptions & Ref'!$C$70:$C$90,MATCH(E17,'Assumptions & Ref'!$B$70:$B$90,0)),INDEX('Assumptions & Ref'!$D$70:$D$90,MATCH(E17,'Assumptions & Ref'!$B$70:$B$90,0)))) | AE17: =IF($C17="","",IF(D17="Circular",AB17+2*AD17,AB17+4*AD17)) | AF17: =IF($C17="","",INDEX($C$5:$G$5,MATCH(G17,$C$4:$G$4,0))) | AG17: =IF($C17="","",IF(C17=3.5,IFERROR(INDEX('Assumptions & Ref'!$G$93:$G$105,MATCH(E17,'Assumptions & Ref'!$F$93:$F$105,0)),0),0)) | AH17: =IF($C17="","",IF(C17=3.5,SQRT(AG17/PI())*2,0)) | AI17: =IF($C17="","",IF(C17=3.5,IFERROR(INDEX('Assumptions & Ref'!$D$70:$D$90,MATCH(AG17,'Assumptions & Ref'!$B$70:$B$90,0)),0),0)) | AJ17: =IF($C17="","",AH17+2*AI17) | AK17: =IF($C17="","",ROUND(IF(C17=1,AE17,IF(C17=2,2*AE17,IF(C17=3,2.16*AE17,IF(C17=3.5,2.42*(3*AE17+AJ17)/4,IF(C17=4,2.42*AE17,0))))),1)) | AL17: =IF($C17="","",IFERROR(INDEX('Assumptions & Ref'!$G$70:$G$74,IF(INDEX('Assumptions & Ref'!$F$70:$F$74,MATCH(AK17,'Assumptions & Ref'!$F$70:$F$74,1))=AK17,MATCH(AK17,'Assumptions & Ref'!$F$70:$F$74,1),MIN(MATCH(AK17,'Assumptions & Ref'!$F$70:$F$74,1)+1,5))),INDEX('Assumptions & Ref'!$G$70:$G$74,1))) | AM17: =IF($C17="","",AK17+2*AL17) | AN17: =IF($C17="","",INDEX($C$5:$G$5,MATCH(H17,$C$4:$G$4,0))) | AO17: =IF($C17="","",IF(I17="Unarmored",0,IF(OR(I17="Galvanised steel flat strip",I17="Aluminium Flat Strip"),IFERROR(INDEX('Assumptions & Ref'!$C$93:$C$98,IF(INDEX('Assumptions & Ref'!$B$93:$B$98,MATCH(AM17,'Assumptions & Ref'!$B$93:$B$98,1))=AM17,MATCH(AM17,'Assumptions & Ref'!$B$93:$B$98,1),MIN(MATCH(AM17,'Assumptions & Ref'!$B$93:$B$98,1)+1,6))),INDEX('Assumptions & Ref'!$C$93:$C$98,1)),IFERROR(INDEX('Assumptions & Ref'!$D$93:$D$98,IF(INDEX('Assumptions & Ref'!$B$93:$B$98,MATCH(AM17,'Assumptions & Ref'!$B$93:$B$98,1))=AM17,MATCH(AM17,'Assumptions & Ref'!$B$93:$B$98,1),MIN(MATCH(AM17,'Assumptions & Ref'!$B$93:$B$98,1)+1,6))),INDEX('Assumptions & Ref'!$D$93:$D$98,1))))) | AP17: =IF($C17="","",AM17+2*AO17) | AQ17: =IF($C17="","",IF(I17="Unarmored",0,IF(OR(I17="Aluminium Flat Strip",I17="Aluminium Round Wired"),INDEX($C$5:$G$5,MATCH("Aluminium",$C$4:$G$4,0)),INDEX($C$5:$G$5,MATCH("Steel Wire",$C$4:$G$4,0))))) | AR17: =IF($C17="","",IF(I17="Unarmored",IFERROR(INDEX('Assumptions & Ref'!$J$70:$J$81,IF(INDEX('Assumptions & Ref'!$I$70:$I$81,MATCH(AP17,'Assumptions & Ref'!$I$70:$I$81,1))=AP17,MATCH(AP17,'Assumptions & Ref'!$I$70:$I$81,1),MIN(MATCH(AP17,'Assumptions & Ref'!$I$70:$I$81,1)+1,12))),INDEX('Assumptions & Ref'!$J$70:$J$81,1)),IFERROR(INDEX('Assumptions & Ref'!$K$70:$K$81,IF(INDEX('Assumptions & Ref'!$I$70:$I$81,MATCH(AP17,'Assumptions & Ref'!$I$70:$I$81,1))=AP17,MATCH(AP17,'Assumptions & Ref'!$I$70:$I$81,1),MIN(MATCH(AP17,'Assumptions & Ref'!$I$70:$I$81,1)+1,12))),INDEX('Assumptions & Ref'!$K$70:$K$81,1)))) | AS17: =IF($C17="","",AP17+2*AR17) | AT17: =IF($C17="","",INDEX($C$5:$G$5,MATCH(J17,$C$4:$G$4,0))) | AU17: =IF($C17="","",TRUNC(AS17+1)) | AV17: =IF($C17="","",((E17*AC17*IF(C17=3.5,3,C17))+(AG17*AC17*IF(C17=3.5,1,0)))*(1+'Assumptions & Ref'!$C$22)) | AW17: =IF($C17="","",IF(C17=3.5,(PI()*(AE17^2-AB17^2)/4*AF17*3)+(PI()*(AJ17^2-AH17^2)/4*AF17),PI()*(AE17^2-AB17^2)/4*AF17*C17)*(1+'Assumptions & Ref'!$C$22)) | AX17: =IF($C17="","",PI()*(AM17^2-AK17^2)/4*AN17*(1+'Assumptions & Ref'!$C$22)) | AY17: =IF($C17="","",PI()*(AS17^2-AP17^2)/4*AT17*(1+'Assumptions & Ref'!$C$22)) | AZ17: =IF($C17="","",PI()*(AP17^2-AM17^2)/4*AQ17*(1+'Assumptions & Ref'!$C$22)) | BA17: =IF($C17="","",AV17*INDEX($C$6:$G$6,MATCH(F17,$C$4:$G$4,0))+IF(G17="XLPE",AW17*INDEX($C$6:$G$6,MATCH("XLPE",$C$4:$G$4,0)),0)+IF(G17="PVC",(AW17+AX17+AY17)*INDEX($C$6:$G$6,MATCH("PVC",$C$4:$G$4,0)),(AX17+AY17)*INDEX($C$6:$G$6,MATCH("PVC",$C$4:$G$4,0)))+IF(I17="Unarmored",0,IF(OR(I17="Aluminium Flat Strip",I17="Aluminium Round Wired"),AZ17*INDEX($C$6:$G$6,MATCH("Aluminium",$C$4:$G$4,0)),AZ17*INDEX($C$6:$G$6,MATCH("Steel Wire",$C$4:$G$4,0))))) | BB17: =IF($C17="","",IF(K17="Y",'Assumptions & Ref'!$C$40,0)+IF(L17="Y",'Assumptions & Ref'!$C$41,0)+IF(M17="Y",'Assumptions & Ref'!$C$42,0)+IF(N17="Y",'Assumptions & Ref'!$C$43,0)+IF(O17="Y",'Assumptions & Ref'!$C$44,0)+IF(P17="Y",'Assumptions & Ref'!$C$45,0)+IF(Q17="Y",'Assumptions & Ref'!$C$46,0)+IF(R17="Y",'Assumptions & Ref'!$C$47,0)+IF(S17="Y",'Assumptions & Ref'!$C$48,0)+IF(T17="Y",'Assumptions & Ref'!$C$49,0)) | BC17: =IF($C17="","",(IF($F17="Aluminium",'Assumptions & Ref'!$D$17,'Assumptions & Ref'!$C$17)+IF($F17="Aluminium",'Assumptions & Ref'!$D$18,'Assumptions & Ref'!$C$18)+IF($F17="Aluminium",'Assumptions & Ref'!$D$19,'Assumptions & Ref'!$C$19)+IF($F17="Aluminium",'Assumptions & Ref'!$D$20,'Assumptions & Ref'!$C$20))/IF($F17="Aluminium",'Assumptions & Ref'!$D$16,'Assumptions & Ref'!$C$16)) | BD17: =IF($C17="","",(IF($F17="Aluminium",'Assumptions & Ref'!$F$17,'Assumptions & Ref'!$E$17)+IF($F17="Aluminium",'Assumptions & Ref'!$F$18,'Assumptions & Ref'!$E$18)+IF($F17="Aluminium",'Assumptions & Ref'!$F$19,'Assumptions & Ref'!$E$19)+IF($F17="Aluminium",'Assumptions & Ref'!$F$20,'Assumptions & Ref'!$E$20))/IF($F17="Aluminium",'Assumptions & Ref'!$F$16,'Assumptions & Ref'!$E$16)) | BE17: =IF($C17="","",BA17*(1+BC17)) | BF17: =IF($C17="","",BA17*(1+BD17)) | BG17: =IF($C17="","",BE17*(1+BB17)*(1+IF($F17="Aluminium",'Assumptions & Ref'!$D$21,'Assumptions & Ref'!$C$21))) | BH17: =IF($C17="","",BF17*(1+BB17)*(1+IF($F17="Aluminium",'Assumptions & Ref'!$F$21,'Assumptions & Ref'!$E$21)))
U18: =IF($C18="","",MIN(BG18,BH18)) | V18: =IF($C18="","",MAX(BG18,BH18)) | W18: =IF($C18="","",BA18) | X18: =IF($C18="","",AU18) | Y18: =IF($C18="","",IF(F18="Copper",AV18,0)) | AA18: =IF($C18="","",IF(D18="Sector shaped",360/C18,360)) | AB18: =IF($C18="","",SQRT(E18*(360/AA18)/PI())*2) | AC18: =IF($C18="","",INDEX($C$5:$G$5,MATCH(F18,$C$4:$G$4,0))) | AD18: =IF($C18="","",IF(AND(C18=1,I18="Unarmored"),INDEX('Assumptions & Ref'!$C$70:$C$90,MATCH(E18,'Assumptions & Ref'!$B$70:$B$90,0)),INDEX('Assumptions & Ref'!$D$70:$D$90,MATCH(E18,'Assumptions & Ref'!$B$70:$B$90,0)))) | AE18: =IF($C18="","",IF(D18="Circular",AB18+2*AD18,AB18+4*AD18)) | AF18: =IF($C18="","",INDEX($C$5:$G$5,MATCH(G18,$C$4:$G$4,0))) | AG18: =IF($C18="","",IF(C18=3.5,IFERROR(INDEX('Assumptions & Ref'!$G$93:$G$105,MATCH(E18,'Assumptions & Ref'!$F$93:$F$105,0)),0),0)) | AH18: =IF($C18="","",IF(C18=3.5,SQRT(AG18/PI())*2,0)) | AI18: =IF($C18="","",IF(C18=3.5,IFERROR(INDEX('Assumptions & Ref'!$D$70:$D$90,MATCH(AG18,'Assumptions & Ref'!$B$70:$B$90,0)),0),0)) | AJ18: =IF($C18="","",AH18+2*AI18) | AK18: =IF($C18="","",ROUND(IF(C18=1,AE18,IF(C18=2,2*AE18,IF(C18=3,2.16*AE18,IF(C18=3.5,2.42*(3*AE18+AJ18)/4,IF(C18=4,2.42*AE18,0))))),1)) | AL18: =IF($C18="","",IFERROR(INDEX('Assumptions & Ref'!$G$70:$G$74,IF(INDEX('Assumptions & Ref'!$F$70:$F$74,MATCH(AK18,'Assumptions & Ref'!$F$70:$F$74,1))=AK18,MATCH(AK18,'Assumptions & Ref'!$F$70:$F$74,1),MIN(MATCH(AK18,'Assumptions & Ref'!$F$70:$F$74,1)+1,5))),INDEX('Assumptions & Ref'!$G$70:$G$74,1))) | AM18: =IF($C18="","",AK18+2*AL18) | AN18: =IF($C18="","",INDEX($C$5:$G$5,MATCH(H18,$C$4:$G$4,0))) | AO18: =IF($C18="","",IF(I18="Unarmored",0,IF(OR(I18="Galvanised steel flat strip",I18="Aluminium Flat Strip"),IFERROR(INDEX('Assumptions & Ref'!$C$93:$C$98,IF(INDEX('Assumptions & Ref'!$B$93:$B$98,MATCH(AM18,'Assumptions & Ref'!$B$93:$B$98,1))=AM18,MATCH(AM18,'Assumptions & Ref'!$B$93:$B$98,1),MIN(MATCH(AM18,'Assumptions & Ref'!$B$93:$B$98,1)+1,6))),INDEX('Assumptions & Ref'!$C$93:$C$98,1)),IFERROR(INDEX('Assumptions & Ref'!$D$93:$D$98,IF(INDEX('Assumptions & Ref'!$B$93:$B$98,MATCH(AM18,'Assumptions & Ref'!$B$93:$B$98,1))=AM18,MATCH(AM18,'Assumptions & Ref'!$B$93:$B$98,1),MIN(MATCH(AM18,'Assumptions & Ref'!$B$93:$B$98,1)+1,6))),INDEX('Assumptions & Ref'!$D$93:$D$98,1))))) | AP18: =IF($C18="","",AM18+2*AO18) | AQ18: =IF($C18="","",IF(I18="Unarmored",0,IF(OR(I18="Aluminium Flat Strip",I18="Aluminium Round Wired"),INDEX($C$5:$G$5,MATCH("Aluminium",$C$4:$G$4,0)),INDEX($C$5:$G$5,MATCH("Steel Wire",$C$4:$G$4,0))))) | AR18: =IF($C18="","",IF(I18="Unarmored",IFERROR(INDEX('Assumptions & Ref'!$J$70:$J$81,IF(INDEX('Assumptions & Ref'!$I$70:$I$81,MATCH(AP18,'Assumptions & Ref'!$I$70:$I$81,1))=AP18,MATCH(AP18,'Assumptions & Ref'!$I$70:$I$81,1),MIN(MATCH(AP18,'Assumptions & Ref'!$I$70:$I$81,1)+1,12))),INDEX('Assumptions & Ref'!$J$70:$J$81,1)),IFERROR(INDEX('Assumptions & Ref'!$K$70:$K$81,IF(INDEX('Assumptions & Ref'!$I$70:$I$81,MATCH(AP18,'Assumptions & Ref'!$I$70:$I$81,1))=AP18,MATCH(AP18,'Assumptions & Ref'!$I$70:$I$81,1),MIN(MATCH(AP18,'Assumptions & Ref'!$I$70:$I$81,1)+1,12))),INDEX('Assumptions & Ref'!$K$70:$K$81,1)))) | AS18: =IF($C18="","",AP18+2*AR18) | AT18: =IF($C18="","",INDEX($C$5:$G$5,MATCH(J18,$C$4:$G$4,0))) | AU18: =IF($C18="","",TRUNC(AS18+1)) | AV18: =IF($C18="","",((E18*AC18*IF(C18=3.5,3,C18))+(AG18*AC18*IF(C18=3.5,1,0)))*(1+'Assumptions & Ref'!$C$22)) | AW18: =IF($C18="","",IF(C18=3.5,(PI()*(AE18^2-AB18^2)/4*AF18*3)+(PI()*(AJ18^2-AH18^2)/4*AF18),PI()*(AE18^2-AB18^2)/4*AF18*C18)*(1+'Assumptions & Ref'!$C$22)) | AX18: =IF($C18="","",PI()*(AM18^2-AK18^2)/4*AN18*(1+'Assumptions & Ref'!$C$22)) | AY18: =IF($C18="","",PI()*(AS18^2-AP18^2)/4*AT18*(1+'Assumptions & Ref'!$C$22)) | AZ18: =IF($C18="","",PI()*(AP18^2-AM18^2)/4*AQ18*(1+'Assumptions & Ref'!$C$22)) | BA18: =IF($C18="","",AV18*INDEX($C$6:$G$6,MATCH(F18,$C$4:$G$4,0))+IF(G18="XLPE",AW18*INDEX($C$6:$G$6,MATCH("XLPE",$C$4:$G$4,0)),0)+IF(G18="PVC",(AW18+AX18+AY18)*INDEX($C$6:$G$6,MATCH("PVC",$C$4:$G$4,0)),(AX18+AY18)*INDEX($C$6:$G$6,MATCH("PVC",$C$4:$G$4,0)))+IF(I18="Unarmored",0,IF(OR(I18="Aluminium Flat Strip",I18="Aluminium Round Wired"),AZ18*INDEX($C$6:$G$6,MATCH("Aluminium",$C$4:$G$4,0)),AZ18*INDEX($C$6:$G$6,MATCH("Steel Wire",$C$4:$G$4,0))))) | BB18: =IF($C18="","",IF(K18="Y",'Assumptions & Ref'!$C$40,0)+IF(L18="Y",'Assumptions & Ref'!$C$41,0)+IF(M18="Y",'Assumptions & Ref'!$C$42,0)+IF(N18="Y",'Assumptions & Ref'!$C$43,0)+IF(O18="Y",'Assumptions & Ref'!$C$44,0)+IF(P18="Y",'Assumptions & Ref'!$C$45,0)+IF(Q18="Y",'Assumptions & Ref'!$C$46,0)+IF(R18="Y",'Assumptions & Ref'!$C$47,0)+IF(S18="Y",'Assumptions & Ref'!$C$48,0)+IF(T18="Y",'Assumptions & Ref'!$C$49,0)) | BC18: =IF($C18="","",(IF($F18="Aluminium",'Assumptions & Ref'!$D$17,'Assumptions & Ref'!$C$17)+IF($F18="Aluminium",'Assumptions & Ref'!$D$18,'Assumptions & Ref'!$C$18)+IF($F18="Aluminium",'Assumptions & Ref'!$D$19,'Assumptions & Ref'!$C$19)+IF($F18="Aluminium",'Assumptions & Ref'!$D$20,'Assumptions & Ref'!$C$20))/IF($F18="Aluminium",'Assumptions & Ref'!$D$16,'Assumptions & Ref'!$C$16)) | BD18: =IF($C18="","",(IF($F18="Aluminium",'Assumptions & Ref'!$F$17,'Assumptions & Ref'!$E$17)+IF($F18="Aluminium",'Assumptions & Ref'!$F$18,'Assumptions & Ref'!$E$18)+IF($F18="Aluminium",'Assumptions & Ref'!$F$19,'Assumptions & Ref'!$E$19)+IF($F18="Aluminium",'Assumptions & Ref'!$F$20,'Assumptions & Ref'!$E$20))/IF($F18="Aluminium",'Assumptions & Ref'!$F$16,'Assumptions & Ref'!$E$16)) | BE18: =IF($C18="","",BA18*(1+BC18)) | BF18: =IF($C18="","",BA18*(1+BD18)) | BG18: =IF($C18="","",BE18*(1+BB18)*(1+IF($F18="Aluminium",'Assumptions & Ref'!$D$21,'Assumptions & Ref'!$C$21))) | BH18: =IF($C18="","",BF18*(1+BB18)*(1+IF($F18="Aluminium",'Assumptions & Ref'!$F$21,'Assumptions & Ref'!$E$21)))
U19: =IF($C19="","",MIN(BG19,BH19)) | V19: =IF($C19="","",MAX(BG19,BH19)) | W19: =IF($C19="","",BA19) | X19: =IF($C19="","",AU19) | Y19: =IF($C19="","",IF(F19="Copper",AV19,0)) | AA19: =IF($C19="","",IF(D19="Sector shaped",360/C19,360)) | AB19: =IF($C19="","",SQRT(E19*(360/AA19)/PI())*2) | AC19: =IF($C19="","",INDEX($C$5:$G$5,MATCH(F19,$C$4:$G$4,0))) | AD19: =IF($C19="","",IF(AND(C19=1,I19="Unarmored"),INDEX('Assumptions & Ref'!$C$70:$C$90,MATCH(E19,'Assumptions & Ref'!$B$70:$B$90,0)),INDEX('Assumptions & Ref'!$D$70:$D$90,MATCH(E19,'Assumptions & Ref'!$B$70:$B$90,0)))) | AE19: =IF($C19="","",IF(D19="Circular",AB19+2*AD19,AB19+4*AD19)) | AF19: =IF($C19="","",INDEX($C$5:$G$5,MATCH(G19,$C$4:$G$4,0))) | AG19: =IF($C19="","",IF(C19=3.5,IFERROR(INDEX('Assumptions & Ref'!$G$93:$G$105,MATCH(E19,'Assumptions & Ref'!$F$93:$F$105,0)),0),0)) | AH19: =IF($C19="","",IF(C19=3.5,SQRT(AG19/PI())*2,0)) | AI19: =IF($C19="","",IF(C19=3.5,IFERROR(INDEX('Assumptions & Ref'!$D$70:$D$90,MATCH(AG19,'Assumptions & Ref'!$B$70:$B$90,0)),0),0)) | AJ19: =IF($C19="","",AH19+2*AI19) | AK19: =IF($C19="","",ROUND(IF(C19=1,AE19,IF(C19=2,2*AE19,IF(C19=3,2.16*AE19,IF(C19=3.5,2.42*(3*AE19+AJ19)/4,IF(C19=4,2.42*AE19,0))))),1)) | AL19: =IF($C19="","",IFERROR(INDEX('Assumptions & Ref'!$G$70:$G$74,IF(INDEX('Assumptions & Ref'!$F$70:$F$74,MATCH(AK19,'Assumptions & Ref'!$F$70:$F$74,1))=AK19,MATCH(AK19,'Assumptions & Ref'!$F$70:$F$74,1),MIN(MATCH(AK19,'Assumptions & Ref'!$F$70:$F$74,1)+1,5))),INDEX('Assumptions & Ref'!$G$70:$G$74,1))) | AM19: =IF($C19="","",AK19+2*AL19) | AN19: =IF($C19="","",INDEX($C$5:$G$5,MATCH(H19,$C$4:$G$4,0))) | AO19: =IF($C19="","",IF(I19="Unarmored",0,IF(OR(I19="Galvanised steel flat strip",I19="Aluminium Flat Strip"),IFERROR(INDEX('Assumptions & Ref'!$C$93:$C$98,IF(INDEX('Assumptions & Ref'!$B$93:$B$98,MATCH(AM19,'Assumptions & Ref'!$B$93:$B$98,1))=AM19,MATCH(AM19,'Assumptions & Ref'!$B$93:$B$98,1),MIN(MATCH(AM19,'Assumptions & Ref'!$B$93:$B$98,1)+1,6))),INDEX('Assumptions & Ref'!$C$93:$C$98,1)),IFERROR(INDEX('Assumptions & Ref'!$D$93:$D$98,IF(INDEX('Assumptions & Ref'!$B$93:$B$98,MATCH(AM19,'Assumptions & Ref'!$B$93:$B$98,1))=AM19,MATCH(AM19,'Assumptions & Ref'!$B$93:$B$98,1),MIN(MATCH(AM19,'Assumptions & Ref'!$B$93:$B$98,1)+1,6))),INDEX('Assumptions & Ref'!$D$93:$D$98,1))))) | AP19: =IF($C19="","",AM19+2*AO19) | AQ19: =IF($C19="","",IF(I19="Unarmored",0,IF(OR(I19="Aluminium Flat Strip",I19="Aluminium Round Wired"),INDEX($C$5:$G$5,MATCH("Aluminium",$C$4:$G$4,0)),INDEX($C$5:$G$5,MATCH("Steel Wire",$C$4:$G$4,0))))) | AR19: =IF($C19="","",IF(I19="Unarmored",IFERROR(INDEX('Assumptions & Ref'!$J$70:$J$81,IF(INDEX('Assumptions & Ref'!$I$70:$I$81,MATCH(AP19,'Assumptions & Ref'!$I$70:$I$81,1))=AP19,MATCH(AP19,'Assumptions & Ref'!$I$70:$I$81,1),MIN(MATCH(AP19,'Assumptions & Ref'!$I$70:$I$81,1)+1,12))),INDEX('Assumptions & Ref'!$J$70:$J$81,1)),IFERROR(INDEX('Assumptions & Ref'!$K$70:$K$81,IF(INDEX('Assumptions & Ref'!$I$70:$I$81,MATCH(AP19,'Assumptions & Ref'!$I$70:$I$81,1))=AP19,MATCH(AP19,'Assumptions & Ref'!$I$70:$I$81,1),MIN(MATCH(AP19,'Assumptions & Ref'!$I$70:$I$81,1)+1,12))),INDEX('Assumptions & Ref'!$K$70:$K$81,1)))) | AS19: =IF($C19="","",AP19+2*AR19) | AT19: =IF($C19="","",INDEX($C$5:$G$5,MATCH(J19,$C$4:$G$4,0))) | AU19: =IF($C19="","",TRUNC(AS19+1)) | AV19: =IF($C19="","",((E19*AC19*IF(C19=3.5,3,C19))+(AG19*AC19*IF(C19=3.5,1,0)))*(1+'Assumptions & Ref'!$C$22)) | AW19: =IF($C19="","",IF(C19=3.5,(PI()*(AE19^2-AB19^2)/4*AF19*3)+(PI()*(AJ19^2-AH19^2)/4*AF19),PI()*(AE19^2-AB19^2)/4*AF19*C19)*(1+'Assumptions & Ref'!$C$22)) | AX19: =IF($C19="","",PI()*(AM19^2-AK19^2)/4*AN19*(1+'Assumptions & Ref'!$C$22)) | AY19: =IF($C19="","",PI()*(AS19^2-AP19^2)/4*AT19*(1+'Assumptions & Ref'!$C$22)) | AZ19: =IF($C19="","",PI()*(AP19^2-AM19^2)/4*AQ19*(1+'Assumptions & Ref'!$C$22)) | BA19: =IF($C19="","",AV19*INDEX($C$6:$G$6,MATCH(F19,$C$4:$G$4,0))+IF(G19="XLPE",AW19*INDEX($C$6:$G$6,MATCH("XLPE",$C$4:$G$4,0)),0)+IF(G19="PVC",(AW19+AX19+AY19)*INDEX($C$6:$G$6,MATCH("PVC",$C$4:$G$4,0)),(AX19+AY19)*INDEX($C$6:$G$6,MATCH("PVC",$C$4:$G$4,0)))+IF(I19="Unarmored",0,IF(OR(I19="Aluminium Flat Strip",I19="Aluminium Round Wired"),AZ19*INDEX($C$6:$G$6,MATCH("Aluminium",$C$4:$G$4,0)),AZ19*INDEX($C$6:$G$6,MATCH("Steel Wire",$C$4:$G$4,0))))) | BB19: =IF($C19="","",IF(K19="Y",'Assumptions & Ref'!$C$40,0)+IF(L19="Y",'Assumptions & Ref'!$C$41,0)+IF(M19="Y",'Assumptions & Ref'!$C$42,0)+IF(N19="Y",'Assumptions & Ref'!$C$43,0)+IF(O19="Y",'Assumptions & Ref'!$C$44,0)+IF(P19="Y",'Assumptions & Ref'!$C$45,0)+IF(Q19="Y",'Assumptions & Ref'!$C$46,0)+IF(R19="Y",'Assumptions & Ref'!$C$47,0)+IF(S19="Y",'Assumptions & Ref'!$C$48,0)+IF(T19="Y",'Assumptions & Ref'!$C$49,0)) | BC19: =IF($C19="","",(IF($F19="Aluminium",'Assumptions & Ref'!$D$17,'Assumptions & Ref'!$C$17)+IF($F19="Aluminium",'Assumptions & Ref'!$D$18,'Assumptions & Ref'!$C$18)+IF($F19="Aluminium",'Assumptions & Ref'!$D$19,'Assumptions & Ref'!$C$19)+IF($F19="Aluminium",'Assumptions & Ref'!$D$20,'Assumptions & Ref'!$C$20))/IF($F19="Aluminium",'Assumptions & Ref'!$D$16,'Assumptions & Ref'!$C$16)) | BD19: =IF($C19="","",(IF($F19="Aluminium",'Assumptions & Ref'!$F$17,'Assumptions & Ref'!$E$17)+IF($F19="Aluminium",'Assumptions & Ref'!$F$18,'Assumptions & Ref'!$E$18)+IF($F19="Aluminium",'Assumptions & Ref'!$F$19,'Assumptions & Ref'!$E$19)+IF($F19="Aluminium",'Assumptions & Ref'!$F$20,'Assumptions & Ref'!$E$20))/IF($F19="Aluminium",'Assumptions & Ref'!$F$16,'Assumptions & Ref'!$E$16)) | BE19: =IF($C19="","",BA19*(1+BC19)) | BF19: =IF($C19="","",BA19*(1+BD19)) | BG19: =IF($C19="","",BE19*(1+BB19)*(1+IF($F19="Aluminium",'Assumptions & Ref'!$D$21,'Assumptions & Ref'!$C$21))) | BH19: =IF($C19="","",BF19*(1+BB19)*(1+IF($F19="Aluminium",'Assumptions & Ref'!$F$21,'Assumptions & Ref'!$E$21)))
U20: =IF($C20="","",MIN(BG20,BH20)) | V20: =IF($C20="","",MAX(BG20,BH20)) | W20: =IF($C20="","",BA20) | X20: =IF($C20="","",AU20) | Y20: =IF($C20="","",IF(F20="Copper",AV20,0)) | AA20: =IF($C20="","",IF(D20="Sector shaped",360/C20,360)) | AB20: =IF($C20="","",SQRT(E20*(360/AA20)/PI())*2) | AC20: =IF($C20="","",INDEX($C$5:$G$5,MATCH(F20,$C$4:$G$4,0))) | AD20: =IF($C20="","",IF(AND(C20=1,I20="Unarmored"),INDEX('Assumptions & Ref'!$C$70:$C$90,MATCH(E20,'Assumptions & Ref'!$B$70:$B$90,0)),INDEX('Assumptions & Ref'!$D$70:$D$90,MATCH(E20,'Assumptions & Ref'!$B$70:$B$90,0)))) | AE20: =IF($C20="","",IF(D20="Circular",AB20+2*AD20,AB20+4*AD20)) | AF20: =IF($C20="","",INDEX($C$5:$G$5,MATCH(G20,$C$4:$G$4,0))) | AG20: =IF($C20="","",IF(C20=3.5,IFERROR(INDEX('Assumptions & Ref'!$G$93:$G$105,MATCH(E20,'Assumptions & Ref'!$F$93:$F$105,0)),0),0)) | AH20: =IF($C20="","",IF(C20=3.5,SQRT(AG20/PI())*2,0)) | AI20: =IF($C20="","",IF(C20=3.5,IFERROR(INDEX('Assumptions & Ref'!$D$70:$D$90,MATCH(AG20,'Assumptions & Ref'!$B$70:$B$90,0)),0),0)) | AJ20: =IF($C20="","",AH20+2*AI20) | AK20: =IF($C20="","",ROUND(IF(C20=1,AE20,IF(C20=2,2*AE20,IF(C20=3,2.16*AE20,IF(C20=3.5,2.42*(3*AE20+AJ20)/4,IF(C20=4,2.42*AE20,0))))),1)) | AL20: =IF($C20="","",IFERROR(INDEX('Assumptions & Ref'!$G$70:$G$74,IF(INDEX('Assumptions & Ref'!$F$70:$F$74,MATCH(AK20,'Assumptions & Ref'!$F$70:$F$74,1))=AK20,MATCH(AK20,'Assumptions & Ref'!$F$70:$F$74,1),MIN(MATCH(AK20,'Assumptions & Ref'!$F$70:$F$74,1)+1,5))),INDEX('Assumptions & Ref'!$G$70:$G$74,1))) | AM20: =IF($C20="","",AK20+2*AL20) | AN20: =IF($C20="","",INDEX($C$5:$G$5,MATCH(H20,$C$4:$G$4,0))) | AO20: =IF($C20="","",IF(I20="Unarmored",0,IF(OR(I20="Galvanised steel flat strip",I20="Aluminium Flat Strip"),IFERROR(INDEX('Assumptions & Ref'!$C$93:$C$98,IF(INDEX('Assumptions & Ref'!$B$93:$B$98,MATCH(AM20,'Assumptions & Ref'!$B$93:$B$98,1))=AM20,MATCH(AM20,'Assumptions & Ref'!$B$93:$B$98,1),MIN(MATCH(AM20,'Assumptions & Ref'!$B$93:$B$98,1)+1,6))),INDEX('Assumptions & Ref'!$C$93:$C$98,1)),IFERROR(INDEX('Assumptions & Ref'!$D$93:$D$98,IF(INDEX('Assumptions & Ref'!$B$93:$B$98,MATCH(AM20,'Assumptions & Ref'!$B$93:$B$98,1))=AM20,MATCH(AM20,'Assumptions & Ref'!$B$93:$B$98,1),MIN(MATCH(AM20,'Assumptions & Ref'!$B$93:$B$98,1)+1,6))),INDEX('Assumptions & Ref'!$D$93:$D$98,1))))) | AP20: =IF($C20="","",AM20+2*AO20) | AQ20: =IF($C20="","",IF(I20="Unarmored",0,IF(OR(I20="Aluminium Flat Strip",I20="Aluminium Round Wired"),INDEX($C$5:$G$5,MATCH("Aluminium",$C$4:$G$4,0)),INDEX($C$5:$G$5,MATCH("Steel Wire",$C$4:$G$4,0))))) | AR20: =IF($C20="","",IF(I20="Unarmored",IFERROR(INDEX('Assumptions & Ref'!$J$70:$J$81,IF(INDEX('Assumptions & Ref'!$I$70:$I$81,MATCH(AP20,'Assumptions & Ref'!$I$70:$I$81,1))=AP20,MATCH(AP20,'Assumptions & Ref'!$I$70:$I$81,1),MIN(MATCH(AP20,'Assumptions & Ref'!$I$70:$I$81,1)+1,12))),INDEX('Assumptions & Ref'!$J$70:$J$81,1)),IFERROR(INDEX('Assumptions & Ref'!$K$70:$K$81,IF(INDEX('Assumptions & Ref'!$I$70:$I$81,MATCH(AP20,'Assumptions & Ref'!$I$70:$I$81,1))=AP20,MATCH(AP20,'Assumptions & Ref'!$I$70:$I$81,1),MIN(MATCH(AP20,'Assumptions & Ref'!$I$70:$I$81,1)+1,12))),INDEX('Assumptions & Ref'!$K$70:$K$81,1)))) | AS20: =IF($C20="","",AP20+2*AR20) | AT20: =IF($C20="","",INDEX($C$5:$G$5,MATCH(J20,$C$4:$G$4,0))) | AU20: =IF($C20="","",TRUNC(AS20+1)) | AV20: =IF($C20="","",((E20*AC20*IF(C20=3.5,3,C20))+(AG20*AC20*IF(C20=3.5,1,0)))*(1+'Assumptions & Ref'!$C$22)) | AW20: =IF($C20="","",IF(C20=3.5,(PI()*(AE20^2-AB20^2)/4*AF20*3)+(PI()*(AJ20^2-AH20^2)/4*AF20),PI()*(AE20^2-AB20^2)/4*AF20*C20)*(1+'Assumptions & Ref'!$C$22)) | AX20: =IF($C20="","",PI()*(AM20^2-AK20^2)/4*AN20*(1+'Assumptions & Ref'!$C$22)) | AY20: =IF($C20="","",PI()*(AS20^2-AP20^2)/4*AT20*(1+'Assumptions & Ref'!$C$22)) | AZ20: =IF($C20="","",PI()*(AP20^2-AM20^2)/4*AQ20*(1+'Assumptions & Ref'!$C$22)) | BA20: =IF($C20="","",AV20*INDEX($C$6:$G$6,MATCH(F20,$C$4:$G$4,0))+IF(G20="XLPE",AW20*INDEX($C$6:$G$6,MATCH("XLPE",$C$4:$G$4,0)),0)+IF(G20="PVC",(AW20+AX20+AY20)*INDEX($C$6:$G$6,MATCH("PVC",$C$4:$G$4,0)),(AX20+AY20)*INDEX($C$6:$G$6,MATCH("PVC",$C$4:$G$4,0)))+IF(I20="Unarmored",0,IF(OR(I20="Aluminium Flat Strip",I20="Aluminium Round Wired"),AZ20*INDEX($C$6:$G$6,MATCH("Aluminium",$C$4:$G$4,0)),AZ20*INDEX($C$6:$G$6,MATCH("Steel Wire",$C$4:$G$4,0))))) | BB20: =IF($C20="","",IF(K20="Y",'Assumptions & Ref'!$C$40,0)+IF(L20="Y",'Assumptions & Ref'!$C$41,0)+IF(M20="Y",'Assumptions & Ref'!$C$42,0)+IF(N20="Y",'Assumptions & Ref'!$C$43,0)+IF(O20="Y",'Assumptions & Ref'!$C$44,0)+IF(P20="Y",'Assumptions & Ref'!$C$45,0)+IF(Q20="Y",'Assumptions & Ref'!$C$46,0)+IF(R20="Y",'Assumptions & Ref'!$C$47,0)+IF(S20="Y",'Assumptions & Ref'!$C$48,0)+IF(T20="Y",'Assumptions & Ref'!$C$49,0)) | BC20: =IF($C20="","",(IF($F20="Aluminium",'Assumptions & Ref'!$D$17,'Assumptions & Ref'!$C$17)+IF($F20="Aluminium",'Assumptions & Ref'!$D$18,'Assumptions & Ref'!$C$18)+IF($F20="Aluminium",'Assumptions & Ref'!$D$19,'Assumptions & Ref'!$C$19)+IF($F20="Aluminium",'Assumptions & Ref'!$D$20,'Assumptions & Ref'!$C$20))/IF($F20="Aluminium",'Assumptions & Ref'!$D$16,'Assumptions & Ref'!$C$16)) | BD20: =IF($C20="","",(IF($F20="Aluminium",'Assumptions & Ref'!$F$17,'Assumptions & Ref'!$E$17)+IF($F20="Aluminium",'Assumptions & Ref'!$F$18,'Assumptions & Ref'!$E$18)+IF($F20="Aluminium",'Assumptions & Ref'!$F$19,'Assumptions & Ref'!$E$19)+IF($F20="Aluminium",'Assumptions & Ref'!$F$20,'Assumptions & Ref'!$E$20))/IF($F20="Aluminium",'Assumptions & Ref'!$F$16,'Assumptions & Ref'!$E$16)) | BE20: =IF($C20="","",BA20*(1+BC20)) | BF20: =IF($C20="","",BA20*(1+BD20)) | BG20: =IF($C20="","",BE20*(1+BB20)*(1+IF($F20="Aluminium",'Assumptions & Ref'!$D$21,'Assumptions & Ref'!$C$21))) | BH20: =IF($C20="","",BF20*(1+BB20)*(1+IF($F20="Aluminium",'Assumptions & Ref'!$F$21,'Assumptions & Ref'!$E$21)))
U21: =IF($C21="","",MIN(BG21,BH21)) | V21: =IF($C21="","",MAX(BG21,BH21)) | W21: =IF($C21="","",BA21) | X21: =IF($C21="","",AU21) | Y21: =IF($C21="","",IF(F21="Copper",AV21,0)) | AA21: =IF($C21="","",IF(D21="Sector shaped",360/C21,360)) | AB21: =IF($C21="","",SQRT(E21*(360/AA21)/PI())*2) | AC21: =IF($C21="","",INDEX($C$5:$G$5,MATCH(F21,$C$4:$G$4,0))) | AD21: =IF($C21="","",IF(AND(C21=1,I21="Unarmored"),INDEX('Assumptions & Ref'!$C$70:$C$90,MATCH(E21,'Assumptions & Ref'!$B$70:$B$90,0)),INDEX('Assumptions & Ref'!$D$70:$D$90,MATCH(E21,'Assumptions & Ref'!$B$70:$B$90,0)))) | AE21: =IF($C21="","",IF(D21="Circular",AB21+2*AD21,AB21+4*AD21)) | AF21: =IF($C21="","",INDEX($C$5:$G$5,MATCH(G21,$C$4:$G$4,0))) | AG21: =IF($C21="","",IF(C21=3.5,IFERROR(INDEX('Assumptions & Ref'!$G$93:$G$105,MATCH(E21,'Assumptions & Ref'!$F$93:$F$105,0)),0),0)) | AH21: =IF($C21="","",IF(C21=3.5,SQRT(AG21/PI())*2,0)) | AI21: =IF($C21="","",IF(C21=3.5,IFERROR(INDEX('Assumptions & Ref'!$D$70:$D$90,MATCH(AG21,'Assumptions & Ref'!$B$70:$B$90,0)),0),0)) | AJ21: =IF($C21="","",AH21+2*AI21) | AK21: =IF($C21="","",ROUND(IF(C21=1,AE21,IF(C21=2,2*AE21,IF(C21=3,2.16*AE21,IF(C21=3.5,2.42*(3*AE21+AJ21)/4,IF(C21=4,2.42*AE21,0))))),1)) | AL21: =IF($C21="","",IFERROR(INDEX('Assumptions & Ref'!$G$70:$G$74,IF(INDEX('Assumptions & Ref'!$F$70:$F$74,MATCH(AK21,'Assumptions & Ref'!$F$70:$F$74,1))=AK21,MATCH(AK21,'Assumptions & Ref'!$F$70:$F$74,1),MIN(MATCH(AK21,'Assumptions & Ref'!$F$70:$F$74,1)+1,5))),INDEX('Assumptions & Ref'!$G$70:$G$74,1))) | AM21: =IF($C21="","",AK21+2*AL21) | AN21: =IF($C21="","",INDEX($C$5:$G$5,MATCH(H21,$C$4:$G$4,0))) | AO21: =IF($C21="","",IF(I21="Unarmored",0,IF(OR(I21="Galvanised steel flat strip",I21="Aluminium Flat Strip"),IFERROR(INDEX('Assumptions & Ref'!$C$93:$C$98,IF(INDEX('Assumptions & Ref'!$B$93:$B$98,MATCH(AM21,'Assumptions & Ref'!$B$93:$B$98,1))=AM21,MATCH(AM21,'Assumptions & Ref'!$B$93:$B$98,1),MIN(MATCH(AM21,'Assumptions & Ref'!$B$93:$B$98,1)+1,6))),INDEX('Assumptions & Ref'!$C$93:$C$98,1)),IFERROR(INDEX('Assumptions & Ref'!$D$93:$D$98,IF(INDEX('Assumptions & Ref'!$B$93:$B$98,MATCH(AM21,'Assumptions & Ref'!$B$93:$B$98,1))=AM21,MATCH(AM21,'Assumptions & Ref'!$B$93:$B$98,1),MIN(MATCH(AM21,'Assumptions & Ref'!$B$93:$B$98,1)+1,6))),INDEX('Assumptions & Ref'!$D$93:$D$98,1))))) | AP21: =IF($C21="","",AM21+2*AO21) | AQ21: =IF($C21="","",IF(I21="Unarmored",0,IF(OR(I21="Aluminium Flat Strip",I21="Aluminium Round Wired"),INDEX($C$5:$G$5,MATCH("Aluminium",$C$4:$G$4,0)),INDEX($C$5:$G$5,MATCH("Steel Wire",$C$4:$G$4,0))))) | AR21: =IF($C21="","",IF(I21="Unarmored",IFERROR(INDEX('Assumptions & Ref'!$J$70:$J$81,IF(INDEX('Assumptions & Ref'!$I$70:$I$81,MATCH(AP21,'Assumptions & Ref'!$I$70:$I$81,1))=AP21,MATCH(AP21,'Assumptions & Ref'!$I$70:$I$81,1),MIN(MATCH(AP21,'Assumptions & Ref'!$I$70:$I$81,1)+1,12))),INDEX('Assumptions & Ref'!$J$70:$J$81,1)),IFERROR(INDEX('Assumptions & Ref'!$K$70:$K$81,IF(INDEX('Assumptions & Ref'!$I$70:$I$81,MATCH(AP21,'Assumptions & Ref'!$I$70:$I$81,1))=AP21,MATCH(AP21,'Assumptions & Ref'!$I$70:$I$81,1),MIN(MATCH(AP21,'Assumptions & Ref'!$I$70:$I$81,1)+1,12))),INDEX('Assumptions & Ref'!$K$70:$K$81,1)))) | AS21: =IF($C21="","",AP21+2*AR21) | AT21: =IF($C21="","",INDEX($C$5:$G$5,MATCH(J21,$C$4:$G$4,0))) | AU21: =IF($C21="","",TRUNC(AS21+1)) | AV21: =IF($C21="","",((E21*AC21*IF(C21=3.5,3,C21))+(AG21*AC21*IF(C21=3.5,1,0)))*(1+'Assumptions & Ref'!$C$22)) | AW21: =IF($C21="","",IF(C21=3.5,(PI()*(AE21^2-AB21^2)/4*AF21*3)+(PI()*(AJ21^2-AH21^2)/4*AF21),PI()*(AE21^2-AB21^2)/4*AF21*C21)*(1+'Assumptions & Ref'!$C$22)) | AX21: =IF($C21="","",PI()*(AM21^2-AK21^2)/4*AN21*(1+'Assumptions & Ref'!$C$22)) | AY21: =IF($C21="","",PI()*(AS21^2-AP21^2)/4*AT21*(1+'Assumptions & Ref'!$C$22)) | AZ21: =IF($C21="","",PI()*(AP21^2-AM21^2)/4*AQ21*(1+'Assumptions & Ref'!$C$22)) | BA21: =IF($C21="","",AV21*INDEX($C$6:$G$6,MATCH(F21,$C$4:$G$4,0))+IF(G21="XLPE",AW21*INDEX($C$6:$G$6,MATCH("XLPE",$C$4:$G$4,0)),0)+IF(G21="PVC",(AW21+AX21+AY21)*INDEX($C$6:$G$6,MATCH("PVC",$C$4:$G$4,0)),(AX21+AY21)*INDEX($C$6:$G$6,MATCH("PVC",$C$4:$G$4,0)))+IF(I21="Unarmored",0,IF(OR(I21="Aluminium Flat Strip",I21="Aluminium Round Wired"),AZ21*INDEX($C$6:$G$6,MATCH("Aluminium",$C$4:$G$4,0)),AZ21*INDEX($C$6:$G$6,MATCH("Steel Wire",$C$4:$G$4,0))))) | BB21: =IF($C21="","",IF(K21="Y",'Assumptions & Ref'!$C$40,0)+IF(L21="Y",'Assumptions & Ref'!$C$41,0)+IF(M21="Y",'Assumptions & Ref'!$C$42,0)+IF(N21="Y",'Assumptions & Ref'!$C$43,0)+IF(O21="Y",'Assumptions & Ref'!$C$44,0)+IF(P21="Y",'Assumptions & Ref'!$C$45,0)+IF(Q21="Y",'Assumptions & Ref'!$C$46,0)+IF(R21="Y",'Assumptions & Ref'!$C$47,0)+IF(S21="Y",'Assumptions & Ref'!$C$48,0)+IF(T21="Y",'Assumptions & Ref'!$C$49,0)) | BC21: =IF($C21="","",(IF($F21="Aluminium",'Assumptions & Ref'!$D$17,'Assumptions & Ref'!$C$17)+IF($F21="Aluminium",'Assumptions & Ref'!$D$18,'Assumptions & Ref'!$C$18)+IF($F21="Aluminium",'Assumptions & Ref'!$D$19,'Assumptions & Ref'!$C$19)+IF($F21="Aluminium",'Assumptions & Ref'!$D$20,'Assumptions & Ref'!$C$20))/IF($F21="Aluminium",'Assumptions & Ref'!$D$16,'Assumptions & Ref'!$C$16)) | BD21: =IF($C21="","",(IF($F21="Aluminium",'Assumptions & Ref'!$F$17,'Assumptions & Ref'!$E$17)+IF($F21="Aluminium",'Assumptions & Ref'!$F$18,'Assumptions & Ref'!$E$18)+IF($F21="Aluminium",'Assumptions & Ref'!$F$19,'Assumptions & Ref'!$E$19)+IF($F21="Aluminium",'Assumptions & Ref'!$F$20,'Assumptions & Ref'!$E$20))/IF($F21="Aluminium",'Assumptions & Ref'!$F$16,'Assumptions & Ref'!$E$16)) | BE21: =IF($C21="","",BA21*(1+BC21)) | BF21: =IF($C21="","",BA21*(1+BD21)) | BG21: =IF($C21="","",BE21*(1+BB21)*(1+IF($F21="Aluminium",'Assumptions & Ref'!$D$21,'Assumptions & Ref'!$C$21))) | BH21: =IF($C21="","",BF21*(1+BB21)*(1+IF($F21="Aluminium",'Assumptions & Ref'!$F$21,'Assumptions & Ref'!$E$21)))
U22: =IF($C22="","",MIN(BG22,BH22)) | V22: =IF($C22="","",MAX(BG22,BH22)) | W22: =IF($C22="","",BA22) | X22: =IF($C22="","",AU22) | Y22: =IF($C22="","",IF(F22="Copper",AV22,0)) | AA22: =IF($C22="","",IF(D22="Sector shaped",360/C22,360)) | AB22: =IF($C22="","",SQRT(E22*(360/AA22)/PI())*2) | AC22: =IF($C22="","",INDEX($C$5:$G$5,MATCH(F22,$C$4:$G$4,0))) | AD22: =IF($C22="","",IF(AND(C22=1,I22="Unarmored"),INDEX('Assumptions & Ref'!$C$70:$C$90,MATCH(E22,'Assumptions & Ref'!$B$70:$B$90,0)),INDEX('Assumptions & Ref'!$D$70:$D$90,MATCH(E22,'Assumptions & Ref'!$B$70:$B$90,0)))) | AE22: =IF($C22="","",IF(D22="Circular",AB22+2*AD22,AB22+4*AD22)) | AF22: =IF($C22="","",INDEX($C$5:$G$5,MATCH(G22,$C$4:$G$4,0))) | AG22: =IF($C22="","",IF(C22=3.5,IFERROR(INDEX('Assumptions & Ref'!$G$93:$G$105,MATCH(E22,'Assumptions & Ref'!$F$93:$F$105,0)),0),0)) | AH22: =IF($C22="","",IF(C22=3.5,SQRT(AG22/PI())*2,0)) | AI22: =IF($C22="","",IF(C22=3.5,IFERROR(INDEX('Assumptions & Ref'!$D$70:$D$90,MATCH(AG22,'Assumptions & Ref'!$B$70:$B$90,0)),0),0)) | AJ22: =IF($C22="","",AH22+2*AI22) | AK22: =IF($C22="","",ROUND(IF(C22=1,AE22,IF(C22=2,2*AE22,IF(C22=3,2.16*AE22,IF(C22=3.5,2.42*(3*AE22+AJ22)/4,IF(C22=4,2.42*AE22,0))))),1)) | AL22: =IF($C22="","",IFERROR(INDEX('Assumptions & Ref'!$G$70:$G$74,IF(INDEX('Assumptions & Ref'!$F$70:$F$74,MATCH(AK22,'Assumptions & Ref'!$F$70:$F$74,1))=AK22,MATCH(AK22,'Assumptions & Ref'!$F$70:$F$74,1),MIN(MATCH(AK22,'Assumptions & Ref'!$F$70:$F$74,1)+1,5))),INDEX('Assumptions & Ref'!$G$70:$G$74,1))) | AM22: =IF($C22="","",AK22+2*AL22) | AN22: =IF($C22="","",INDEX($C$5:$G$5,MATCH(H22,$C$4:$G$4,0))) | AO22: =IF($C22="","",IF(I22="Unarmored",0,IF(OR(I22="Galvanised steel flat strip",I22="Aluminium Flat Strip"),IFERROR(INDEX('Assumptions & Ref'!$C$93:$C$98,IF(INDEX('Assumptions & Ref'!$B$93:$B$98,MATCH(AM22,'Assumptions & Ref'!$B$93:$B$98,1))=AM22,MATCH(AM22,'Assumptions & Ref'!$B$93:$B$98,1),MIN(MATCH(AM22,'Assumptions & Ref'!$B$93:$B$98,1)+1,6))),INDEX('Assumptions & Ref'!$C$93:$C$98,1)),IFERROR(INDEX('Assumptions & Ref'!$D$93:$D$98,IF(INDEX('Assumptions & Ref'!$B$93:$B$98,MATCH(AM22,'Assumptions & Ref'!$B$93:$B$98,1))=AM22,MATCH(AM22,'Assumptions & Ref'!$B$93:$B$98,1),MIN(MATCH(AM22,'Assumptions & Ref'!$B$93:$B$98,1)+1,6))),INDEX('Assumptions & Ref'!$D$93:$D$98,1))))) | AP22: =IF($C22="","",AM22+2*AO22) | AQ22: =IF($C22="","",IF(I22="Unarmored",0,IF(OR(I22="Aluminium Flat Strip",I22="Aluminium Round Wired"),INDEX($C$5:$G$5,MATCH("Aluminium",$C$4:$G$4,0)),INDEX($C$5:$G$5,MATCH("Steel Wire",$C$4:$G$4,0))))) | AR22: =IF($C22="","",IF(I22="Unarmored",IFERROR(INDEX('Assumptions & Ref'!$J$70:$J$81,IF(INDEX('Assumptions & Ref'!$I$70:$I$81,MATCH(AP22,'Assumptions & Ref'!$I$70:$I$81,1))=AP22,MATCH(AP22,'Assumptions & Ref'!$I$70:$I$81,1),MIN(MATCH(AP22,'Assumptions & Ref'!$I$70:$I$81,1)+1,12))),INDEX('Assumptions & Ref'!$J$70:$J$81,1)),IFERROR(INDEX('Assumptions & Ref'!$K$70:$K$81,IF(INDEX('Assumptions & Ref'!$I$70:$I$81,MATCH(AP22,'Assumptions & Ref'!$I$70:$I$81,1))=AP22,MATCH(AP22,'Assumptions & Ref'!$I$70:$I$81,1),MIN(MATCH(AP22,'Assumptions & Ref'!$I$70:$I$81,1)+1,12))),INDEX('Assumptions & Ref'!$K$70:$K$81,1)))) | AS22: =IF($C22="","",AP22+2*AR22) | AT22: =IF($C22="","",INDEX($C$5:$G$5,MATCH(J22,$C$4:$G$4,0))) | AU22: =IF($C22="","",TRUNC(AS22+1)) | AV22: =IF($C22="","",((E22*AC22*IF(C22=3.5,3,C22))+(AG22*AC22*IF(C22=3.5,1,0)))*(1+'Assumptions & Ref'!$C$22)) | AW22: =IF($C22="","",IF(C22=3.5,(PI()*(AE22^2-AB22^2)/4*AF22*3)+(PI()*(AJ22^2-AH22^2)/4*AF22),PI()*(AE22^2-AB22^2)/4*AF22*C22)*(1+'Assumptions & Ref'!$C$22)) | AX22: =IF($C22="","",PI()*(AM22^2-AK22^2)/4*AN22*(1+'Assumptions & Ref'!$C$22)) | AY22: =IF($C22="","",PI()*(AS22^2-AP22^2)/4*AT22*(1+'Assumptions & Ref'!$C$22)) | AZ22: =IF($C22="","",PI()*(AP22^2-AM22^2)/4*AQ22*(1+'Assumptions & Ref'!$C$22)) | BA22: =IF($C22="","",AV22*INDEX($C$6:$G$6,MATCH(F22,$C$4:$G$4,0))+IF(G22="XLPE",AW22*INDEX($C$6:$G$6,MATCH("XLPE",$C$4:$G$4,0)),0)+IF(G22="PVC",(AW22+AX22+AY22)*INDEX($C$6:$G$6,MATCH("PVC",$C$4:$G$4,0)),(AX22+AY22)*INDEX($C$6:$G$6,MATCH("PVC",$C$4:$G$4,0)))+IF(I22="Unarmored",0,IF(OR(I22="Aluminium Flat Strip",I22="Aluminium Round Wired"),AZ22*INDEX($C$6:$G$6,MATCH("Aluminium",$C$4:$G$4,0)),AZ22*INDEX($C$6:$G$6,MATCH("Steel Wire",$C$4:$G$4,0))))) | BB22: =IF($C22="","",IF(K22="Y",'Assumptions & Ref'!$C$40,0)+IF(L22="Y",'Assumptions & Ref'!$C$41,0)+IF(M22="Y",'Assumptions & Ref'!$C$42,0)+IF(N22="Y",'Assumptions & Ref'!$C$43,0)+IF(O22="Y",'Assumptions & Ref'!$C$44,0)+IF(P22="Y",'Assumptions & Ref'!$C$45,0)+IF(Q22="Y",'Assumptions & Ref'!$C$46,0)+IF(R22="Y",'Assumptions & Ref'!$C$47,0)+IF(S22="Y",'Assumptions & Ref'!$C$48,0)+IF(T22="Y",'Assumptions & Ref'!$C$49,0)) | BC22: =IF($C22="","",(IF($F22="Aluminium",'Assumptions & Ref'!$D$17,'Assumptions & Ref'!$C$17)+IF($F22="Aluminium",'Assumptions & Ref'!$D$18,'Assumptions & Ref'!$C$18)+IF($F22="Aluminium",'Assumptions & Ref'!$D$19,'Assumptions & Ref'!$C$19)+IF($F22="Aluminium",'Assumptions & Ref'!$D$20,'Assumptions & Ref'!$C$20))/IF($F22="Aluminium",'Assumptions & Ref'!$D$16,'Assumptions & Ref'!$C$16)) | BD22: =IF($C22="","",(IF($F22="Aluminium",'Assumptions & Ref'!$F$17,'Assumptions & Ref'!$E$17)+IF($F22="Aluminium",'Assumptions & Ref'!$F$18,'Assumptions & Ref'!$E$18)+IF($F22="Aluminium",'Assumptions & Ref'!$F$19,'Assumptions & Ref'!$E$19)+IF($F22="Aluminium",'Assumptions & Ref'!$F$20,'Assumptions & Ref'!$E$20))/IF($F22="Aluminium",'Assumptions & Ref'!$F$16,'Assumptions & Ref'!$E$16)) | BE22: =IF($C22="","",BA22*(1+BC22)) | BF22: =IF($C22="","",BA22*(1+BD22)) | BG22: =IF($C22="","",BE22*(1+BB22)*(1+IF($F22="Aluminium",'Assumptions & Ref'!$D$21,'Assumptions & Ref'!$C$21))) | BH22: =IF($C22="","",BF22*(1+BB22)*(1+IF($F22="Aluminium",'Assumptions & Ref'!$F$21,'Assumptions & Ref'!$E$21)))
U23: =IF($C23="","",MIN(BG23,BH23)) | V23: =IF($C23="","",MAX(BG23,BH23)) | W23: =IF($C23="","",BA23) | X23: =IF($C23="","",AU23) | Y23: =IF($C23="","",IF(F23="Copper",AV23,0)) | AA23: =IF($C23="","",IF(D23="Sector shaped",360/C23,360)) | AB23: =IF($C23="","",SQRT(E23*(360/AA23)/PI())*2) | AC23: =IF($C23="","",INDEX($C$5:$G$5,MATCH(F23,$C$4:$G$4,0))) | AD23: =IF($C23="","",IF(AND(C23=1,I23="Unarmored"),INDEX('Assumptions & Ref'!$C$70:$C$90,MATCH(E23,'Assumptions & Ref'!$B$70:$B$90,0)),INDEX('Assumptions & Ref'!$D$70:$D$90,MATCH(E23,'Assumptions & Ref'!$B$70:$B$90,0)))) | AE23: =IF($C23="","",IF(D23="Circular",AB23+2*AD23,AB23+4*AD23)) | AF23: =IF($C23="","",INDEX($C$5:$G$5,MATCH(G23,$C$4:$G$4,0))) | AG23: =IF($C23="","",IF(C23=3.5,IFERROR(INDEX('Assumptions & Ref'!$G$93:$G$105,MATCH(E23,'Assumptions & Ref'!$F$93:$F$105,0)),0),0)) | AH23: =IF($C23="","",IF(C23=3.5,SQRT(AG23/PI())*2,0)) | AI23: =IF($C23="","",IF(C23=3.5,IFERROR(INDEX('Assumptions & Ref'!$D$70:$D$90,MATCH(AG23,'Assumptions & Ref'!$B$70:$B$90,0)),0),0)) | AJ23: =IF($C23="","",AH23+2*AI23) | AK23: =IF($C23="","",ROUND(IF(C23=1,AE23,IF(C23=2,2*AE23,IF(C23=3,2.16*AE23,IF(C23=3.5,2.42*(3*AE23+AJ23)/4,IF(C23=4,2.42*AE23,0))))),1)) | AL23: =IF($C23="","",IFERROR(INDEX('Assumptions & Ref'!$G$70:$G$74,IF(INDEX('Assumptions & Ref'!$F$70:$F$74,MATCH(AK23,'Assumptions & Ref'!$F$70:$F$74,1))=AK23,MATCH(AK23,'Assumptions & Ref'!$F$70:$F$74,1),MIN(MATCH(AK23,'Assumptions & Ref'!$F$70:$F$74,1)+1,5))),INDEX('Assumptions & Ref'!$G$70:$G$74,1))) | AM23: =IF($C23="","",AK23+2*AL23) | AN23: =IF($C23="","",INDEX($C$5:$G$5,MATCH(H23,$C$4:$G$4,0))) | AO23: =IF($C23="","",IF(I23="Unarmored",0,IF(OR(I23="Galvanised steel flat strip",I23="Aluminium Flat Strip"),IFERROR(INDEX('Assumptions & Ref'!$C$93:$C$98,IF(INDEX('Assumptions & Ref'!$B$93:$B$98,MATCH(AM23,'Assumptions & Ref'!$B$93:$B$98,1))=AM23,MATCH(AM23,'Assumptions & Ref'!$B$93:$B$98,1),MIN(MATCH(AM23,'Assumptions & Ref'!$B$93:$B$98,1)+1,6))),INDEX('Assumptions & Ref'!$C$93:$C$98,1)),IFERROR(INDEX('Assumptions & Ref'!$D$93:$D$98,IF(INDEX('Assumptions & Ref'!$B$93:$B$98,MATCH(AM23,'Assumptions & Ref'!$B$93:$B$98,1))=AM23,MATCH(AM23,'Assumptions & Ref'!$B$93:$B$98,1),MIN(MATCH(AM23,'Assumptions & Ref'!$B$93:$B$98,1)+1,6))),INDEX('Assumptions & Ref'!$D$93:$D$98,1))))) | AP23: =IF($C23="","",AM23+2*AO23) | AQ23: =IF($C23="","",IF(I23="Unarmored",0,IF(OR(I23="Aluminium Flat Strip",I23="Aluminium Round Wired"),INDEX($C$5:$G$5,MATCH("Aluminium",$C$4:$G$4,0)),INDEX($C$5:$G$5,MATCH("Steel Wire",$C$4:$G$4,0))))) | AR23: =IF($C23="","",IF(I23="Unarmored",IFERROR(INDEX('Assumptions & Ref'!$J$70:$J$81,IF(INDEX('Assumptions & Ref'!$I$70:$I$81,MATCH(AP23,'Assumptions & Ref'!$I$70:$I$81,1))=AP23,MATCH(AP23,'Assumptions & Ref'!$I$70:$I$81,1),MIN(MATCH(AP23,'Assumptions & Ref'!$I$70:$I$81,1)+1,12))),INDEX('Assumptions & Ref'!$J$70:$J$81,1)),IFERROR(INDEX('Assumptions & Ref'!$K$70:$K$81,IF(INDEX('Assumptions & Ref'!$I$70:$I$81,MATCH(AP23,'Assumptions & Ref'!$I$70:$I$81,1))=AP23,MATCH(AP23,'Assumptions & Ref'!$I$70:$I$81,1),MIN(MATCH(AP23,'Assumptions & Ref'!$I$70:$I$81,1)+1,12))),INDEX('Assumptions & Ref'!$K$70:$K$81,1)))) | AS23: =IF($C23="","",AP23+2*AR23) | AT23: =IF($C23="","",INDEX($C$5:$G$5,MATCH(J23,$C$4:$G$4,0))) | AU23: =IF($C23="","",TRUNC(AS23+1)) | AV23: =IF($C23="","",((E23*AC23*IF(C23=3.5,3,C23))+(AG23*AC23*IF(C23=3.5,1,0)))*(1+'Assumptions & Ref'!$C$22)) | AW23: =IF($C23="","",IF(C23=3.5,(PI()*(AE23^2-AB23^2)/4*AF23*3)+(PI()*(AJ23^2-AH23^2)/4*AF23),PI()*(AE23^2-AB23^2)/4*AF23*C23)*(1+'Assumptions & Ref'!$C$22)) | AX23: =IF($C23="","",PI()*(AM23^2-AK23^2)/4*AN23*(1+'Assumptions & Ref'!$C$22)) | AY23: =IF($C23="","",PI()*(AS23^2-AP23^2)/4*AT23*(1+'Assumptions & Ref'!$C$22)) | AZ23: =IF($C23="","",PI()*(AP23^2-AM23^2)/4*AQ23*(1+'Assumptions & Ref'!$C$22)) | BA23: =IF($C23="","",AV23*INDEX($C$6:$G$6,MATCH(F23,$C$4:$G$4,0))+IF(G23="XLPE",AW23*INDEX($C$6:$G$6,MATCH("XLPE",$C$4:$G$4,0)),0)+IF(G23="PVC",(AW23+AX23+AY23)*INDEX($C$6:$G$6,MATCH("PVC",$C$4:$G$4,0)),(AX23+AY23)*INDEX($C$6:$G$6,MATCH("PVC",$C$4:$G$4,0)))+IF(I23="Unarmored",0,IF(OR(I23="Aluminium Flat Strip",I23="Aluminium Round Wired"),AZ23*INDEX($C$6:$G$6,MATCH("Aluminium",$C$4:$G$4,0)),AZ23*INDEX($C$6:$G$6,MATCH("Steel Wire",$C$4:$G$4,0))))) | BB23: =IF($C23="","",IF(K23="Y",'Assumptions & Ref'!$C$40,0)+IF(L23="Y",'Assumptions & Ref'!$C$41,0)+IF(M23="Y",'Assumptions & Ref'!$C$42,0)+IF(N23="Y",'Assumptions & Ref'!$C$43,0)+IF(O23="Y",'Assumptions & Ref'!$C$44,0)+IF(P23="Y",'Assumptions & Ref'!$C$45,0)+IF(Q23="Y",'Assumptions & Ref'!$C$46,0)+IF(R23="Y",'Assumptions & Ref'!$C$47,0)+IF(S23="Y",'Assumptions & Ref'!$C$48,0)+IF(T23="Y",'Assumptions & Ref'!$C$49,0)) | BC23: =IF($C23="","",(IF($F23="Aluminium",'Assumptions & Ref'!$D$17,'Assumptions & Ref'!$C$17)+IF($F23="Aluminium",'Assumptions & Ref'!$D$18,'Assumptions & Ref'!$C$18)+IF($F23="Aluminium",'Assumptions & Ref'!$D$19,'Assumptions & Ref'!$C$19)+IF($F23="Aluminium",'Assumptions & Ref'!$D$20,'Assumptions & Ref'!$C$20))/IF($F23="Aluminium",'Assumptions & Ref'!$D$16,'Assumptions & Ref'!$C$16)) | BD23: =IF($C23="","",(IF($F23="Aluminium",'Assumptions & Ref'!$F$17,'Assumptions & Ref'!$E$17)+IF($F23="Aluminium",'Assumptions & Ref'!$F$18,'Assumptions & Ref'!$E$18)+IF($F23="Aluminium",'Assumptions & Ref'!$F$19,'Assumptions & Ref'!$E$19)+IF($F23="Aluminium",'Assumptions & Ref'!$F$20,'Assumptions & Ref'!$E$20))/IF($F23="Aluminium",'Assumptions & Ref'!$F$16,'Assumptions & Ref'!$E$16)) | BE23: =IF($C23="","",BA23*(1+BC23)) | BF23: =IF($C23="","",BA23*(1+BD23)) | BG23: =IF($C23="","",BE23*(1+BB23)*(1+IF($F23="Aluminium",'Assumptions & Ref'!$D$21,'Assumptions & Ref'!$C$21))) | BH23: =IF($C23="","",BF23*(1+BB23)*(1+IF($F23="Aluminium",'Assumptions & Ref'!$F$21,'Assumptions & Ref'!$E$21)))
U24: =IF($C24="","",MIN(BG24,BH24)) | V24: =IF($C24="","",MAX(BG24,BH24)) | W24: =IF($C24="","",BA24) | X24: =IF($C24="","",AU24) | Y24: =IF($C24="","",IF(F24="Copper",AV24,0)) | AA24: =IF($C24="","",IF(D24="Sector shaped",360/C24,360)) | AB24: =IF($C24="","",SQRT(E24*(360/AA24)/PI())*2) | AC24: =IF($C24="","",INDEX($C$5:$G$5,MATCH(F24,$C$4:$G$4,0))) | AD24: =IF($C24="","",IF(AND(C24=1,I24="Unarmored"),INDEX('Assumptions & Ref'!$C$70:$C$90,MATCH(E24,'Assumptions & Ref'!$B$70:$B$90,0)),INDEX('Assumptions & Ref'!$D$70:$D$90,MATCH(E24,'Assumptions & Ref'!$B$70:$B$90,0)))) | AE24: =IF($C24="","",IF(D24="Circular",AB24+2*AD24,AB24+4*AD24)) | AF24: =IF($C24="","",INDEX($C$5:$G$5,MATCH(G24,$C$4:$G$4,0))) | AG24: =IF($C24="","",IF(C24=3.5,IFERROR(INDEX('Assumptions & Ref'!$G$93:$G$105,MATCH(E24,'Assumptions & Ref'!$F$93:$F$105,0)),0),0)) | AH24: =IF($C24="","",IF(C24=3.5,SQRT(AG24/PI())*2,0)) | AI24: =IF($C24="","",IF(C24=3.5,IFERROR(INDEX('Assumptions & Ref'!$D$70:$D$90,MATCH(AG24,'Assumptions & Ref'!$B$70:$B$90,0)),0),0)) | AJ24: =IF($C24="","",AH24+2*AI24) | AK24: =IF($C24="","",ROUND(IF(C24=1,AE24,IF(C24=2,2*AE24,IF(C24=3,2.16*AE24,IF(C24=3.5,2.42*(3*AE24+AJ24)/4,IF(C24=4,2.42*AE24,0))))),1)) | AL24: =IF($C24="","",IFERROR(INDEX('Assumptions & Ref'!$G$70:$G$74,IF(INDEX('Assumptions & Ref'!$F$70:$F$74,MATCH(AK24,'Assumptions & Ref'!$F$70:$F$74,1))=AK24,MATCH(AK24,'Assumptions & Ref'!$F$70:$F$74,1),MIN(MATCH(AK24,'Assumptions & Ref'!$F$70:$F$74,1)+1,5))),INDEX('Assumptions & Ref'!$G$70:$G$74,1))) | AM24: =IF($C24="","",AK24+2*AL24) | AN24: =IF($C24="","",INDEX($C$5:$G$5,MATCH(H24,$C$4:$G$4,0))) | AO24: =IF($C24="","",IF(I24="Unarmored",0,IF(OR(I24="Galvanised steel flat strip",I24="Aluminium Flat Strip"),IFERROR(INDEX('Assumptions & Ref'!$C$93:$C$98,IF(INDEX('Assumptions & Ref'!$B$93:$B$98,MATCH(AM24,'Assumptions & Ref'!$B$93:$B$98,1))=AM24,MATCH(AM24,'Assumptions & Ref'!$B$93:$B$98,1),MIN(MATCH(AM24,'Assumptions & Ref'!$B$93:$B$98,1)+1,6))),INDEX('Assumptions & Ref'!$C$93:$C$98,1)),IFERROR(INDEX('Assumptions & Ref'!$D$93:$D$98,IF(INDEX('Assumptions & Ref'!$B$93:$B$98,MATCH(AM24,'Assumptions & Ref'!$B$93:$B$98,1))=AM24,MATCH(AM24,'Assumptions & Ref'!$B$93:$B$98,1),MIN(MATCH(AM24,'Assumptions & Ref'!$B$93:$B$98,1)+1,6))),INDEX('Assumptions & Ref'!$D$93:$D$98,1))))) | AP24: =IF($C24="","",AM24+2*AO24) | AQ24: =IF($C24="","",IF(I24="Unarmored",0,IF(OR(I24="Aluminium Flat Strip",I24="Aluminium Round Wired"),INDEX($C$5:$G$5,MATCH("Aluminium",$C$4:$G$4,0)),INDEX($C$5:$G$5,MATCH("Steel Wire",$C$4:$G$4,0))))) | AR24: =IF($C24="","",IF(I24="Unarmored",IFERROR(INDEX('Assumptions & Ref'!$J$70:$J$81,IF(INDEX('Assumptions & Ref'!$I$70:$I$81,MATCH(AP24,'Assumptions & Ref'!$I$70:$I$81,1))=AP24,MATCH(AP24,'Assumptions & Ref'!$I$70:$I$81,1),MIN(MATCH(AP24,'Assumptions & Ref'!$I$70:$I$81,1)+1,12))),INDEX('Assumptions & Ref'!$J$70:$J$81,1)),IFERROR(INDEX('Assumptions & Ref'!$K$70:$K$81,IF(INDEX('Assumptions & Ref'!$I$70:$I$81,MATCH(AP24,'Assumptions & Ref'!$I$70:$I$81,1))=AP24,MATCH(AP24,'Assumptions & Ref'!$I$70:$I$81,1),MIN(MATCH(AP24,'Assumptions & Ref'!$I$70:$I$81,1)+1,12))),INDEX('Assumptions & Ref'!$K$70:$K$81,1)))) | AS24: =IF($C24="","",AP24+2*AR24) | AT24: =IF($C24="","",INDEX($C$5:$G$5,MATCH(J24,$C$4:$G$4,0))) | AU24: =IF($C24="","",TRUNC(AS24+1)) | AV24: =IF($C24="","",((E24*AC24*IF(C24=3.5,3,C24))+(AG24*AC24*IF(C24=3.5,1,0)))*(1+'Assumptions & Ref'!$C$22)) | AW24: =IF($C24="","",IF(C24=3.5,(PI()*(AE24^2-AB24^2)/4*AF24*3)+(PI()*(AJ24^2-AH24^2)/4*AF24),PI()*(AE24^2-AB24^2)/4*AF24*C24)*(1+'Assumptions & Ref'!$C$22)) | AX24: =IF($C24="","",PI()*(AM24^2-AK24^2)/4*AN24*(1+'Assumptions & Ref'!$C$22)) | AY24: =IF($C24="","",PI()*(AS24^2-AP24^2)/4*AT24*(1+'Assumptions & Ref'!$C$22)) | AZ24: =IF($C24="","",PI()*(AP24^2-AM24^2)/4*AQ24*(1+'Assumptions & Ref'!$C$22)) | BA24: =IF($C24="","",AV24*INDEX($C$6:$G$6,MATCH(F24,$C$4:$G$4,0))+IF(G24="XLPE",AW24*INDEX($C$6:$G$6,MATCH("XLPE",$C$4:$G$4,0)),0)+IF(G24="PVC",(AW24+AX24+AY24)*INDEX($C$6:$G$6,MATCH("PVC",$C$4:$G$4,0)),(AX24+AY24)*INDEX($C$6:$G$6,MATCH("PVC",$C$4:$G$4,0)))+IF(I24="Unarmored",0,IF(OR(I24="Aluminium Flat Strip",I24="Aluminium Round Wired"),AZ24*INDEX($C$6:$G$6,MATCH("Aluminium",$C$4:$G$4,0)),AZ24*INDEX($C$6:$G$6,MATCH("Steel Wire",$C$4:$G$4,0))))) | BB24: =IF($C24="","",IF(K24="Y",'Assumptions & Ref'!$C$40,0)+IF(L24="Y",'Assumptions & Ref'!$C$41,0)+IF(M24="Y",'Assumptions & Ref'!$C$42,0)+IF(N24="Y",'Assumptions & Ref'!$C$43,0)+IF(O24="Y",'Assumptions & Ref'!$C$44,0)+IF(P24="Y",'Assumptions & Ref'!$C$45,0)+IF(Q24="Y",'Assumptions & Ref'!$C$46,0)+IF(R24="Y",'Assumptions & Ref'!$C$47,0)+IF(S24="Y",'Assumptions & Ref'!$C$48,0)+IF(T24="Y",'Assumptions & Ref'!$C$49,0)) | BC24: =IF($C24="","",(IF($F24="Aluminium",'Assumptions & Ref'!$D$17,'Assumptions & Ref'!$C$17)+IF($F24="Aluminium",'Assumptions & Ref'!$D$18,'Assumptions & Ref'!$C$18)+IF($F24="Aluminium",'Assumptions & Ref'!$D$19,'Assumptions & Ref'!$C$19)+IF($F24="Aluminium",'Assumptions & Ref'!$D$20,'Assumptions & Ref'!$C$20))/IF($F24="Aluminium",'Assumptions & Ref'!$D$16,'Assumptions & Ref'!$C$16)) | BD24: =IF($C24="","",(IF($F24="Aluminium",'Assumptions & Ref'!$F$17,'Assumptions & Ref'!$E$17)+IF($F24="Aluminium",'Assumptions & Ref'!$F$18,'Assumptions & Ref'!$E$18)+IF($F24="Aluminium",'Assumptions & Ref'!$F$19,'Assumptions & Ref'!$E$19)+IF($F24="Aluminium",'Assumptions & Ref'!$F$20,'Assumptions & Ref'!$E$20))/IF($F24="Aluminium",'Assumptions & Ref'!$F$16,'Assumptions & Ref'!$E$16)) | BE24: =IF($C24="","",BA24*(1+BC24)) | BF24: =IF($C24="","",BA24*(1+BD24)) | BG24: =IF($C24="","",BE24*(1+BB24)*(1+IF($F24="Aluminium",'Assumptions & Ref'!$D$21,'Assumptions & Ref'!$C$21))) | BH24: =IF($C24="","",BF24*(1+BB24)*(1+IF($F24="Aluminium",'Assumptions & Ref'!$F$21,'Assumptions & Ref'!$E$21)))
U25: =IF($C25="","",MIN(BG25,BH25)) | V25: =IF($C25="","",MAX(BG25,BH25)) | W25: =IF($C25="","",BA25) | X25: =IF($C25="","",AU25) | Y25: =IF($C25="","",IF(F25="Copper",AV25,0)) | AA25: =IF($C25="","",IF(D25="Sector shaped",360/C25,360)) | AB25: =IF($C25="","",SQRT(E25*(360/AA25)/PI())*2) | AC25: =IF($C25="","",INDEX($C$5:$G$5,MATCH(F25,$C$4:$G$4,0))) | AD25: =IF($C25="","",IF(AND(C25=1,I25="Unarmored"),INDEX('Assumptions & Ref'!$C$70:$C$90,MATCH(E25,'Assumptions & Ref'!$B$70:$B$90,0)),INDEX('Assumptions & Ref'!$D$70:$D$90,MATCH(E25,'Assumptions & Ref'!$B$70:$B$90,0)))) | AE25: =IF($C25="","",IF(D25="Circular",AB25+2*AD25,AB25+4*AD25)) | AF25: =IF($C25="","",INDEX($C$5:$G$5,MATCH(G25,$C$4:$G$4,0))) | AG25: =IF($C25="","",IF(C25=3.5,IFERROR(INDEX('Assumptions & Ref'!$G$93:$G$105,MATCH(E25,'Assumptions & Ref'!$F$93:$F$105,0)),0),0)) | AH25: =IF($C25="","",IF(C25=3.5,SQRT(AG25/PI())*2,0)) | AI25: =IF($C25="","",IF(C25=3.5,IFERROR(INDEX('Assumptions & Ref'!$D$70:$D$90,MATCH(AG25,'Assumptions & Ref'!$B$70:$B$90,0)),0),0)) | AJ25: =IF($C25="","",AH25+2*AI25) | AK25: =IF($C25="","",ROUND(IF(C25=1,AE25,IF(C25=2,2*AE25,IF(C25=3,2.16*AE25,IF(C25=3.5,2.42*(3*AE25+AJ25)/4,IF(C25=4,2.42*AE25,0))))),1)) | AL25: =IF($C25="","",IFERROR(INDEX('Assumptions & Ref'!$G$70:$G$74,IF(INDEX('Assumptions & Ref'!$F$70:$F$74,MATCH(AK25,'Assumptions & Ref'!$F$70:$F$74,1))=AK25,MATCH(AK25,'Assumptions & Ref'!$F$70:$F$74,1),MIN(MATCH(AK25,'Assumptions & Ref'!$F$70:$F$74,1)+1,5))),INDEX('Assumptions & Ref'!$G$70:$G$74,1))) | AM25: =IF($C25="","",AK25+2*AL25) | AN25: =IF($C25="","",INDEX($C$5:$G$5,MATCH(H25,$C$4:$G$4,0))) | AO25: =IF($C25="","",IF(I25="Unarmored",0,IF(OR(I25="Galvanised steel flat strip",I25="Aluminium Flat Strip"),IFERROR(INDEX('Assumptions & Ref'!$C$93:$C$98,IF(INDEX('Assumptions & Ref'!$B$93:$B$98,MATCH(AM25,'Assumptions & Ref'!$B$93:$B$98,1))=AM25,MATCH(AM25,'Assumptions & Ref'!$B$93:$B$98,1),MIN(MATCH(AM25,'Assumptions & Ref'!$B$93:$B$98,1)+1,6))),INDEX('Assumptions & Ref'!$C$93:$C$98,1)),IFERROR(INDEX('Assumptions & Ref'!$D$93:$D$98,IF(INDEX('Assumptions & Ref'!$B$93:$B$98,MATCH(AM25,'Assumptions & Ref'!$B$93:$B$98,1))=AM25,MATCH(AM25,'Assumptions & Ref'!$B$93:$B$98,1),MIN(MATCH(AM25,'Assumptions & Ref'!$B$93:$B$98,1)+1,6))),INDEX('Assumptions & Ref'!$D$93:$D$98,1))))) | AP25: =IF($C25="","",AM25+2*AO25) | AQ25: =IF($C25="","",IF(I25="Unarmored",0,IF(OR(I25="Aluminium Flat Strip",I25="Aluminium Round Wired"),INDEX($C$5:$G$5,MATCH("Aluminium",$C$4:$G$4,0)),INDEX($C$5:$G$5,MATCH("Steel Wire",$C$4:$G$4,0))))) | AR25: =IF($C25="","",IF(I25="Unarmored",IFERROR(INDEX('Assumptions & Ref'!$J$70:$J$81,IF(INDEX('Assumptions & Ref'!$I$70:$I$81,MATCH(AP25,'Assumptions & Ref'!$I$70:$I$81,1))=AP25,MATCH(AP25,'Assumptions & Ref'!$I$70:$I$81,1),MIN(MATCH(AP25,'Assumptions & Ref'!$I$70:$I$81,1)+1,12))),INDEX('Assumptions & Ref'!$J$70:$J$81,1)),IFERROR(INDEX('Assumptions & Ref'!$K$70:$K$81,IF(INDEX('Assumptions & Ref'!$I$70:$I$81,MATCH(AP25,'Assumptions & Ref'!$I$70:$I$81,1))=AP25,MATCH(AP25,'Assumptions & Ref'!$I$70:$I$81,1),MIN(MATCH(AP25,'Assumptions & Ref'!$I$70:$I$81,1)+1,12))),INDEX('Assumptions & Ref'!$K$70:$K$81,1)))) | AS25: =IF($C25="","",AP25+2*AR25) | AT25: =IF($C25="","",INDEX($C$5:$G$5,MATCH(J25,$C$4:$G$4,0))) | AU25: =IF($C25="","",TRUNC(AS25+1)) | AV25: =IF($C25="","",((E25*AC25*IF(C25=3.5,3,C25))+(AG25*AC25*IF(C25=3.5,1,0)))*(1+'Assumptions & Ref'!$C$22)) | AW25: =IF($C25="","",IF(C25=3.5,(PI()*(AE25^2-AB25^2)/4*AF25*3)+(PI()*(AJ25^2-AH25^2)/4*AF25),PI()*(AE25^2-AB25^2)/4*AF25*C25)*(1+'Assumptions & Ref'!$C$22)) | AX25: =IF($C25="","",PI()*(AM25^2-AK25^2)/4*AN25*(1+'Assumptions & Ref'!$C$22)) | AY25: =IF($C25="","",PI()*(AS25^2-AP25^2)/4*AT25*(1+'Assumptions & Ref'!$C$22)) | AZ25: =IF($C25="","",PI()*(AP25^2-AM25^2)/4*AQ25*(1+'Assumptions & Ref'!$C$22)) | BA25: =IF($C25="","",AV25*INDEX($C$6:$G$6,MATCH(F25,$C$4:$G$4,0))+IF(G25="XLPE",AW25*INDEX($C$6:$G$6,MATCH("XLPE",$C$4:$G$4,0)),0)+IF(G25="PVC",(AW25+AX25+AY25)*INDEX($C$6:$G$6,MATCH("PVC",$C$4:$G$4,0)),(AX25+AY25)*INDEX($C$6:$G$6,MATCH("PVC",$C$4:$G$4,0)))+IF(I25="Unarmored",0,IF(OR(I25="Aluminium Flat Strip",I25="Aluminium Round Wired"),AZ25*INDEX($C$6:$G$6,MATCH("Aluminium",$C$4:$G$4,0)),AZ25*INDEX($C$6:$G$6,MATCH("Steel Wire",$C$4:$G$4,0))))) | BB25: =IF($C25="","",IF(K25="Y",'Assumptions & Ref'!$C$40,0)+IF(L25="Y",'Assumptions & Ref'!$C$41,0)+IF(M25="Y",'Assumptions & Ref'!$C$42,0)+IF(N25="Y",'Assumptions & Ref'!$C$43,0)+IF(O25="Y",'Assumptions & Ref'!$C$44,0)+IF(P25="Y",'Assumptions & Ref'!$C$45,0)+IF(Q25="Y",'Assumptions & Ref'!$C$46,0)+IF(R25="Y",'Assumptions & Ref'!$C$47,0)+IF(S25="Y",'Assumptions & Ref'!$C$48,0)+IF(T25="Y",'Assumptions & Ref'!$C$49,0)) | BC25: =IF($C25="","",(IF($F25="Aluminium",'Assumptions & Ref'!$D$17,'Assumptions & Ref'!$C$17)+IF($F25="Aluminium",'Assumptions & Ref'!$D$18,'Assumptions & Ref'!$C$18)+IF($F25="Aluminium",'Assumptions & Ref'!$D$19,'Assumptions & Ref'!$C$19)+IF($F25="Aluminium",'Assumptions & Ref'!$D$20,'Assumptions & Ref'!$C$20))/IF($F25="Aluminium",'Assumptions & Ref'!$D$16,'Assumptions & Ref'!$C$16)) | BD25: =IF($C25="","",(IF($F25="Aluminium",'Assumptions & Ref'!$F$17,'Assumptions & Ref'!$E$17)+IF($F25="Aluminium",'Assumptions & Ref'!$F$18,'Assumptions & Ref'!$E$18)+IF($F25="Aluminium",'Assumptions & Ref'!$F$19,'Assumptions & Ref'!$E$19)+IF($F25="Aluminium",'Assumptions & Ref'!$F$20,'Assumptions & Ref'!$E$20))/IF($F25="Aluminium",'Assumptions & Ref'!$F$16,'Assumptions & Ref'!$E$16)) | BE25: =IF($C25="","",BA25*(1+BC25)) | BF25: =IF($C25="","",BA25*(1+BD25)) | BG25: =IF($C25="","",BE25*(1+BB25)*(1+IF($F25="Aluminium",'Assumptions & Ref'!$D$21,'Assumptions & Ref'!$C$21))) | BH25: =IF($C25="","",BF25*(1+BB25)*(1+IF($F25="Aluminium",'Assumptions & Ref'!$F$21,'Assumptions & Ref'!$E$21)))
U26: =IF($C26="","",MIN(BG26,BH26)) | V26: =IF($C26="","",MAX(BG26,BH26)) | W26: =IF($C26="","",BA26) | X26: =IF($C26="","",AU26) | Y26: =IF($C26="","",IF(F26="Copper",AV26,0)) | AA26: =IF($C26="","",IF(D26="Sector shaped",360/C26,360)) | AB26: =IF($C26="","",SQRT(E26*(360/AA26)/PI())*2) | AC26: =IF($C26="","",INDEX($C$5:$G$5,MATCH(F26,$C$4:$G$4,0))) | AD26: =IF($C26="","",IF(AND(C26=1,I26="Unarmored"),INDEX('Assumptions & Ref'!$C$70:$C$90,MATCH(E26,'Assumptions & Ref'!$B$70:$B$90,0)),INDEX('Assumptions & Ref'!$D$70:$D$90,MATCH(E26,'Assumptions & Ref'!$B$70:$B$90,0)))) | AE26: =IF($C26="","",IF(D26="Circular",AB26+2*AD26,AB26+4*AD26)) | AF26: =IF($C26="","",INDEX($C$5:$G$5,MATCH(G26,$C$4:$G$4,0))) | AG26: =IF($C26="","",IF(C26=3.5,IFERROR(INDEX('Assumptions & Ref'!$G$93:$G$105,MATCH(E26,'Assumptions & Ref'!$F$93:$F$105,0)),0),0)) | AH26: =IF($C26="","",IF(C26=3.5,SQRT(AG26/PI())*2,0)) | AI26: =IF($C26="","",IF(C26=3.5,IFERROR(INDEX('Assumptions & Ref'!$D$70:$D$90,MATCH(AG26,'Assumptions & Ref'!$B$70:$B$90,0)),0),0)) | AJ26: =IF($C26="","",AH26+2*AI26) | AK26: =IF($C26="","",ROUND(IF(C26=1,AE26,IF(C26=2,2*AE26,IF(C26=3,2.16*AE26,IF(C26=3.5,2.42*(3*AE26+AJ26)/4,IF(C26=4,2.42*AE26,0))))),1)) | AL26: =IF($C26="","",IFERROR(INDEX('Assumptions & Ref'!$G$70:$G$74,IF(INDEX('Assumptions & Ref'!$F$70:$F$74,MATCH(AK26,'Assumptions & Ref'!$F$70:$F$74,1))=AK26,MATCH(AK26,'Assumptions & Ref'!$F$70:$F$74,1),MIN(MATCH(AK26,'Assumptions & Ref'!$F$70:$F$74,1)+1,5))),INDEX('Assumptions & Ref'!$G$70:$G$74,1))) | AM26: =IF($C26="","",AK26+2*AL26) | AN26: =IF($C26="","",INDEX($C$5:$G$5,MATCH(H26,$C$4:$G$4,0))) | AO26: =IF($C26="","",IF(I26="Unarmored",0,IF(OR(I26="Galvanised steel flat strip",I26="Aluminium Flat Strip"),IFERROR(INDEX('Assumptions & Ref'!$C$93:$C$98,IF(INDEX('Assumptions & Ref'!$B$93:$B$98,MATCH(AM26,'Assumptions & Ref'!$B$93:$B$98,1))=AM26,MATCH(AM26,'Assumptions & Ref'!$B$93:$B$98,1),MIN(MATCH(AM26,'Assumptions & Ref'!$B$93:$B$98,1)+1,6))),INDEX('Assumptions & Ref'!$C$93:$C$98,1)),IFERROR(INDEX('Assumptions & Ref'!$D$93:$D$98,IF(INDEX('Assumptions & Ref'!$B$93:$B$98,MATCH(AM26,'Assumptions & Ref'!$B$93:$B$98,1))=AM26,MATCH(AM26,'Assumptions & Ref'!$B$93:$B$98,1),MIN(MATCH(AM26,'Assumptions & Ref'!$B$93:$B$98,1)+1,6))),INDEX('Assumptions & Ref'!$D$93:$D$98,1))))) | AP26: =IF($C26="","",AM26+2*AO26) | AQ26: =IF($C26="","",IF(I26="Unarmored",0,IF(OR(I26="Aluminium Flat Strip",I26="Aluminium Round Wired"),INDEX($C$5:$G$5,MATCH("Aluminium",$C$4:$G$4,0)),INDEX($C$5:$G$5,MATCH("Steel Wire",$C$4:$G$4,0))))) | AR26: =IF($C26="","",IF(I26="Unarmored",IFERROR(INDEX('Assumptions & Ref'!$J$70:$J$81,IF(INDEX('Assumptions & Ref'!$I$70:$I$81,MATCH(AP26,'Assumptions & Ref'!$I$70:$I$81,1))=AP26,MATCH(AP26,'Assumptions & Ref'!$I$70:$I$81,1),MIN(MATCH(AP26,'Assumptions & Ref'!$I$70:$I$81,1)+1,12))),INDEX('Assumptions & Ref'!$J$70:$J$81,1)),IFERROR(INDEX('Assumptions & Ref'!$K$70:$K$81,IF(INDEX('Assumptions & Ref'!$I$70:$I$81,MATCH(AP26,'Assumptions & Ref'!$I$70:$I$81,1))=AP26,MATCH(AP26,'Assumptions & Ref'!$I$70:$I$81,1),MIN(MATCH(AP26,'Assumptions & Ref'!$I$70:$I$81,1)+1,12))),INDEX('Assumptions & Ref'!$K$70:$K$81,1)))) | AS26: =IF($C26="","",AP26+2*AR26) | AT26: =IF($C26="","",INDEX($C$5:$G$5,MATCH(J26,$C$4:$G$4,0))) | AU26: =IF($C26="","",TRUNC(AS26+1)) | AV26: =IF($C26="","",((E26*AC26*IF(C26=3.5,3,C26))+(AG26*AC26*IF(C26=3.5,1,0)))*(1+'Assumptions & Ref'!$C$22)) | AW26: =IF($C26="","",IF(C26=3.5,(PI()*(AE26^2-AB26^2)/4*AF26*3)+(PI()*(AJ26^2-AH26^2)/4*AF26),PI()*(AE26^2-AB26^2)/4*AF26*C26)*(1+'Assumptions & Ref'!$C$22)) | AX26: =IF($C26="","",PI()*(AM26^2-AK26^2)/4*AN26*(1+'Assumptions & Ref'!$C$22)) | AY26: =IF($C26="","",PI()*(AS26^2-AP26^2)/4*AT26*(1+'Assumptions & Ref'!$C$22)) | AZ26: =IF($C26="","",PI()*(AP26^2-AM26^2)/4*AQ26*(1+'Assumptions & Ref'!$C$22)) | BA26: =IF($C26="","",AV26*INDEX($C$6:$G$6,MATCH(F26,$C$4:$G$4,0))+IF(G26="XLPE",AW26*INDEX($C$6:$G$6,MATCH("XLPE",$C$4:$G$4,0)),0)+IF(G26="PVC",(AW26+AX26+AY26)*INDEX($C$6:$G$6,MATCH("PVC",$C$4:$G$4,0)),(AX26+AY26)*INDEX($C$6:$G$6,MATCH("PVC",$C$4:$G$4,0)))+IF(I26="Unarmored",0,IF(OR(I26="Aluminium Flat Strip",I26="Aluminium Round Wired"),AZ26*INDEX($C$6:$G$6,MATCH("Aluminium",$C$4:$G$4,0)),AZ26*INDEX($C$6:$G$6,MATCH("Steel Wire",$C$4:$G$4,0))))) | BB26: =IF($C26="","",IF(K26="Y",'Assumptions & Ref'!$C$40,0)+IF(L26="Y",'Assumptions & Ref'!$C$41,0)+IF(M26="Y",'Assumptions & Ref'!$C$42,0)+IF(N26="Y",'Assumptions & Ref'!$C$43,0)+IF(O26="Y",'Assumptions & Ref'!$C$44,0)+IF(P26="Y",'Assumptions & Ref'!$C$45,0)+IF(Q26="Y",'Assumptions & Ref'!$C$46,0)+IF(R26="Y",'Assumptions & Ref'!$C$47,0)+IF(S26="Y",'Assumptions & Ref'!$C$48,0)+IF(T26="Y",'Assumptions & Ref'!$C$49,0)) | BC26: =IF($C26="","",(IF($F26="Aluminium",'Assumptions & Ref'!$D$17,'Assumptions & Ref'!$C$17)+IF($F26="Aluminium",'Assumptions & Ref'!$D$18,'Assumptions & Ref'!$C$18)+IF($F26="Aluminium",'Assumptions & Ref'!$D$19,'Assumptions & Ref'!$C$19)+IF($F26="Aluminium",'Assumptions & Ref'!$D$20,'Assumptions & Ref'!$C$20))/IF($F26="Aluminium",'Assumptions & Ref'!$D$16,'Assumptions & Ref'!$C$16)) | BD26: =IF($C26="","",(IF($F26="Aluminium",'Assumptions & Ref'!$F$17,'Assumptions & Ref'!$E$17)+IF($F26="Aluminium",'Assumptions & Ref'!$F$18,'Assumptions & Ref'!$E$18)+IF($F26="Aluminium",'Assumptions & Ref'!$F$19,'Assumptions & Ref'!$E$19)+IF($F26="Aluminium",'Assumptions & Ref'!$F$20,'Assumptions & Ref'!$E$20))/IF($F26="Aluminium",'Assumptions & Ref'!$F$16,'Assumptions & Ref'!$E$16)) | BE26: =IF($C26="","",BA26*(1+BC26)) | BF26: =IF($C26="","",BA26*(1+BD26)) | BG26: =IF($C26="","",BE26*(1+BB26)*(1+IF($F26="Aluminium",'Assumptions & Ref'!$D$21,'Assumptions & Ref'!$C$21))) | BH26: =IF($C26="","",BF26*(1+BB26)*(1+IF($F26="Aluminium",'Assumptions & Ref'!$F$21,'Assumptions & Ref'!$E$21)))
U27: =IF($C27="","",MIN(BG27,BH27)) | V27: =IF($C27="","",MAX(BG27,BH27)) | W27: =IF($C27="","",BA27) | X27: =IF($C27="","",AU27) | Y27: =IF($C27="","",IF(F27="Copper",AV27,0)) | AA27: =IF($C27="","",IF(D27="Sector shaped",360/C27,360)) | AB27: =IF($C27="","",SQRT(E27*(360/AA27)/PI())*2) | AC27: =IF($C27="","",INDEX($C$5:$G$5,MATCH(F27,$C$4:$G$4,0))) | AD27: =IF($C27="","",IF(AND(C27=1,I27="Unarmored"),INDEX('Assumptions & Ref'!$C$70:$C$90,MATCH(E27,'Assumptions & Ref'!$B$70:$B$90,0)),INDEX('Assumptions & Ref'!$D$70:$D$90,MATCH(E27,'Assumptions & Ref'!$B$70:$B$90,0)))) | AE27: =IF($C27="","",IF(D27="Circular",AB27+2*AD27,AB27+4*AD27)) | AF27: =IF($C27="","",INDEX($C$5:$G$5,MATCH(G27,$C$4:$G$4,0))) | AG27: =IF($C27="","",IF(C27=3.5,IFERROR(INDEX('Assumptions & Ref'!$G$93:$G$105,MATCH(E27,'Assumptions & Ref'!$F$93:$F$105,0)),0),0)) | AH27: =IF($C27="","",IF(C27=3.5,SQRT(AG27/PI())*2,0)) | AI27: =IF($C27="","",IF(C27=3.5,IFERROR(INDEX('Assumptions & Ref'!$D$70:$D$90,MATCH(AG27,'Assumptions & Ref'!$B$70:$B$90,0)),0),0)) | AJ27: =IF($C27="","",AH27+2*AI27) | AK27: =IF($C27="","",ROUND(IF(C27=1,AE27,IF(C27=2,2*AE27,IF(C27=3,2.16*AE27,IF(C27=3.5,2.42*(3*AE27+AJ27)/4,IF(C27=4,2.42*AE27,0))))),1)) | AL27: =IF($C27="","",IFERROR(INDEX('Assumptions & Ref'!$G$70:$G$74,IF(INDEX('Assumptions & Ref'!$F$70:$F$74,MATCH(AK27,'Assumptions & Ref'!$F$70:$F$74,1))=AK27,MATCH(AK27,'Assumptions & Ref'!$F$70:$F$74,1),MIN(MATCH(AK27,'Assumptions & Ref'!$F$70:$F$74,1)+1,5))),INDEX('Assumptions & Ref'!$G$70:$G$74,1))) | AM27: =IF($C27="","",AK27+2*AL27) | AN27: =IF($C27="","",INDEX($C$5:$G$5,MATCH(H27,$C$4:$G$4,0))) | AO27: =IF($C27="","",IF(I27="Unarmored",0,IF(OR(I27="Galvanised steel flat strip",I27="Aluminium Flat Strip"),IFERROR(INDEX('Assumptions & Ref'!$C$93:$C$98,IF(INDEX('Assumptions & Ref'!$B$93:$B$98,MATCH(AM27,'Assumptions & Ref'!$B$93:$B$98,1))=AM27,MATCH(AM27,'Assumptions & Ref'!$B$93:$B$98,1),MIN(MATCH(AM27,'Assumptions & Ref'!$B$93:$B$98,1)+1,6))),INDEX('Assumptions & Ref'!$C$93:$C$98,1)),IFERROR(INDEX('Assumptions & Ref'!$D$93:$D$98,IF(INDEX('Assumptions & Ref'!$B$93:$B$98,MATCH(AM27,'Assumptions & Ref'!$B$93:$B$98,1))=AM27,MATCH(AM27,'Assumptions & Ref'!$B$93:$B$98,1),MIN(MATCH(AM27,'Assumptions & Ref'!$B$93:$B$98,1)+1,6))),INDEX('Assumptions & Ref'!$D$93:$D$98,1))))) | AP27: =IF($C27="","",AM27+2*AO27) | AQ27: =IF($C27="","",IF(I27="Unarmored",0,IF(OR(I27="Aluminium Flat Strip",I27="Aluminium Round Wired"),INDEX($C$5:$G$5,MATCH("Aluminium",$C$4:$G$4,0)),INDEX($C$5:$G$5,MATCH("Steel Wire",$C$4:$G$4,0))))) | AR27: =IF($C27="","",IF(I27="Unarmored",IFERROR(INDEX('Assumptions & Ref'!$J$70:$J$81,IF(INDEX('Assumptions & Ref'!$I$70:$I$81,MATCH(AP27,'Assumptions & Ref'!$I$70:$I$81,1))=AP27,MATCH(AP27,'Assumptions & Ref'!$I$70:$I$81,1),MIN(MATCH(AP27,'Assumptions & Ref'!$I$70:$I$81,1)+1,12))),INDEX('Assumptions & Ref'!$J$70:$J$81,1)),IFERROR(INDEX('Assumptions & Ref'!$K$70:$K$81,IF(INDEX('Assumptions & Ref'!$I$70:$I$81,MATCH(AP27,'Assumptions & Ref'!$I$70:$I$81,1))=AP27,MATCH(AP27,'Assumptions & Ref'!$I$70:$I$81,1),MIN(MATCH(AP27,'Assumptions & Ref'!$I$70:$I$81,1)+1,12))),INDEX('Assumptions & Ref'!$K$70:$K$81,1)))) | AS27: =IF($C27="","",AP27+2*AR27) | AT27: =IF($C27="","",INDEX($C$5:$G$5,MATCH(J27,$C$4:$G$4,0))) | AU27: =IF($C27="","",TRUNC(AS27+1)) | AV27: =IF($C27="","",((E27*AC27*IF(C27=3.5,3,C27))+(AG27*AC27*IF(C27=3.5,1,0)))*(1+'Assumptions & Ref'!$C$22)) | AW27: =IF($C27="","",IF(C27=3.5,(PI()*(AE27^2-AB27^2)/4*AF27*3)+(PI()*(AJ27^2-AH27^2)/4*AF27),PI()*(AE27^2-AB27^2)/4*AF27*C27)*(1+'Assumptions & Ref'!$C$22)) | AX27: =IF($C27="","",PI()*(AM27^2-AK27^2)/4*AN27*(1+'Assumptions & Ref'!$C$22)) | AY27: =IF($C27="","",PI()*(AS27^2-AP27^2)/4*AT27*(1+'Assumptions & Ref'!$C$22)) | AZ27: =IF($C27="","",PI()*(AP27^2-AM27^2)/4*AQ27*(1+'Assumptions & Ref'!$C$22)) | BA27: =IF($C27="","",AV27*INDEX($C$6:$G$6,MATCH(F27,$C$4:$G$4,0))+IF(G27="XLPE",AW27*INDEX($C$6:$G$6,MATCH("XLPE",$C$4:$G$4,0)),0)+IF(G27="PVC",(AW27+AX27+AY27)*INDEX($C$6:$G$6,MATCH("PVC",$C$4:$G$4,0)),(AX27+AY27)*INDEX($C$6:$G$6,MATCH("PVC",$C$4:$G$4,0)))+IF(I27="Unarmored",0,IF(OR(I27="Aluminium Flat Strip",I27="Aluminium Round Wired"),AZ27*INDEX($C$6:$G$6,MATCH("Aluminium",$C$4:$G$4,0)),AZ27*INDEX($C$6:$G$6,MATCH("Steel Wire",$C$4:$G$4,0))))) | BB27: =IF($C27="","",IF(K27="Y",'Assumptions & Ref'!$C$40,0)+IF(L27="Y",'Assumptions & Ref'!$C$41,0)+IF(M27="Y",'Assumptions & Ref'!$C$42,0)+IF(N27="Y",'Assumptions & Ref'!$C$43,0)+IF(O27="Y",'Assumptions & Ref'!$C$44,0)+IF(P27="Y",'Assumptions & Ref'!$C$45,0)+IF(Q27="Y",'Assumptions & Ref'!$C$46,0)+IF(R27="Y",'Assumptions & Ref'!$C$47,0)+IF(S27="Y",'Assumptions & Ref'!$C$48,0)+IF(T27="Y",'Assumptions & Ref'!$C$49,0)) | BC27: =IF($C27="","",(IF($F27="Aluminium",'Assumptions & Ref'!$D$17,'Assumptions & Ref'!$C$17)+IF($F27="Aluminium",'Assumptions & Ref'!$D$18,'Assumptions & Ref'!$C$18)+IF($F27="Aluminium",'Assumptions & Ref'!$D$19,'Assumptions & Ref'!$C$19)+IF($F27="Aluminium",'Assumptions & Ref'!$D$20,'Assumptions & Ref'!$C$20))/IF($F27="Aluminium",'Assumptions & Ref'!$D$16,'Assumptions & Ref'!$C$16)) | BD27: =IF($C27="","",(IF($F27="Aluminium",'Assumptions & Ref'!$F$17,'Assumptions & Ref'!$E$17)+IF($F27="Aluminium",'Assumptions & Ref'!$F$18,'Assumptions & Ref'!$E$18)+IF($F27="Aluminium",'Assumptions & Ref'!$F$19,'Assumptions & Ref'!$E$19)+IF($F27="Aluminium",'Assumptions & Ref'!$F$20,'Assumptions & Ref'!$E$20))/IF($F27="Aluminium",'Assumptions & Ref'!$F$16,'Assumptions & Ref'!$E$16)) | BE27: =IF($C27="","",BA27*(1+BC27)) | BF27: =IF($C27="","",BA27*(1+BD27)) | BG27: =IF($C27="","",BE27*(1+BB27)*(1+IF($F27="Aluminium",'Assumptions & Ref'!$D$21,'Assumptions & Ref'!$C$21))) | BH27: =IF($C27="","",BF27*(1+BB27)*(1+IF($F27="Aluminium",'Assumptions & Ref'!$F$21,'Assumptions & Ref'!$E$21)))
... U33: =IF($C33="","",MIN(BG33,BH33)) | V33: =IF($C33="","",MAX(BG33,BH33)) | W33: =IF($C33="","",BA33) | X33: =IF($C33="","",AU33) | Y33: =IF($C33="","",IF(F33="Copper",AV33,0)) | AA33: =IF($C33="","",IF(D33="Sector shaped",360/C33,360)) | AB33: =IF($C33="","",SQRT(E33*(360/AA33)/PI())*2) | AC33: =IF($C33="","",INDEX($C$5:$G$5,MATCH(F33,$C$4:$G$4,0))) | AD33: =IF($C33="","",IF(AND(C33=1,I33="Unarmored"),INDEX('Assumptions & Ref'!$C$70:$C$90,MATCH(E33,'Assumptions & Ref'!$B$70:$B$90,0)),INDEX('Assumptions & Ref'!$D$70:$D$90,MATCH(E33,'Assumptions & Ref'!$B$70:$B$90,0)))) | AE33: =IF($C33="","",IF(D33="Circular",AB33+2*AD33,AB33+4*AD33)) | AF33: =IF($C33="","",INDEX($C$5:$G$5,MATCH(G33,$C$4:$G$4,0))) | AG33: =IF($C33="","",IF(C33=3.5,IFERROR(INDEX('Assumptions & Ref'!$G$93:$G$105,MATCH(E33,'Assumptions & Ref'!$F$93:$F$105,0)),0),0)) | AH33: =IF($C33="","",IF(C33=3.5,SQRT(AG33/PI())*2,0)) | AI33: =IF($C33="","",IF(C33=3.5,IFERROR(INDEX('Assumptions & Ref'!$D$70:$D$90,MATCH(AG33,'Assumptions & Ref'!$B$70:$B$90,0)),0),0)) | AJ33: =IF($C33="","",AH33+2*AI33) | AK33: =IF($C33="","",ROUND(IF(C33=1,AE33,IF(C33=2,2*AE33,IF(C33=3,2.16*AE33,IF(C33=3.5,2.42*(3*AE33+AJ33)/4,IF(C33=4,2.42*AE33,0))))),1)) | AL33: =IF($C33="","",IFERROR(INDEX('Assumptions & Ref'!$G$70:$G$74,IF(INDEX('Assumptions & Ref'!$F$70:$F$74,MATCH(AK33,'Assumptions & Ref'!$F$70:$F$74,1))=AK33,MATCH(AK33,'Assumptions & Ref'!$F$70:$F$74,1),MIN(MATCH(AK33,'Assumptions & Ref'!$F$70:$F$74,1)+1,5))),INDEX('Assumptions & Ref'!$G$70:$G$74,1))) | AM33: =IF($C33="","",AK33+2*AL33) | AN33: =IF($C33="","",INDEX($C$5:$G$5,MATCH(H33,$C$4:$G$4,0))) | AO33: =IF($C33="","",IF(I33="Unarmored",0,IF(OR(I33="Galvanised steel flat strip",I33="Aluminium Flat Strip"),IFERROR(INDEX('Assumptions & Ref'!$C$93:$C$98,IF(INDEX('Assumptions & Ref'!$B$93:$B$98,MATCH(AM33,'Assumptions & Ref'!$B$93:$B$98,1))=AM33,MATCH(AM33,'Assumptions & Ref'!$B$93:$B$98,1),MIN(MATCH(AM33,'Assumptions & Ref'!$B$93:$B$98,1)+1,6))),INDEX('Assumptions & Ref'!$C$93:$C$98,1)),IFERROR(INDEX('Assumptions & Ref'!$D$93:$D$98,IF(INDEX('Assumptions & Ref'!$B$93:$B$98,MATCH(AM33,'Assumptions & Ref'!$B$93:$B$98,1))=AM33,MATCH(AM33,'Assumptions & Ref'!$B$93:$B$98,1),MIN(MATCH(AM33,'Assumptions & Ref'!$B$93:$B$98,1)+1,6))),INDEX('Assumptions & Ref'!$D$93:$D$98,1))))) | AP33: =IF($C33="","",AM33+2*AO33) | AQ33: =IF($C33="","",IF(I33="Unarmored",0,IF(OR(I33="Aluminium Flat Strip",I33="Aluminium Round Wired"),INDEX($C$5:$G$5,MATCH("Aluminium",$C$4:$G$4,0)),INDEX($C$5:$G$5,MATCH("Steel Wire",$C$4:$G$4,0))))) | AR33: =IF($C33="","",IF(I33="Unarmored",IFERROR(INDEX('Assumptions & Ref'!$J$70:$J$81,IF(INDEX('Assumptions & Ref'!$I$70:$I$81,MATCH(AP33,'Assumptions & Ref'!$I$70:$I$81,1))=AP33,MATCH(AP33,'Assumptions & Ref'!$I$70:$I$81,1),MIN(MATCH(AP33,'Assumptions & Ref'!$I$70:$I$81,1)+1,12))),INDEX('Assumptions & Ref'!$J$70:$J$81,1)),IFERROR(INDEX('Assumptions & Ref'!$K$70:$K$81,IF(INDEX('Assumptions & Ref'!$I$70:$I$81,MATCH(AP33,'Assumptions & Ref'!$I$70:$I$81,1))=AP33,MATCH(AP33,'Assumptions & Ref'!$I$70:$I$81,1),MIN(MATCH(AP33,'Assumptions & Ref'!$I$70:$I$81,1)+1,12))),INDEX('Assumptions & Ref'!$K$70:$K$81,1)))) | AS33: =IF($C33="","",AP33+2*AR33) | AT33: =IF($C33="","",INDEX($C$5:$G$5,MATCH(J33,$C$4:$G$4,0))) | AU33: =IF($C33="","",TRUNC(AS33+1)) | AV33: =IF($C33="","",((E33*AC33*IF(C33=3.5,3,C33))+(AG33*AC33*IF(C33=3.5,1,0)))*(1+'Assumptions & Ref'!$C$22)) | AW33: =IF($C33="","",IF(C33=3.5,(PI()*(AE33^2-AB33^2)/4*AF33*3)+(PI()*(AJ33^2-AH33^2)/4*AF33),PI()*(AE33^2-AB33^2)/4*AF33*C33)*(1+'Assumptions & Ref'!$C$22)) | AX33: =IF($C33="","",PI()*(AM33^2-AK33^2)/4*AN33*(1+'Assumptions & Ref'!$C$22)) | AY33: =IF($C33="","",PI()*(AS33^2-AP33^2)/4*AT33*(1+'Assumptions & Ref'!$C$22)) | AZ33: =IF($C33="","",PI()*(AP33^2-AM33^2)/4*AQ33*(1+'Assumptions & Ref'!$C$22)) | BA33: =IF($C33="","",AV33*INDEX($C$6:$G$6,MATCH(F33,$C$4:$G$4,0))+IF(G33="XLPE",AW33*INDEX($C$6:$G$6,MATCH("XLPE",$C$4:$G$4,0)),0)+IF(G33="PVC",(AW33+AX33+AY33)*INDEX($C$6:$G$6,MATCH("PVC",$C$4:$G$4,0)),(AX33+AY33)*INDEX($C$6:$G$6,MATCH("PVC",$C$4:$G$4,0)))+IF(I33="Unarmored",0,IF(OR(I33="Aluminium Flat Strip",I33="Aluminium Round Wired"),AZ33*INDEX($C$6:$G$6,MATCH("Aluminium",$C$4:$G$4,0)),AZ33*INDEX($C$6:$G$6,MATCH("Steel Wire",$C$4:$G$4,0))))) | BB33: =IF($C33="","",IF(K33="Y",'Assumptions & Ref'!$C$40,0)+IF(L33="Y",'Assumptions & Ref'!$C$41,0)+IF(M33="Y",'Assumptions & Ref'!$C$42,0)+IF(N33="Y",'Assumptions & Ref'!$C$43,0)+IF(O33="Y",'Assumptions & Ref'!$C$44,0)+IF(P33="Y",'Assumptions & Ref'!$C$45,0)+IF(Q33="Y",'Assumptions & Ref'!$C$46,0)+IF(R33="Y",'Assumptions & Ref'!$C$47,0)+IF(S33="Y",'Assumptions & Ref'!$C$48,0)+IF(T33="Y",'Assumptions & Ref'!$C$49,0)) | BC33: =IF($C33="","",(IF($F33="Aluminium",'Assumptions & Ref'!$D$17,'Assumptions & Ref'!$C$17)+IF($F33="Aluminium",'Assumptions & Ref'!$D$18,'Assumptions & Ref'!$C$18)+IF($F33="Aluminium",'Assumptions & Ref'!$D$19,'Assumptions & Ref'!$C$19)+IF($F33="Aluminium",'Assumptions & Ref'!$D$20,'Assumptions & Ref'!$C$20))/IF($F33="Aluminium",'Assumptions & Ref'!$D$16,'Assumptions & Ref'!$C$16)) | BD33: =IF($C33="","",(IF($F33="Aluminium",'Assumptions & Ref'!$F$17,'Assumptions & Ref'!$E$17)+IF($F33="Aluminium",'Assumptions & Ref'!$F$18,'Assumptions & Ref'!$E$18)+IF($F33="Aluminium",'Assumptions & Ref'!$F$19,'Assumptions & Ref'!$E$19)+IF($F33="Aluminium",'Assumptions & Ref'!$F$20,'Assumptions & Ref'!$E$20))/IF($F33="Aluminium",'Assumptions & Ref'!$F$16,'Assumptions & Ref'!$E$16)) | BE33: =IF($C33="","",BA33*(1+BC33)) | BF33: =IF($C33="","",BA33*(1+BD33)) | BG33: =IF($C33="","",BE33*(1+BB33)*(1+IF($F33="Aluminium",'Assumptions & Ref'!$D$21,'Assumptions & Ref'!$C$21))) | BH33: =IF($C33="","",BF33*(1+BB33)*(1+IF($F33="Aluminium",'Assumptions & Ref'!$F$21,'Assumptions & Ref'!$E$21)))

Sheet HT Batch Calculator
B1: HT POWER CABLE — BATCH SHOULD-COST CALCULATOR
B3: Refresh prices: | C3: https://liveindex.org/mcx-copper/ | D3: https://economictimes.indiatimes.com/commoditysummary/symbol-ALUMINIUM.cms | E3: https://www.plastemart.com/polymer-pricelist/hdpe-reliance-deem-export/2/41 | F3: https://plastemart.com/polymer-pricelist/pvc-reliance/7/9 | G3: https://steel.gov.in/monthly-summery
B4: MATERIAL MASTER | C4: Copper | D4: Aluminium | E4: XLPE | F4: PVC | G4: Steel Wire
B5: Density (g/cm³) | C5: 8.94 | D5: 2.63 | E5: 0.93 | F5: 1.35 | G5: 7.76 | I5: Edit density and price directly in these yellow cells; every row on this sheet updates instantly.
B6: Price (Rs/kg) | C6: 1345 | D6: 348 | E6: 118 | F6: 101 | G6: 68
L7: SPECIAL CONSTRUCTION (Y / N)
B8: Configuration label | C8: No. of cores | D8: Shape | E8: Size (sqmm) | F8: Conductor | G8: Voltage | H8: Insulation | I8: Inner sheath | J8: Armour | K8: Outer sheath | L8: FRLS inner | M8: FRLS outer | N8: LSZH inner | O8: LSZH outer | P8: Oxygen Index | Q8: Extr PVC inner | R8: Press extr PVC inner | S8: SELLING LOW Rs/km | T8: SELLING HIGH Rs/km | U8: Material cost Rs/km | V8: Approx OD mm | W8: Copper weight kg/km | X8: Metallic screen kg/km | Y8: Conductor screen kg/km | Z8: Insulation screen kg/km | AB8: cond angle | AC8: cond angle2 | AD8: cond dia | AE8: cond dens | AF8: main ins thk | AG8: dia/ins | AH8: ins dens | AI8: neut area | AJ8: neut dia | AK8: neut ins thk | AL8: neut core dia | AM8: laid-up dia | AN8: inner thk | AO8: dia/inner | AP8: inner dens | AQ8: armour thk | AR8: dia/armour | AS8: armour dens | AT8: outer thk | AU8: dia/outer | AV8: outer dens | AW8: approx OD | AX8: cond scr wt | AY8: ins scr wt | AZ8: metallic wt | BA8: wt cond | BB8: wt ins | BC8: wt inner | BD8: wt outer | BE8: wt armour | BF8: mat cost | BG8: special % | BH8: load S1 | BI8: load S2 | BJ8: total S1 | BK8: total S2 | BL8: selling S1 | BM8: selling S2
B9: 3.5C x 300 Al 11kV (parity check) | C9: 3.5 | D9: Circular | E9: 300 | F9: Aluminium | G9: 11kV | H9: XLPE | I9: PVC | J9: Galvanised steel flat strip | K9: PVC | L9: N | M9: N | N9: N | O9: N | P9: N | Q9: N | R9: N | S9: =IF($C9="","",MIN(BL9,BM9)) -> 2108267.6 | T9: =IF($C9="","",MAX(BL9,BM9)) -> 2261782.2 | U9: =IF($C9="","",BF9) -> 1739832.5 | V9: =IF($C9="","",AW9) -> 79 | W9: =IF($C9="","",IF(F9="Copper",BA9,0)+AZ9*(1+'Assumptions & Ref'!$C$34)) -> 268.20987 | X9: =IF($C9="","",AZ9*(1+'Assumptions & Ref'!$C$34)) -> 268.20987 | Y9: =IF($C9="","",AX9*(1+'Assumptions & Ref'!$C$35)) -> 17.943298 | Z9: =IF($C9="","",AY9*(1+'Assumptions & Ref'!$C$35)) -> 27.889643 | AB9: =IF($C9="","",IF(D9="Sector shaped",360/C9,360)) -> 360 | AC9: =IF($C9="","",IF(D9="Sector shaped",360-AB9*3,0)) -> 0 | AD9: =IF($C9="","",SQRT(E9*(360/AB9)/PI())*2) -> 19.5441 | AE9: =IF($C9="","",INDEX($C$5:$G$5,MATCH(F9,$C$4:$G$4,0))) -> 2.63 | AF9: =IF($C9="","",IFERROR(IF($G9="33kV",INDEX('Assumptions & Ref'!$H$109:$H$122,MATCH(E9,'Assumptions & Ref'!$B$109:$B$122,1)),IF($G9="22kV",INDEX('Assumptions & Ref'!$G$109:$G$122,MATCH(E9,'Assumptions & Ref'!$B$109:$B$122,1)),IF($G9="11kV",INDEX('Assumptions & Ref'!$F$109:$F$122,MATCH(E9,'Assumptions & Ref'!$B$109:$B$122,1)),IF($G9="6.6kV",INDEX('Assumptions & Ref'!$D$109:$D$122,MATCH(E9,'Assumptions & Ref'!$B$109:$B$122,1)),INDEX('Assumptions & Ref'!$C$109:$C$122,MATCH(E9,'Assumptions & Ref'!$B$109:$B$122,1)))))),INDEX('Assumptions & Ref'!$C$109:$C$122,1))) -> 5.5 | AG9: =IF($C9="","",IF(D9="Circular",AD9+2*AF9,AD9+4*AF9)) -> 30.5441 | AH9: =IF($C9="","",INDEX($C$5:$G$5,MATCH(H9,$C$4:$G$4,0))) -> 0.93 | AI9: =IF($C9="","",IF(C9=3.5,IFERROR(INDEX('Assumptions & Ref'!$G$93:$G$105,MATCH(E9,'Assumptions & Ref'!$F$93:$F$105,0)),0),0)) -> 150 | AJ9: =IF($C9="","",IF(C9=3.5,SQRT(AI9/PI())*2,0)) -> 13.819766 | AK9: =IF($C9="","",IF(C9=3.5,IFERROR(IF($G9="33kV",INDEX('Assumptions & Ref'!$H$109:$H$122,MATCH(AI9,'Assumptions & Ref'!$B$109:$B$122,1)),IF($G9="22kV",INDEX('Assumptions & Ref'!$G$109:$G$122,MATCH(AI9,'Assumptions & Ref'!$B$109:$B$122,1)),IF($G9="11kV",INDEX('Assumptions & Ref'!$E$109:$E$122,MATCH(AI9,'Assumptions & Ref'!$B$109:$B$122,1)),IF($G9="6.6kV",INDEX('Assumptions & Ref'!$D$109:$D$122,MATCH(AI9,'Assumptions & Ref'!$B$109:$B$122,1)),INDEX('Assumptions & Ref'!$C$109:$C$122,MATCH(AI9,'Assumptions & Ref'!$B$109:$B$122,1)))))),0),0)) -> 3.6 | AL9: =IF($C9="","",AJ9+2*AK9) -> 21.019766 | AM9: =IF($C9="","",ROUND(IF(C9=1,AG9,IF(C9=2,2*AG9,IF(C9=3,2.16*AG9,IF(C9=3.5,2.42*(3*AG9+AL9)/4,IF(C9=4,2.42*AG9,0))))),1)) -> 68.2 | AN9: =IF($C9="","",IFERROR(INDEX('Assumptions & Ref'!$C$126:$C$130,MATCH(AM9,'Assumptions & Ref'!$B$126:$B$130,1)),INDEX('Assumptions & Ref'!$C$126:$C$130,1))) -> 0.7 | AO9: =IF($C9="","",AM9+2*AN9) -> 69.6 | AP9: =IF($C9="","",INDEX($C$5:$G$5,MATCH(I9,$C$4:$G$4,0))) -> 1.35 | AQ9: =IF($C9="","",IF(J9="Unarmored",0,IF(OR(J9="Galvanised steel flat strip",J9="Aluminium Flat Strip"),IFERROR(INDEX('Assumptions & Ref'!$F$126:$F$131,MATCH(AO9,'Assumptions & Ref'!$E$126:$E$131,1)),INDEX('Assumptions & Ref'!$F$126:$F$131,1)),IFERROR(INDEX('Assumptions & Ref'!$G$126:$G$131,MATCH(AO9,'Assumptions & Ref'!$E$126:$E$131,1)),INDEX('Assumptions & Ref'!$G$126:$G$131,1))))) -> 1.4 | AR9: =IF($C9="","",AO9+2*AQ9) -> 72.4 | AS9: =IF($C9="","",IF(J9="Unarmored",0,IF(OR(J9="Aluminium Flat Strip",J9="Aluminium Round Wired"),INDEX($C$5:$G$5,MATCH("Aluminium",$C$4:$G$4,0)),7.86))) -> 7.86 | AT9: =IF($C9="","",IFERROR(INDEX('Assumptions & Ref'!$J$126:$J$136,MATCH(AR9,'Assumptions & Ref'!$I$126:$I$136,1)),INDEX('Assumptions & Ref'!$J$126:$J$136,1))) -> 2.84 | AU9: =IF($C9="","",AR9+2*AT9) -> 78.08 | AV9: =IF($C9="","",INDEX($C$5:$G$5,MATCH(K9,$C$4:$G$4,0))) -> 1.35 | AW9: =IF($C9="","",TRUNC(AU9+1)) -> 79 | AX9: =IF($C9="","",PI()*((AD9+2*'Assumptions & Ref'!$C$63)^2-AD9^2)/4*'Assumptions & Ref'!$C$62) -> 17.505656 | AY9: =IF($C9="","",PI()*((AG9+2*'Assumptions & Ref'!$C$64)^2-AG9^2)/4*'Assumptions & Ref'!$C$62) -> 27.209408 | AZ9: =IF($C9="","",(AU9-'Assumptions & Ref'!$C$65)*PI()*('Assumptions & Ref'!$C$65*'Assumptions & Ref'!$C$66)*INDEX($C$5:$G$5,MATCH("Copper",$C$4:$G$4,0))) -> 262.95085 | BA9: =IF($C9="","",((E9*AE9*IF(C9=3.5,3,C9))+(AI9*AE9*IF(C9=3.5,1,0)))*(1+'Assumptions & Ref'!$C$33)) -> 2789.115 | BB9: =IF($C9="","",IF(C9=3.5,((AB9/360)*PI()*(AG9^2-AD9^2)/4*AH9*3)+((AC9/360)*PI()*(AL9^2-AJ9^2)/4*AH9),(AB9/360)*PI()*(AG9^2-AD9^2)/4*AH9*C9)*(1+'Assumptions & Ref'!$C$33)) -> 1219.3927 | BC9: =IF($C9="","",PI()*(AO9^2-AM9^2)/4*AP9*(1+'Assumptions & Ref'!$C$33)) -> 206.59618 | BD9: =IF($C9="","",PI()*(AW9^2-AU9^2)/4*AV9*(1+'Assumptions & Ref'!$C$33)) -> 154.75823 | BE9: =IF($C9="","",PI()*(AR9^2-AO9^2)/4*AS9*(1+'Assumptions & Ref'!$C$33)) -> 2479.0208 | BF9: =IF($C9="","",BA9*INDEX($C$6:$G$6,MATCH(F9,$C$4:$G$4,0))+IF(H9="XLPE",BB9*INDEX($C$6:$G$6,MATCH("XLPE",$C$4:$G$4,0)),0)+IF(H9="PVC",(BB9+BC9+BD9)*INDEX($C$6:$G$6,MATCH("PVC",$C$4:$G$4,0)),(BC9+BD9)*INDEX($C$6:$G$6,MATCH("PVC",$C$4:$G$4,0)))+IF(J9="Unarmored",0,IF(OR(J9="Aluminium Flat Strip",J9="Aluminium Round Wired"),BE9*INDEX($C$6:$G$6,MATCH("Aluminium",$C$4:$G$4,0)),BE9*INDEX($C$6:$G$6,MATCH("Steel Wire",$C$4:$G$4,0))))+AZ9*(1+'Assumptions & Ref'!$C$34)*INDEX($C$6:$G$6,MATCH("Copper",$C$4:$G$4,0))*'Assumptions & Ref'!$C$67+AX9*(1+'Assumptions & Ref'!$C$35)*INDEX($C$6:$G$6,MATCH("XLPE",$C$4:$G$4,0))+AY9*(1+'Assumptions & Ref'!$C$35)*INDEX($C$6:$G$6,MATCH("XLPE",$C$4:$G$4,0))) -> 1739832.5 | BG9: =IF($C9="","",IF(L9="Y",'Assumptions & Ref'!$C$53,0)+IF(M9="Y",'Assumptions & Ref'!$C$54,0)+IF(N9="Y",'Assumptions & Ref'!$C$55,0)+IF(O9="Y",'Assumptions & Ref'!$C$56,0)+IF(P9="Y",'Assumptions & Ref'!$C$57,0)+IF(Q9="Y",'Assumptions & Ref'!$C$58,0)+IF(R9="Y",'Assumptions & Ref'!$C$59,0)) -> 0 | BH9: =IF($C9="","",(IF($F9="Aluminium",'Assumptions & Ref'!$D$28,'Assumptions & Ref'!$C$28)+IF($F9="Aluminium",'Assumptions & Ref'!$D$29,'Assumptions & Ref'!$C$29)+IF($F9="Aluminium",'Assumptions & Ref'!$D$30,'Assumptions & Ref'!$C$30)+IF($F9="Aluminium",'Assumptions & Ref'!$D$31,'Assumptions & Ref'!$C$31))/IF($F9="Aluminium",'Assumptions & Ref'!$D$27,'Assumptions & Ref'!$C$27)) -> 0.25 | BI9: =IF($C9="","",(IF($F9="Aluminium",'Assumptions & Ref'!$F$28,'Assumptions & Ref'!$E$28)+IF($F9="Aluminium",'Assumptions & Ref'!$F$29,'Assumptions & Ref'!$E$29)+IF($F9="Aluminium",'Assumptions & Ref'!$F$30,'Assumptions & Ref'!$E$30)+IF($F9="Aluminium",'Assumptions & Ref'!$F$31,'Assumptions & Ref'!$E$31))/IF($F9="Aluminium",'Assumptions & Ref'!$F$27,'Assumptions & Ref'!$E$27)) -> 0.17647059 | BJ9: =IF($C9="","",BF9*(1+BH9)) -> 2174790.6 | BK9: =IF($C9="","",BF9*(1+BI9)) -> 2046861.7 | BL9: =IF($C9="","",BJ9*(1+BG9)*(1+IF($F9="Aluminium",'Assumptions & Ref'!$D$31,'Assumptions & Ref'!$C$31))) -> 2261782.2 | BM9: =IF($C9="","",BK9*(1+BG9)*(1+IF($F9="Aluminium",'Assumptions & Ref'!$F$31,'Assumptions & Ref'!$E$31))) -> 2108267.6
B10: 3C x 240 Al 11kV armoured | C10: 3 | D10: Circular | E10: 240 | F10: Aluminium | G10: 11kV | H10: XLPE | I10: PVC | J10: Galvanised steel round wire | K10: PVC | L10: N | M10: N | N10: N | O10: N | P10: N | Q10: N | R10: N | S10: =IF($C10="","",MIN(BL10,BM10)) -> 1915740.8 | T10: =IF($C10="","",MAX(BL10,BM10)) -> 2055236.5 | U10: =IF($C10="","",BF10) -> 1580951.1 | V10: =IF($C10="","",AW10) -> 75 | W10: =IF($C10="","",IF(F10="Copper",BA10,0)+AZ10*(1+'Assumptions & Ref'!$C$34)) -> 255.00908 | X10: =IF($C10="","",AZ10*(1+'Assumptions & Ref'!$C$34)) -> 255.00908 | Y10: =IF($C10="","",AX10*(1+'Assumptions & Ref'!$C$35)) -> 16.077611 | Z10: =IF($C10="","",AY10*(1+'Assumptions & Ref'!$C$35)) -> 26.023956 | AB10: =IF($C10="","",IF(D10="Sector shaped",360/C10,360)) -> 360 | AC10: =IF($C10="","",IF(D10="Sector shaped",360-AB10*3,0)) -> 0 | AD10: =IF($C10="","",SQRT(E10*(360/AB10)/PI())*2) -> 17.480775 | AE10: =IF($C10="","",INDEX($C$5:$G$5,MATCH(F10,$C$4:$G$4,0))) -> 2.63 | AF10: =IF($C10="","",IFERROR(IF($G10="33kV",INDEX('Assumptions & Ref'!$H$109:$H$122,MATCH(E10,'Assumptions & Ref'!$B$109:$B$122,1)),IF($G10="22kV",INDEX('Assumptions & Ref'!$G$109:$G$122,MATCH(E10,'Assumptions & Ref'!$B$109:$B$122,1)),IF($G10="11kV",INDEX('Assumptions & Ref'!$F$109:$F$122,MATCH(E10,'Assumptions & Ref'!$B$109:$B$122,1)),IF($G10="6.6kV",INDEX('Assumptions & Ref'!$D$109:$D$122,MATCH(E10,'Assumptions & Ref'!$B$109:$B$122,1)),INDEX('Assumptions & Ref'!$C$109:$C$122,MATCH(E10,'Assumptions & Ref'!$B$109:$B$122,1)))))),INDEX('Assumptions & Ref'!$C$109:$C$122,1))) -> 5.5 | AG10: =IF($C10="","",IF(D10="Circular",AD10+2*AF10,AD10+4*AF10)) -> 28.480775 | AH10: =IF($C10="","",INDEX($C$5:$G$5,MATCH(H10,$C$4:$G$4,0))) -> 0.93 | AI10: =IF($C10="","",IF(C10=3.5,IFERROR(INDEX('Assumptions & Ref'!$G$93:$G$105,MATCH(E10,'Assumptions & Ref'!$F$93:$F$105,0)),0),0)) -> 0 | AJ10: =IF($C10="","",IF(C10=3.5,SQRT(AI10/PI())*2,0)) -> 0 | AK10: =IF($C10="","",IF(C10=3.5,IFERROR(IF($G10="33kV",INDEX('Assumptions & Ref'!$H$109:$H$122,MATCH(AI10,'Assumptions & Ref'!$B$109:$B$122,1)),IF($G10="22kV",INDEX('Assumptions & Ref'!$G$109:$G$122,MATCH(AI10,'Assumptions & Ref'!$B$109:$B$122,1)),IF($G10="11kV",INDEX('Assumptions & Ref'!$E$109:$E$122,MATCH(AI10,'Assumptions & Ref'!$B$109:$B$122,1)),IF($G10="6.6kV",INDEX('Assumptions & Ref'!$D$109:$D$122,MATCH(AI10,'Assumptions & Ref'!$B$109:$B$122,1)),INDEX('Assumptions & Ref'!$C$109:$C$122,MATCH(AI10,'Assumptions & Ref'!$B$109:$B$122,1)))))),0),0)) -> 0 | AL10: =IF($C10="","",AJ10+2*AK10) -> 0 | AM10: =IF($C10="","",ROUND(IF(C10=1,AG10,IF(C10=2,2*AG10,IF(C10=3,2.16*AG10,IF(C10=3.5,2.42*(3*AG10+AL10)/4,IF(C10=4,2.42*AG10,0))))),1)) -> 61.5 | AN10: =IF($C10="","",IFERROR(INDEX('Assumptions & Ref'!$C$126:$C$130,MATCH(AM10,'Assumptions & Ref'!$B$126:$B$130,1)),INDEX('Assumptions & Ref'!$C$126:$C$130,1))) -> 0.7 | AO10: =IF($C10="","",AM10+2*AN10) -> 62.9 | AP10: =IF($C10="","",INDEX($C$5:$G$5,MATCH(I10,$C$4:$G$4,0))) -> 1.35 | AQ10: =IF($C10="","",IF(J10="Unarmored",0,IF(OR(J10="Galvanised steel flat strip",J10="Aluminium Flat Strip"),IFERROR(INDEX('Assumptions & Ref'!$F$126:$F$131,MATCH(AO10,'Assumptions & Ref'!$E$126:$E$131,1)),INDEX('Assumptions & Ref'!$F$126:$F$131,1)),IFERROR(INDEX('Assumptions & Ref'!$G$126:$G$131,MATCH(AO10,'Assumptions & Ref'!$E$126:$E$131,1)),INDEX('Assumptions & Ref'!$G$126:$G$131,1))))) -> 3.15 | AR10: =IF($C10="","",AO10+2*AQ10) -> 69.2 | AS10: =IF($C10="","",IF(J10="Unarmored",0,IF(OR(J10="Aluminium Flat Strip",J10="Aluminium Round Wired"),INDEX($C$5:$G$5,MATCH("Aluminium",$C$4:$G$4,0)),7.86))) -> 7.86 | AT10: =IF($C10="","",IFERROR(INDEX('Assumptions & Ref'!$J$126:$J$136,MATCH(AR10,'Assumptions & Ref'!$I$126:$I$136,1)),INDEX('Assumptions & Ref'!$J$126:$J$136,1))) -> 2.52 | AU10: =IF($C10="","",AR10+2*AT10) -> 74.24 | AV10: =IF($C10="","",INDEX($C$5:$G$5,MATCH(K10,$C$4:$G$4,0))) -> 1.35 | AW10: =IF($C10="","",TRUNC(AU10+1)) -> 75 | AX10: =IF($C10="","",PI()*((AD10+2*'Assumptions & Ref'!$C$63)^2-AD10^2)/4*'Assumptions & Ref'!$C$62) -> 15.685474 | AY10: =IF($C10="","",PI()*((AG10+2*'Assumptions & Ref'!$C$64)^2-AG10^2)/4*'Assumptions & Ref'!$C$62) -> 25.389226 | AZ10: =IF($C10="","",(AU10-'Assumptions & Ref'!$C$65)*PI()*('Assumptions & Ref'!$C$65*'Assumptions & Ref'!$C$66)*INDEX($C$5:$G$5,MATCH("Copper",$C$4:$G$4,0))) -> 250.0089 | BA10: =IF($C10="","",((E10*AE10*IF(C10=3.5,3,C10))+(AI10*AE10*IF(C10=3.5,1,0)))*(1+'Assumptions & Ref'!$C$33)) -> 1912.536 | BB10: =IF($C10="","",IF(C10=3.5,((AB10/360)*PI()*(AG10^2-AD10^2)/4*AH10*3)+((AC10/360)*PI()*(AL10^2-AJ10^2)/4*AH10),(AB10/360)*PI()*(AG10^2-AD10^2)/4*AH10*C10)*(1+'Assumptions & Ref'!$C$33)) -> 1118.9297 | BC10: =IF($C10="","",PI()*(AO10^2-AM10^2)/4*AP10*(1+'Assumptions & Ref'!$C$33)) -> 186.50627 | BD10: =IF($C10="","",PI()*(AW10^2-AU10^2)/4*AV10*(1+'Assumptions & Ref'!$C$33)) -> 121.46296 | BE10: =IF($C10="","",PI()*(AR10^2-AO10^2)/4*AS10*(1+'Assumptions & Ref'!$C$33)) -> 5188.9223 | BF10: =IF($C10="","",BA10*INDEX($C$6:$G$6,MATCH(F10,$C$4:$G$4,0))+IF(H10="XLPE",BB10*INDEX($C$6:$G$6,MATCH("XLPE",$C$4:$G$4,0)),0)+IF(H10="PVC",(BB10+BC10+BD10)*INDEX($C$6:$G$6,MATCH("PVC",$C$4:$G$4,0)),(BC10+BD10)*INDEX($C$6:$G$6,MATCH("PVC",$C$4:$G$4,0)))+IF(J10="Unarmored",0,IF(OR(J10="Aluminium Flat Strip",J10="Aluminium Round Wired"),BE10*INDEX($C$6:$G$6,MATCH("Aluminium",$C$4:$G$4,0)),BE10*INDEX($C$6:$G$6,MATCH("Steel Wire",$C$4:$G$4,0))))+AZ10*(1+'Assumptions & Ref'!$C$34)*INDEX($C$6:$G$6,MATCH("Copper",$C$4:$G$4,0))*'Assumptions & Ref'!$C$67+AX10*(1+'Assumptions & Ref'!$C$35)*INDEX($C$6:$G$6,MATCH("XLPE",$C$4:$G$4,0))+AY10*(1+'Assumptions & Ref'!$C$35)*INDEX($C$6:$G$6,MATCH("XLPE",$C$4:$G$4,0))) -> 1580951.1 | BG10: =IF($C10="","",IF(L10="Y",'Assumptions & Ref'!$C$53,0)+IF(M10="Y",'Assumptions & Ref'!$C$54,0)+IF(N10="Y",'Assumptions & Ref'!$C$55,0)+IF(O10="Y",'Assumptions & Ref'!$C$56,0)+IF(P10="Y",'Assumptions & Ref'!$C$57,0)+IF(Q10="Y",'Assumptions & Ref'!$C$58,0)+IF(R10="Y",'Assumptions & Ref'!$C$59,0)) -> 0 | BH10: =IF($C10="","",(IF($F10="Aluminium",'Assumptions & Ref'!$D$28,'Assumptions & Ref'!$C$28)+IF($F10="Aluminium",'Assumptions & Ref'!$D$29,'Assumptions & Ref'!$C$29)+IF($F10="Aluminium",'Assumptions & Ref'!$D$30,'Assumptions & Ref'!$C$30)+IF($F10="Aluminium",'Assumptions & Ref'!$D$31,'Assumptions & Ref'!$C$31))/IF($F10="Aluminium",'Assumptions & Ref'!$D$27,'Assumptions & Ref'!$C$27)) -> 0.25 | BI10: =IF($C10="","",(IF($F10="Aluminium",'Assumptions & Ref'!$F$28,'Assumptions & Ref'!$E$28)+IF($F10="Aluminium",'Assumptions & Ref'!$F$29,'Assumptions & Ref'!$E$29)+IF($F10="Aluminium",'Assumptions & Ref'!$F$30,'Assumptions & Ref'!$E$30)+IF($F10="Aluminium",'Assumptions & Ref'!$F$31,'Assumptions & Ref'!$E$31))/IF($F10="Aluminium",'Assumptions & Ref'!$F$27,'Assumptions & Ref'!$E$27)) -> 0.17647059 | BJ10: =IF($C10="","",BF10*(1+BH10)) -> 1976188.9 | BK10: =IF($C10="","",BF10*(1+BI10)) -> 1859942.5 | BL10: =IF($C10="","",BJ10*(1+BG10)*(1+IF($F10="Aluminium",'Assumptions & Ref'!$D$31,'Assumptions & Ref'!$C$31))) -> 2055236.5 | BM10: =IF($C10="","",BK10*(1+BG10)*(1+IF($F10="Aluminium",'Assumptions & Ref'!$F$31,'Assumptions & Ref'!$E$31))) -> 1915740.8
B11: 1C x 400 Cu 33kV unarmoured | C11: 1 | D11: Circular | E11: 400 | F11: Copper | G11: 33kV | H11: XLPE | I11: PVC | J11: Unarmored | K11: PVC | L11: N | M11: N | N11: N | O11: N | P11: N | Q11: N | R11: N | S11: =IF($C11="","",MIN(BL11,BM11)) -> 5960988.6 | T11: =IF($C11="","",MAX(BL11,BM11)) -> 6436642.1 | U11: =IF($C11="","",BF11) -> 5208630.8 | V11: =IF($C11="","",AW11) -> 45 | W11: =IF($C11="","",IF(F11="Copper",BA11,0)+AZ11*(1+'Assumptions & Ref'!$C$34)) -> 3766.113 | X11: =IF($C11="","",AZ11*(1+'Assumptions & Ref'!$C$34)) -> 154.35303 | Y11: =IF($C11="","",AX11*(1+'Assumptions & Ref'!$C$35)) -> 20.677171 | Z11: =IF($C11="","",AY11*(1+'Assumptions & Ref'!$C$35)) -> 36.591323 | AB11: =IF($C11="","",IF(D11="Sector shaped",360/C11,360)) -> 360 | AC11: =IF($C11="","",IF(D11="Sector shaped",360-AB11*3,0)) -> 0 | AD11: =IF($C11="","",SQRT(E11*(360/AB11)/PI())*2) -> 22.567583 | AE11: =IF($C11="","",INDEX($C$5:$G$5,MATCH(F11,$C$4:$G$4,0))) -> 8.94 | AF11: =IF($C11="","",IFERROR(IF($G11="33kV",INDEX('Assumptions & Ref'!$H$109:$H$122,MATCH(E11,'Assumptions & Ref'!$B$109:$B$122,1)),IF($G11="22kV",INDEX('Assumptions & Ref'!$G$109:$G$122,MATCH(E11,'Assumptions & Ref'!$B$109:$B$122,1)),IF($G11="11kV",INDEX('Assumptions & Ref'!$F$109:$F$122,MATCH(E11,'Assumptions & Ref'!$B$109:$B$122,1)),IF($G11="6.6kV",INDEX('Assumptions & Ref'!$D$109:$D$122,MATCH(E11,'Assumptions & Ref'!$B$109:$B$122,1)),INDEX('Assumptions & Ref'!$C$109:$C$122,MATCH(E11,'Assumptions & Ref'!$B$109:$B$122,1)))))),INDEX('Assumptions & Ref'!$C$109:$C$122,1))) -> 8.8 | AG11: =IF($C11="","",IF(D11="Circular",AD11+2*AF11,AD11+4*AF11)) -> 40.167583 | AH11: =IF($C11="","",INDEX($C$5:$G$5,MATCH(H11,$C$4:$G$4,0))) -> 0.93 | AI11: =IF($C11="","",IF(C11=3.5,IFERROR(INDEX('Assumptions & Ref'!$G$93:$G$105,MATCH(E11,'Assumptions & Ref'!$F$93:$F$105,0)),0),0)) -> 0 | AJ11: =IF($C11="","",IF(C11=3.5,SQRT(AI11/PI())*2,0)) -> 0 | AK11: =IF($C11="","",IF(C11=3.5,IFERROR(IF($G11="33kV",INDEX('Assumptions & Ref'!$H$109:$H$122,MATCH(AI11,'Assumptions & Ref'!$B$109:$B$122,1)),IF($G11="22kV",INDEX('Assumptions & Ref'!$G$109:$G$122,MATCH(AI11,'Assumptions & Ref'!$B$109:$B$122,1)),IF($G11="11kV",INDEX('Assumptions & Ref'!$E$109:$E$122,MATCH(AI11,'Assumptions & Ref'!$B$109:$B$122,1)),IF($G11="6.6kV",INDEX('Assumptions & Ref'!$D$109:$D$122,MATCH(AI11,'Assumptions & Ref'!$B$109:$B$122,1)),INDEX('Assumptions & Ref'!$C$109:$C$122,MATCH(AI11,'Assumptions & Ref'!$B$109:$B$122,1)))))),0),0)) -> 0 | AL11: =IF($C11="","",AJ11+2*AK11) -> 0 | AM11: =IF($C11="","",ROUND(IF(C11=1,AG11,IF(C11=2,2*AG11,IF(C11=3,2.16*AG11,IF(C11=3.5,2.42*(3*AG11+AL11)/4,IF(C11=4,2.42*AG11,0))))),1)) -> 40.2 | AN11: =IF($C11="","",IFERROR(INDEX('Assumptions & Ref'!$C$126:$C$130,MATCH(AM11,'Assumptions & Ref'!$B$126:$B$130,1)),INDEX('Assumptions & Ref'!$C$126:$C$130,1))) -> 0.5 | AO11: =IF($C11="","",AM11+2*AN11) -> 41.2 | AP11: =IF($C11="","",INDEX($C$5:$G$5,MATCH(I11,$C$4:$G$4,0))) -> 1.35 | AQ11: =IF($C11="","",IF(J11="Unarmored",0,IF(OR(J11="Galvanised steel flat strip",J11="Aluminium Flat Strip"),IFERROR(INDEX('Assumptions & Ref'!$F$126:$F$131,MATCH(AO11,'Assumptions & Ref'!$E$126:$E$131,1)),INDEX('Assumptions & Ref'!$F$126:$F$131,1)),IFERROR(INDEX('Assumptions & Ref'!$G$126:$G$131,MATCH(AO11,'Assumptions & Ref'!$E$126:$E$131,1)),INDEX('Assumptions & Ref'!$G$126:$G$131,1))))) -> 0 | AR11: =IF($C11="","",AO11+2*AQ11) -> 41.2 | AS11: =IF($C11="","",IF(J11="Unarmored",0,IF(OR(J11="Aluminium Flat Strip",J11="Aluminium Round Wired"),INDEX($C$5:$G$5,MATCH("Aluminium",$C$4:$G$4,0)),7.86))) -> 0 | AT11: =IF($C11="","",IFERROR(INDEX('Assumptions & Ref'!$J$126:$J$136,MATCH(AR11,'Assumptions & Ref'!$I$126:$I$136,1)),INDEX('Assumptions & Ref'!$J$126:$J$136,1))) -> 1.88 | AU11: =IF($C11="","",AR11+2*AT11) -> 44.96 | AV11: =IF($C11="","",INDEX($C$5:$G$5,MATCH(K11,$C$4:$G$4,0))) -> 1.35 | AW11: =IF($C11="","",TRUNC(AU11+1)) -> 45 | AX11: =IF($C11="","",PI()*((AD11+2*'Assumptions & Ref'!$C$63)^2-AD11^2)/4*'Assumptions & Ref'!$C$62) -> 20.172849 | AY11: =IF($C11="","",PI()*((AG11+2*'Assumptions & Ref'!$C$64)^2-AG11^2)/4*'Assumptions & Ref'!$C$62) -> 35.698852 | AZ11: =IF($C11="","",(AU11-'Assumptions & Ref'!$C$65)*PI()*('Assumptions & Ref'!$C$65*'Assumptions & Ref'!$C$66)*INDEX($C$5:$G$5,MATCH("Copper",$C$4:$G$4,0))) -> 151.3265 | BA11: =IF($C11="","",((E11*AE11*IF(C11=3.5,3,C11))+(AI11*AE11*IF(C11=3.5,1,0)))*(1+'Assumptions & Ref'!$C$33)) -> 3611.76 | BB11: =IF($C11="","",IF(C11=3.5,((AB11/360)*PI()*(AG11^2-AD11^2)/4*AH11*3)+((AC11/360)*PI()*(AL11^2-AJ11^2)/4*AH11),(AB11/360)*PI()*(AG11^2-AD11^2)/4*AH11*C11)*(1+'Assumptions & Ref'!$C$33)) -> 814.55034 | BC11: =IF($C11="","",PI()*(AO11^2-AM11^2)/4*AP11*(1+'Assumptions & Ref'!$C$33)) -> 87.170478 | BD11: =IF($C11="","",PI()*(AW11^2-AU11^2)/4*AV11*(1+'Assumptions & Ref'!$C$33)) -> 3.853492 | BE11: =IF($C11="","",PI()*(AR11^2-AO11^2)/4*AS11*(1+'Assumptions & Ref'!$C$33)) -> 0 | BF11: =IF($C11="","",BA11*INDEX($C$6:$G$6,MATCH(F11,$C$4:$G$4,0))+IF(H11="XLPE",BB11*INDEX($C$6:$G$6,MATCH("XLPE",$C$4:$G$4,0)),0)+IF(H11="PVC",(BB11+BC11+BD11)*INDEX($C$6:$G$6,MATCH("PVC",$C$4:$G$4,0)),(BC11+BD11)*INDEX($C$6:$G$6,MATCH("PVC",$C$4:$G$4,0)))+IF(J11="Unarmored",0,IF(OR(J11="Aluminium Flat Strip",J11="Aluminium Round Wired"),BE11*INDEX($C$6:$G$6,MATCH("Aluminium",$C$4:$G$4,0)),BE11*INDEX($C$6:$G$6,MATCH("Steel Wire",$C$4:$G$4,0))))+AZ11*(1+'Assumptions & Ref'!$C$34)*INDEX($C$6:$G$6,MATCH("Copper",$C$4:$G$4,0))*'Assumptions & Ref'!$C$67+AX11*(1+'Assumptions & Ref'!$C$35)*INDEX($C$6:$G$6,MATCH("XLPE",$C$4:$G$4,0))+AY11*(1+'Assumptions & Ref'!$C$35)*INDEX($C$6:$G$6,MATCH("XLPE",$C$4:$G$4,0))) -> 5208630.8 | BG11: =IF($C11="","",IF(L11="Y",'Assumptions & Ref'!$C$53,0)+IF(M11="Y",'Assumptions & Ref'!$C$54,0)+IF(N11="Y",'Assumptions & Ref'!$C$55,0)+IF(O11="Y",'Assumptions & Ref'!$C$56,0)+IF(P11="Y",'Assumptions & Ref'!$C$57,0)+IF(Q11="Y",'Assumptions & Ref'!$C$58,0)+IF(R11="Y",'Assumptions & Ref'!$C$59,0)) -> 0 | BH11: =IF($C11="","",(IF($F11="Aluminium",'Assumptions & Ref'!$D$28,'Assumptions & Ref'!$C$28)+IF($F11="Aluminium",'Assumptions & Ref'!$D$29,'Assumptions & Ref'!$C$29)+IF($F11="Aluminium",'Assumptions & Ref'!$D$30,'Assumptions & Ref'!$C$30)+IF($F11="Aluminium",'Assumptions & Ref'!$D$31,'Assumptions & Ref'!$C$31))/IF($F11="Aluminium",'Assumptions & Ref'!$D$27,'Assumptions & Ref'!$C$27)) -> 0.18823529 | BI11: =IF($C11="","",(IF($F11="Aluminium",'Assumptions & Ref'!$F$28,'Assumptions & Ref'!$E$28)+IF($F11="Aluminium",'Assumptions & Ref'!$F$29,'Assumptions & Ref'!$E$29)+IF($F11="Aluminium",'Assumptions & Ref'!$F$30,'Assumptions & Ref'!$E$30)+IF($F11="Aluminium",'Assumptions & Ref'!$F$31,'Assumptions & Ref'!$E$31))/IF($F11="Aluminium",'Assumptions & Ref'!$F$27,'Assumptions & Ref'!$E$27)) -> 0.11111111 | BJ11: =IF($C11="","",BF11*(1+BH11)) -> 6189078.9 | BK11: =IF($C11="","",BF11*(1+BI11)) -> 5787367.5 | BL11: =IF($C11="","",BJ11*(1+BG11)*(1+IF($F11="Aluminium",'Assumptions & Ref'!$D$31,'Assumptions & Ref'!$C$31))) -> 6436642.1 | BM11: =IF($C11="","",BK11*(1+BG11)*(1+IF($F11="Aluminium",'Assumptions & Ref'!$F$31,'Assumptions & Ref'!$E$31))) -> 5960988.6
B12: 3C x 95 Al 22kV armoured | C12: 3 | D12: Circular | E12: 95 | F12: Aluminium | G12: 22kV | H12: XLPE | I12: PVC | J12: Galvanised steel round wire | K12: PVC | L12: N | M12: N | N12: N | O12: N | P12: N | Q12: N | R12: N | S12: =IF($C12="","",MIN(BL12,BM12)) -> 1139247.7 | T12: =IF($C12="","",MAX(BL12,BM12)) -> 1222202.6 | U12: =IF($C12="","",BF12) -> 940155.85 | V12: =IF($C12="","",AW12) -> 61 | W12: =IF($C12="","",IF(F12="Copper",BA12,0)+AZ12*(1+'Assumptions & Ref'!$C$34)) -> 208.18751 | X12: =IF($C12="","",AZ12*(1+'Assumptions & Ref'!$C$34)) -> 208.18751 | Y12: =IF($C12="","",AX12*(1+'Assumptions & Ref'!$C$35)) -> 10.215873 | Z12: =IF($C12="","",AY12*(1+'Assumptions & Ref'!$C$35)) -> 21.066431 | AB12: =IF($C12="","",IF(D12="Sector shaped",360/C12,360)) -> 360 | AC12: =IF($C12="","",IF(D12="Sector shaped",360-AB12*3,0)) -> 0 | AD12: =IF($C12="","",SQRT(E12*(360/AB12)/PI())*2) -> 10.99808 | AE12: =IF($C12="","",INDEX($C$5:$G$5,MATCH(F12,$C$4:$G$4,0))) -> 2.63 | AF12: =IF($C12="","",IFERROR(IF($G12="33kV",INDEX('Assumptions & Ref'!$H$109:$H$122,MATCH(E12,'Assumptions & Ref'!$B$109:$B$122,1)),IF($G12="22kV",INDEX('Assumptions & Ref'!$G$109:$G$122,MATCH(E12,'Assumptions & Ref'!$B$109:$B$122,1)),IF($G12="11kV",INDEX('Assumptions & Ref'!$F$109:$F$122,MATCH(E12,'Assumptions & Ref'!$B$109:$B$122,1)),IF($G12="6.6kV",INDEX('Assumptions & Ref'!$D$109:$D$122,MATCH(E12,'Assumptions & Ref'!$B$109:$B$122,1)),INDEX('Assumptions & Ref'!$C$109:$C$122,MATCH(E12,'Assumptions & Ref'!$B$109:$B$122,1)))))),INDEX('Assumptions & Ref'!$C$109:$C$122,1))) -> 6 | AG12: =IF($C12="","",IF(D12="Circular",AD12+2*AF12,AD12+4*AF12)) -> 22.99808 | AH12: =IF($C12="","",INDEX($C$5:$G$5,MATCH(H12,$C$4:$G$4,0))) -> 0.93 | AI12: =IF($C12="","",IF(C12=3.5,IFERROR(INDEX('Assumptions & Ref'!$G$93:$G$105,MATCH(E12,'Assumptions & Ref'!$F$93:$F$105,0)),0),0)) -> 0 | AJ12: =IF($C12="","",IF(C12=3.5,SQRT(AI12/PI())*2,0)) -> 0 | AK12: =IF($C12="","",IF(C12=3.5,IFERROR(IF($G12="33kV",INDEX('Assumptions & Ref'!$H$109:$H$122,MATCH(AI12,'Assumptions & Ref'!$B$109:$B$122,1)),IF($G12="22kV",INDEX('Assumptions & Ref'!$G$109:$G$122,MATCH(AI12,'Assumptions & Ref'!$B$109:$B$122,1)),IF($G12="11kV",INDEX('Assumptions & Ref'!$E$109:$E$122,MATCH(AI12,'Assumptions & Ref'!$B$109:$B$122,1)),IF($G12="6.6kV",INDEX('Assumptions & Ref'!$D$109:$D$122,MATCH(AI12,'Assumptions & Ref'!$B$109:$B$122,1)),INDEX('Assumptions & Ref'!$C$109:$C$122,MATCH(AI12,'Assumptions & Ref'!$B$109:$B$122,1)))))),0),0)) -> 0 | AL12: =IF($C12="","",AJ12+2*AK12) -> 0 | AM12: =IF($C12="","",ROUND(IF(C12=1,AG12,IF(C12=2,2*AG12,IF(C12=3,2.16*AG12,IF(C12=3.5,2.42*(3*AG12+AL12)/4,IF(C12=4,2.42*AG12,0))))),1)) -> 49.7 | AN12: =IF($C12="","",IFERROR(INDEX('Assumptions & Ref'!$C$126:$C$130,MATCH(AM12,'Assumptions & Ref'!$B$126:$B$130,1)),INDEX('Assumptions & Ref'!$C$126:$C$130,1))) -> 0.6 | AO12: =IF($C12="","",AM12+2*AN12) -> 50.9 | AP12: =IF($C12="","",INDEX($C$5:$G$5,MATCH(I12,$C$4:$G$4,0))) -> 1.35 | AQ12: =IF($C12="","",IF(J12="Unarmored",0,IF(OR(J12="Galvanised steel flat strip",J12="Aluminium Flat Strip"),IFERROR(INDEX('Assumptions & Ref'!$F$126:$F$131,MATCH(AO12,'Assumptions & Ref'!$E$126:$E$131,1)),INDEX('Assumptions & Ref'!$F$126:$F$131,1)),IFERROR(INDEX('Assumptions & Ref'!$G$126:$G$131,MATCH(AO12,'Assumptions & Ref'!$E$126:$E$131,1)),INDEX('Assumptions & Ref'!$G$126:$G$131,1))))) -> 2.5 | AR12: =IF($C12="","",AO12+2*AQ12) -> 55.9 | AS12: =IF($C12="","",IF(J12="Unarmored",0,IF(OR(J12="Aluminium Flat Strip",J12="Aluminium Round Wired"),INDEX($C$5:$G$5,MATCH("Aluminium",$C$4:$G$4,0)),7.86))) -> 7.86 | AT12: =IF($C12="","",IFERROR(INDEX('Assumptions & Ref'!$J$126:$J$136,MATCH(AR12,'Assumptions & Ref'!$I$126:$I$136,1)),INDEX('Assumptions & Ref'!$J$126:$J$136,1))) -> 2.36 | AU12: =IF($C12="","",AR12+2*AT12) -> 60.62 | AV12: =IF($C12="","",INDEX($C$5:$G$5,MATCH(K12,$C$4:$G$4,0))) -> 1.35 | AW12: =IF($C12="","",TRUNC(AU12+1)) -> 61 | AX12: =IF($C12="","",PI()*((AD12+2*'Assumptions & Ref'!$C$63)^2-AD12^2)/4*'Assumptions & Ref'!$C$62) -> 9.9667051 | AY12: =IF($C12="","",PI()*((AG12+2*'Assumptions & Ref'!$C$64)^2-AG12^2)/4*'Assumptions & Ref'!$C$62) -> 20.552616 | AZ12: =IF($C12="","",(AU12-'Assumptions & Ref'!$C$65)*PI()*('Assumptions & Ref'!$C$65*'Assumptions & Ref'!$C$66)*INDEX($C$5:$G$5,MATCH("Copper",$C$4:$G$4,0))) -> 204.1054 | BA12: =IF($C12="","",((E12*AE12*IF(C12=3.5,3,C12))+(AI12*AE12*IF(C12=3.5,1,0)))*(1+'Assumptions & Ref'!$C$33)) -> 757.0455 | BB12: =IF($C12="","",IF(C12=3.5,((AB12/360)*PI()*(AG12^2-AD12^2)/4*AH12*3)+((AC12/360)*PI()*(AL12^2-AJ12^2)/4*AH12),(AB12/360)*PI()*(AG12^2-AD12^2)/4*AH12*C12)*(1+'Assumptions & Ref'!$C$33)) -> 902.87278 | BC12: =IF($C12="","",PI()*(AO12^2-AM12^2)/4*AP12*(1+'Assumptions & Ref'!$C$33)) -> 129.27789 | BD12: =IF($C12="","",PI()*(AW12^2-AU12^2)/4*AV12*(1+'Assumptions & Ref'!$C$33)) -> 49.491842 | BE12: =IF($C12="","",PI()*(AR12^2-AO12^2)/4*AS12*(1+'Assumptions & Ref'!$C$33)) -> 3329.4696 | BF12: =IF($C12="","",BA12*INDEX($C$6:$G$6,MATCH(F12,$C$4:$G$4,0))+IF(H12="XLPE",BB12*INDEX($C$6:$G$6,MATCH("XLPE",$C$4:$G$4,0)),0)+IF(H12="PVC",(BB12+BC12+BD12)*INDEX($C$6:$G$6,MATCH("PVC",$C$4:$G$4,0)),(BC12+BD12)*INDEX($C$6:$G$6,MATCH("PVC",$C$4:$G$4,0)))+IF(J12="Unarmored",0,IF(OR(J12="Aluminium Flat Strip",J12="Aluminium Round Wired"),BE12*INDEX($C$6:$G$6,MATCH("Aluminium",$C$4:$G$4,0)),BE12*INDEX($C$6:$G$6,MATCH("Steel Wire",$C$4:$G$4,0))))+AZ12*(1+'Assumptions & Ref'!$C$34)*INDEX($C$6:$G$6,MATCH("Copper",$C$4:$G$4,0))*'Assumptions & Ref'!$C$67+AX12*(1+'Assumptions & Ref'!$C$35)*INDEX($C$6:$G$6,MATCH("XLPE",$C$4:$G$4,0))+AY12*(1+'Assumptions & Ref'!$C$35)*INDEX($C$6:$G$6,MATCH("XLPE",$C$4:$G$4,0))) -> 940155.85 | BG12: =IF($C12="","",IF(L12="Y",'Assumptions & Ref'!$C$53,0)+IF(M12="Y",'Assumptions & Ref'!$C$54,0)+IF(N12="Y",'Assumptions & Ref'!$C$55,0)+IF(O12="Y",'Assumptions & Ref'!$C$56,0)+IF(P12="Y",'Assumptions & Ref'!$C$57,0)+IF(Q12="Y",'Assumptions & Ref'!$C$58,0)+IF(R12="Y",'Assumptions & Ref'!$C$59,0)) -> 0 | BH12: =IF($C12="","",(IF($F12="Aluminium",'Assumptions & Ref'!$D$28,'Assumptions & Ref'!$C$28)+IF($F12="Aluminium",'Assumptions & Ref'!$D$29,'Assumptions & Ref'!$C$29)+IF($F12="Aluminium",'Assumptions & Ref'!$D$30,'Assumptions & Ref'!$C$30)+IF($F12="Aluminium",'Assumptions & Ref'!$D$31,'Assumptions & Ref'!$C$31))/IF($F12="Aluminium",'Assumptions & Ref'!$D$27,'Assumptions & Ref'!$C$27)) -> 0.25 | BI12: =IF($C12="","",(IF($F12="Aluminium",'Assumptions & Ref'!$F$28,'Assumptions & Ref'!$E$28)+IF($F12="Aluminium",'Assumptions & Ref'!$F$29,'Assumptions & Ref'!$E$29)+IF($F12="Aluminium",'Assumptions & Ref'!$F$30,'Assumptions & Ref'!$E$30)+IF($F12="Aluminium",'Assumptions & Ref'!$F$31,'Assumptions & Ref'!$E$31))/IF($F12="Aluminium",'Assumptions & Ref'!$F$27,'Assumptions & Ref'!$E$27)) -> 0.17647059 | BJ12: =IF($C12="","",BF12*(1+BH12)) -> 1175194.8 | BK12: =IF($C12="","",BF12*(1+BI12)) -> 1106065.7 | BL12: =IF($C12="","",BJ12*(1+BG12)*(1+IF($F12="Aluminium",'Assumptions & Ref'!$D$31,'Assumptions & Ref'!$C$31))) -> 1222202.6 | BM12: =IF($C12="","",BK12*(1+BG12)*(1+IF($F12="Aluminium",'Assumptions & Ref'!$F$31,'Assumptions & Ref'!$E$31))) -> 1139247.7
B13: 3C x 150 Cu 6.6kV armoured | C13: 3 | D13: Circular | E13: 150 | F13: Copper | G13: 6.6kV | H13: XLPE | I13: PVC | J13: Galvanised steel flat strip | K13: PVC | L13: N | M13: N | N13: N | O13: N | P13: N | Q13: N | R13: N | S13: =IF($C13="","",MIN(BL13,BM13)) -> 6750354.4 | T13: =IF($C13="","",MAX(BL13,BM13)) -> 7288994.9 | U13: =IF($C13="","",BF13) -> 5898367.9 | V13: =IF($C13="","",AW13) -> 50 | W13: =IF($C13="","",IF(F13="Copper",BA13,0)+AZ13*(1+'Assumptions & Ref'!$C$34)) -> 4234.1528 | X13: =IF($C13="","",AZ13*(1+'Assumptions & Ref'!$C$34)) -> 170.92277 | Y13: =IF($C13="","",AX13*(1+'Assumptions & Ref'!$C$35)) -> 12.767279 | Z13: =IF($C13="","",AY13*(1+'Assumptions & Ref'!$C$35)) -> 17.830873 | AB13: =IF($C13="","",IF(D13="Sector shaped",360/C13,360)) -> 360 | AC13: =IF($C13="","",IF(D13="Sector shaped",360-AB13*3,0)) -> 0 | AD13: =IF($C13="","",SQRT(E13*(360/AB13)/PI())*2) -> 13.819766 | AE13: =IF($C13="","",INDEX($C$5:$G$5,MATCH(F13,$C$4:$G$4,0))) -> 8.94 | AF13: =IF($C13="","",IFERROR(IF($G13="33kV",INDEX('Assumptions & Ref'!$H$109:$H$122,MATCH(E13,'Assumptions & Ref'!$B$109:$B$122,1)),IF($G13="22kV",INDEX('Assumptions & Ref'!$G$109:$G$122,MATCH(E13,'Assumptions & Ref'!$B$109:$B$122,1)),IF($G13="11kV",INDEX('Assumptions & Ref'!$F$109:$F$122,MATCH(E13,'Assumptions & Ref'!$B$109:$B$122,1)),IF($G13="6.6kV",INDEX('Assumptions & Ref'!$D$109:$D$122,MATCH(E13,'Assumptions & Ref'!$B$109:$B$122,1)),INDEX('Assumptions & Ref'!$C$109:$C$122,MATCH(E13,'Assumptions & Ref'!$B$109:$B$122,1)))))),INDEX('Assumptions & Ref'!$C$109:$C$122,1))) -> 2.8 | AG13: =IF($C13="","",IF(D13="Circular",AD13+2*AF13,AD13+4*AF13)) -> 19.419766 | AH13: =IF($C13="","",INDEX($C$5:$G$5,MATCH(H13,$C$4:$G$4,0))) -> 0.93 | AI13: =IF($C13="","",IF(C13=3.5,IFERROR(INDEX('Assumptions & Ref'!$G$93:$G$105,MATCH(E13,'Assumptions & Ref'!$F$93:$F$105,0)),0),0)) -> 0 | AJ13: =IF($C13="","",IF(C13=3.5,SQRT(AI13/PI())*2,0)) -> 0 | AK13: =IF($C13="","",IF(C13=3.5,IFERROR(IF($G13="33kV",INDEX('Assumptions & Ref'!$H$109:$H$122,MATCH(AI13,'Assumptions & Ref'!$B$109:$B$122,1)),IF($G13="22kV",INDEX('Assumptions & Ref'!$G$109:$G$122,MATCH(AI13,'Assumptions & Ref'!$B$109:$B$122,1)),IF($G13="11kV",INDEX('Assumptions & Ref'!$E$109:$E$122,MATCH(AI13,'Assumptions & Ref'!$B$109:$B$122,1)),IF($G13="6.6kV",INDEX('Assumptions & Ref'!$D$109:$D$122,MATCH(AI13,'Assumptions & Ref'!$B$109:$B$122,1)),INDEX('Assumptions & Ref'!$C$109:$C$122,MATCH(AI13,'Assumptions & Ref'!$B$109:$B$122,1)))))),0),0)) -> 0 | AL13: =IF($C13="","",AJ13+2*AK13) -> 0 | AM13: =IF($C13="","",ROUND(IF(C13=1,AG13,IF(C13=2,2*AG13,IF(C13=3,2.16*AG13,IF(C13=3.5,2.42*(3*AG13+AL13)/4,IF(C13=4,2.42*AG13,0))))),1)) -> 41.9 | AN13: =IF($C13="","",IFERROR(INDEX('Assumptions & Ref'!$C$126:$C$130,MATCH(AM13,'Assumptions & Ref'!$B$126:$B$130,1)),INDEX('Assumptions & Ref'!$C$126:$C$130,1))) -> 0.5 | AO13: =IF($C13="","",AM13+2*AN13) -> 42.9 | AP13: =IF($C13="","",INDEX($C$5:$G$5,MATCH(I13,$C$4:$G$4,0))) -> 1.35 | AQ13: =IF($C13="","",IF(J13="Unarmored",0,IF(OR(J13="Galvanised steel flat strip",J13="Aluminium Flat Strip"),IFERROR(INDEX('Assumptions & Ref'!$F$126:$F$131,MATCH(AO13,'Assumptions & Ref'!$E$126:$E$131,1)),INDEX('Assumptions & Ref'!$F$126:$F$131,1)),IFERROR(INDEX('Assumptions & Ref'!$G$126:$G$131,MATCH(AO13,'Assumptions & Ref'!$E$126:$E$131,1)),INDEX('Assumptions & Ref'!$G$126:$G$131,1))))) -> 1.4 | AR13: =IF($C13="","",AO13+2*AQ13) -> 45.7 | AS13: =IF($C13="","",IF(J13="Unarmored",0,IF(OR(J13="Aluminium Flat Strip",J13="Aluminium Round Wired"),INDEX($C$5:$G$5,MATCH("Aluminium",$C$4:$G$4,0)),7.86))) -> 7.86 | AT13: =IF($C13="","",IFERROR(INDEX('Assumptions & Ref'!$J$126:$J$136,MATCH(AR13,'Assumptions & Ref'!$I$126:$I$136,1)),INDEX('Assumptions & Ref'!$J$126:$J$136,1))) -> 2.04 | AU13: =IF($C13="","",AR13+2*AT13) -> 49.78 | AV13: =IF($C13="","",INDEX($C$5:$G$5,MATCH(K13,$C$4:$G$4,0))) -> 1.35 | AW13: =IF($C13="","",TRUNC(AU13+1)) -> 50 | AX13: =IF($C13="","",PI()*((AD13+2*'Assumptions & Ref'!$C$63)^2-AD13^2)/4*'Assumptions & Ref'!$C$62) -> 12.455882 | AY13: =IF($C13="","",PI()*((AG13+2*'Assumptions & Ref'!$C$64)^2-AG13^2)/4*'Assumptions & Ref'!$C$62) -> 17.395973 | AZ13: =IF($C13="","",(AU13-'Assumptions & Ref'!$C$65)*PI()*('Assumptions & Ref'!$C$65*'Assumptions & Ref'!$C$66)*INDEX($C$5:$G$5,MATCH("Copper",$C$4:$G$4,0))) -> 167.57135 | BA13: =IF($C13="","",((E13*AE13*IF(C13=3.5,3,C13))+(AI13*AE13*IF(C13=3.5,1,0)))*(1+'Assumptions & Ref'!$C$33)) -> 4063.23 | BB13: =IF($C13="","",IF(C13=3.5,((AB13/360)*PI()*(AG13^2-AD13^2)/4*AH13*3)+((AC13/360)*PI()*(AL13^2-AJ13^2)/4*AH13),(AB13/360)*PI()*(AG13^2-AD13^2)/4*AH13*C13)*(1+'Assumptions & Ref'!$C$33)) -> 411.96316 | BC13: =IF($C13="","",PI()*(AO13^2-AM13^2)/4*AP13*(1+'Assumptions & Ref'!$C$33)) -> 90.811506 | BD13: =IF($C13="","",PI()*(AW13^2-AU13^2)/4*AV13*(1+'Assumptions & Ref'!$C$33)) -> 23.507758 | BE13: =IF($C13="","",PI()*(AR13^2-AO13^2)/4*AS13*(1+'Assumptions & Ref'!$C$33)) -> 1546.7693 | BF13: =IF($C13="","",BA13*INDEX($C$6:$G$6,MATCH(F13,$C$4:$G$4,0))+IF(H13="XLPE",BB13*INDEX($C$6:$G$6,MATCH("XLPE",$C$4:$G$4,0)),0)+IF(H13="PVC",(BB13+BC13+BD13)*INDEX($C$6:$G$6,MATCH("PVC",$C$4:$G$4,0)),(BC13+BD13)*INDEX($C$6:$G$6,MATCH("PVC",$C$4:$G$4,0)))+IF(J13="Unarmored",0,IF(OR(J13="Aluminium Flat Strip",J13="Aluminium Round Wired"),BE13*INDEX($C$6:$G$6,MATCH("Aluminium",$C$4:$G$4,0)),BE13*INDEX($C$6:$G$6,MATCH("Steel Wire",$C$4:$G$4,0))))+AZ13*(1+'Assumptions & Ref'!$C$34)*INDEX($C$6:$G$6,MATCH("Copper",$C$4:$G$4,0))*'Assumptions & Ref'!$C$67+AX13*(1+'Assumptions & Ref'!$C$35)*INDEX($C$6:$G$6,MATCH("XLPE",$C$4:$G$4,0))+AY13*(1+'Assumptions & Ref'!$C$35)*INDEX($C$6:$G$6,MATCH("XLPE",$C$4:$G$4,0))) -> 5898367.9 | BG13: =IF($C13="","",IF(L13="Y",'Assumptions & Ref'!$C$53,0)+IF(M13="Y",'Assumptions & Ref'!$C$54,0)+IF(N13="Y",'Assumptions & Ref'!$C$55,0)+IF(O13="Y",'Assumptions & Ref'!$C$56,0)+IF(P13="Y",'Assumptions & Ref'!$C$57,0)+IF(Q13="Y",'Assumptions & Ref'!$C$58,0)+IF(R13="Y",'Assumptions & Ref'!$C$59,0)) -> 0 | BH13: =IF($C13="","",(IF($F13="Aluminium",'Assumptions & Ref'!$D$28,'Assumptions & Ref'!$C$28)+IF($F13="Aluminium",'Assumptions & Ref'!$D$29,'Assumptions & Ref'!$C$29)+IF($F13="Aluminium",'Assumptions & Ref'!$D$30,'Assumptions & Ref'!$C$30)+IF($F13="Aluminium",'Assumptions & Ref'!$D$31,'Assumptions & Ref'!$C$31))/IF($F13="Aluminium",'Assumptions & Ref'!$D$27,'Assumptions & Ref'!$C$27)) -> 0.18823529 | BI13: =IF($C13="","",(IF($F13="Aluminium",'Assumptions & Ref'!$F$28,'Assumptions & Ref'!$E$28)+IF($F13="Aluminium",'Assumptions & Ref'!$F$29,'Assumptions & Ref'!$E$29)+IF($F13="Aluminium",'Assumptions & Ref'!$F$30,'Assumptions & Ref'!$E$30)+IF($F13="Aluminium",'Assumptions & Ref'!$F$31,'Assumptions & Ref'!$E$31))/IF($F13="Aluminium",'Assumptions & Ref'!$F$27,'Assumptions & Ref'!$E$27)) -> 0.11111111 | BJ13: =IF($C13="","",BF13*(1+BH13)) -> 7008649 | BK13: =IF($C13="","",BF13*(1+BI13)) -> 6553742.2 | BL13: =IF($C13="","",BJ13*(1+BG13)*(1+IF($F13="Aluminium",'Assumptions & Ref'!$D$31,'Assumptions & Ref'!$C$31))) -> 7288994.9 | BM13: =IF($C13="","",BK13*(1+BG13)*(1+IF($F13="Aluminium",'Assumptions & Ref'!$F$31,'Assumptions & Ref'!$E$31))) -> 6750354.4
S14: =IF($C14="","",MIN(BL14,BM14)) | T14: =IF($C14="","",MAX(BL14,BM14)) | U14: =IF($C14="","",BF14) | V14: =IF($C14="","",AW14) | W14: =IF($C14="","",IF(F14="Copper",BA14,0)+AZ14*(1+'Assumptions & Ref'!$C$34)) | X14: =IF($C14="","",AZ14*(1+'Assumptions & Ref'!$C$34)) | Y14: =IF($C14="","",AX14*(1+'Assumptions & Ref'!$C$35)) | Z14: =IF($C14="","",AY14*(1+'Assumptions & Ref'!$C$35)) | AB14: =IF($C14="","",IF(D14="Sector shaped",360/C14,360)) | AC14: =IF($C14="","",IF(D14="Sector shaped",360-AB14*3,0)) | AD14: =IF($C14="","",SQRT(E14*(360/AB14)/PI())*2) | AE14: =IF($C14="","",INDEX($C$5:$G$5,MATCH(F14,$C$4:$G$4,0))) | AF14: =IF($C14="","",IFERROR(IF($G14="33kV",INDEX('Assumptions & Ref'!$H$109:$H$122,MATCH(E14,'Assumptions & Ref'!$B$109:$B$122,1)),IF($G14="22kV",INDEX('Assumptions & Ref'!$G$109:$G$122,MATCH(E14,'Assumptions & Ref'!$B$109:$B$122,1)),IF($G14="11kV",INDEX('Assumptions & Ref'!$F$109:$F$122,MATCH(E14,'Assumptions & Ref'!$B$109:$B$122,1)),IF($G14="6.6kV",INDEX('Assumptions & Ref'!$D$109:$D$122,MATCH(E14,'Assumptions & Ref'!$B$109:$B$122,1)),INDEX('Assumptions & Ref'!$C$109:$C$122,MATCH(E14,'Assumptions & Ref'!$B$109:$B$122,1)))))),INDEX('Assumptions & Ref'!$C$109:$C$122,1))) | AG14: =IF($C14="","",IF(D14="Circular",AD14+2*AF14,AD14+4*AF14)) | AH14: =IF($C14="","",INDEX($C$5:$G$5,MATCH(H14,$C$4:$G$4,0))) | AI14: =IF($C14="","",IF(C14=3.5,IFERROR(INDEX('Assumptions & Ref'!$G$93:$G$105,MATCH(E14,'Assumptions & Ref'!$F$93:$F$105,0)),0),0)) | AJ14: =IF($C14="","",IF(C14=3.5,SQRT(AI14/PI())*2,0)) | AK14: =IF($C14="","",IF(C14=3.5,IFERROR(IF($G14="33kV",INDEX('Assumptions & Ref'!$H$109:$H$122,MATCH(AI14,'Assumptions & Ref'!$B$109:$B$122,1)),IF($G14="22kV",INDEX('Assumptions & Ref'!$G$109:$G$122,MATCH(AI14,'Assumptions & Ref'!$B$109:$B$122,1)),IF($G14="11kV",INDEX('Assumptions & Ref'!$E$109:$E$122,MATCH(AI14,'Assumptions & Ref'!$B$109:$B$122,1)),IF($G14="6.6kV",INDEX('Assumptions & Ref'!$D$109:$D$122,MATCH(AI14,'Assumptions & Ref'!$B$109:$B$122,1)),INDEX('Assumptions & Ref'!$C$109:$C$122,MATCH(AI14,'Assumptions & Ref'!$B$109:$B$122,1)))))),0),0)) | AL14: =IF($C14="","",AJ14+2*AK14) | AM14: =IF($C14="","",ROUND(IF(C14=1,AG14,IF(C14=2,2*AG14,IF(C14=3,2.16*AG14,IF(C14=3.5,2.42*(3*AG14+AL14)/4,IF(C14=4,2.42*AG14,0))))),1)) | AN14: =IF($C14="","",IFERROR(INDEX('Assumptions & Ref'!$C$126:$C$130,MATCH(AM14,'Assumptions & Ref'!$B$126:$B$130,1)),INDEX('Assumptions & Ref'!$C$126:$C$130,1))) | AO14: =IF($C14="","",AM14+2*AN14) | AP14: =IF($C14="","",INDEX($C$5:$G$5,MATCH(I14,$C$4:$G$4,0))) | AQ14: =IF($C14="","",IF(J14="Unarmored",0,IF(OR(J14="Galvanised steel flat strip",J14="Aluminium Flat Strip"),IFERROR(INDEX('Assumptions & Ref'!$F$126:$F$131,MATCH(AO14,'Assumptions & Ref'!$E$126:$E$131,1)),INDEX('Assumptions & Ref'!$F$126:$F$131,1)),IFERROR(INDEX('Assumptions & Ref'!$G$126:$G$131,MATCH(AO14,'Assumptions & Ref'!$E$126:$E$131,1)),INDEX('Assumptions & Ref'!$G$126:$G$131,1))))) | AR14: =IF($C14="","",AO14+2*AQ14) | AS14: =IF($C14="","",IF(J14="Unarmored",0,IF(OR(J14="Aluminium Flat Strip",J14="Aluminium Round Wired"),INDEX($C$5:$G$5,MATCH("Aluminium",$C$4:$G$4,0)),7.86))) | AT14: =IF($C14="","",IFERROR(INDEX('Assumptions & Ref'!$J$126:$J$136,MATCH(AR14,'Assumptions & Ref'!$I$126:$I$136,1)),INDEX('Assumptions & Ref'!$J$126:$J$136,1))) | AU14: =IF($C14="","",AR14+2*AT14) | AV14: =IF($C14="","",INDEX($C$5:$G$5,MATCH(K14,$C$4:$G$4,0))) | AW14: =IF($C14="","",TRUNC(AU14+1)) | AX14: =IF($C14="","",PI()*((AD14+2*'Assumptions & Ref'!$C$63)^2-AD14^2)/4*'Assumptions & Ref'!$C$62) | AY14: =IF($C14="","",PI()*((AG14+2*'Assumptions & Ref'!$C$64)^2-AG14^2)/4*'Assumptions & Ref'!$C$62) | AZ14: =IF($C14="","",(AU14-'Assumptions & Ref'!$C$65)*PI()*('Assumptions & Ref'!$C$65*'Assumptions & Ref'!$C$66)*INDEX($C$5:$G$5,MATCH("Copper",$C$4:$G$4,0))) | BA14: =IF($C14="","",((E14*AE14*IF(C14=3.5,3,C14))+(AI14*AE14*IF(C14=3.5,1,0)))*(1+'Assumptions & Ref'!$C$33)) | BB14: =IF($C14="","",IF(C14=3.5,((AB14/360)*PI()*(AG14^2-AD14^2)/4*AH14*3)+((AC14/360)*PI()*(AL14^2-AJ14^2)/4*AH14),(AB14/360)*PI()*(AG14^2-AD14^2)/4*AH14*C14)*(1+'Assumptions & Ref'!$C$33)) | BC14: =IF($C14="","",PI()*(AO14^2-AM14^2)/4*AP14*(1+'Assumptions & Ref'!$C$33)) | BD14: =IF($C14="","",PI()*(AW14^2-AU14^2)/4*AV14*(1+'Assumptions & Ref'!$C$33)) | BE14: =IF($C14="","",PI()*(AR14^2-AO14^2)/4*AS14*(1+'Assumptions & Ref'!$C$33)) | BF14: =IF($C14="","",BA14*INDEX($C$6:$G$6,MATCH(F14,$C$4:$G$4,0))+IF(H14="XLPE",BB14*INDEX($C$6:$G$6,MATCH("XLPE",$C$4:$G$4,0)),0)+IF(H14="PVC",(BB14+BC14+BD14)*INDEX($C$6:$G$6,MATCH("PVC",$C$4:$G$4,0)),(BC14+BD14)*INDEX($C$6:$G$6,MATCH("PVC",$C$4:$G$4,0)))+IF(J14="Unarmored",0,IF(OR(J14="Aluminium Flat Strip",J14="Aluminium Round Wired"),BE14*INDEX($C$6:$G$6,MATCH("Aluminium",$C$4:$G$4,0)),BE14*INDEX($C$6:$G$6,MATCH("Steel Wire",$C$4:$G$4,0))))+AZ14*(1+'Assumptions & Ref'!$C$34)*INDEX($C$6:$G$6,MATCH("Copper",$C$4:$G$4,0))*'Assumptions & Ref'!$C$67+AX14*(1+'Assumptions & Ref'!$C$35)*INDEX($C$6:$G$6,MATCH("XLPE",$C$4:$G$4,0))+AY14*(1+'Assumptions & Ref'!$C$35)*INDEX($C$6:$G$6,MATCH("XLPE",$C$4:$G$4,0))) | BG14: =IF($C14="","",IF(L14="Y",'Assumptions & Ref'!$C$53,0)+IF(M14="Y",'Assumptions & Ref'!$C$54,0)+IF(N14="Y",'Assumptions & Ref'!$C$55,0)+IF(O14="Y",'Assumptions & Ref'!$C$56,0)+IF(P14="Y",'Assumptions & Ref'!$C$57,0)+IF(Q14="Y",'Assumptions & Ref'!$C$58,0)+IF(R14="Y",'Assumptions & Ref'!$C$59,0)) | BH14: =IF($C14="","",(IF($F14="Aluminium",'Assumptions & Ref'!$D$28,'Assumptions & Ref'!$C$28)+IF($F14="Aluminium",'Assumptions & Ref'!$D$29,'Assumptions & Ref'!$C$29)+IF($F14="Aluminium",'Assumptions & Ref'!$D$30,'Assumptions & Ref'!$C$30)+IF($F14="Aluminium",'Assumptions & Ref'!$D$31,'Assumptions & Ref'!$C$31))/IF($F14="Aluminium",'Assumptions & Ref'!$D$27,'Assumptions & Ref'!$C$27)) | BI14: =IF($C14="","",(IF($F14="Aluminium",'Assumptions & Ref'!$F$28,'Assumptions & Ref'!$E$28)+IF($F14="Aluminium",'Assumptions & Ref'!$F$29,'Assumptions & Ref'!$E$29)+IF($F14="Aluminium",'Assumptions & Ref'!$F$30,'Assumptions & Ref'!$E$30)+IF($F14="Aluminium",'Assumptions & Ref'!$F$31,'Assumptions & Ref'!$E$31))/IF($F14="Aluminium",'Assumptions & Ref'!$F$27,'Assumptions & Ref'!$E$27)) | BJ14: =IF($C14="","",BF14*(1+BH14)) | BK14: =IF($C14="","",BF14*(1+BI14)) | BL14: =IF($C14="","",BJ14*(1+BG14)*(1+IF($F14="Aluminium",'Assumptions & Ref'!$D$31,'Assumptions & Ref'!$C$31))) | BM14: =IF($C14="","",BK14*(1+BG14)*(1+IF($F14="Aluminium",'Assumptions & Ref'!$F$31,'Assumptions & Ref'!$E$31)))
S15: =IF($C15="","",MIN(BL15,BM15)) | T15: =IF($C15="","",MAX(BL15,BM15)) | U15: =IF($C15="","",BF15) | V15: =IF($C15="","",AW15) | W15: =IF($C15="","",IF(F15="Copper",BA15,0)+AZ15*(1+'Assumptions & Ref'!$C$34)) | X15: =IF($C15="","",AZ15*(1+'Assumptions & Ref'!$C$34)) | Y15: =IF($C15="","",AX15*(1+'Assumptions & Ref'!$C$35)) | Z15: =IF($C15="","",AY15*(1+'Assumptions & Ref'!$C$35)) | AB15: =IF($C15="","",IF(D15="Sector shaped",360/C15,360)) | AC15: =IF($C15="","",IF(D15="Sector shaped",360-AB15*3,0)) | AD15: =IF($C15="","",SQRT(E15*(360/AB15)/PI())*2) | AE15: =IF($C15="","",INDEX($C$5:$G$5,MATCH(F15,$C$4:$G$4,0))) | AF15: =IF($C15="","",IFERROR(IF($G15="33kV",INDEX('Assumptions & Ref'!$H$109:$H$122,MATCH(E15,'Assumptions & Ref'!$B$109:$B$122,1)),IF($G15="22kV",INDEX('Assumptions & Ref'!$G$109:$G$122,MATCH(E15,'Assumptions & Ref'!$B$109:$B$122,1)),IF($G15="11kV",INDEX('Assumptions & Ref'!$F$109:$F$122,MATCH(E15,'Assumptions & Ref'!$B$109:$B$122,1)),IF($G15="6.6kV",INDEX('Assumptions & Ref'!$D$109:$D$122,MATCH(E15,'Assumptions & Ref'!$B$109:$B$122,1)),INDEX('Assumptions & Ref'!$C$109:$C$122,MATCH(E15,'Assumptions & Ref'!$B$109:$B$122,1)))))),INDEX('Assumptions & Ref'!$C$109:$C$122,1))) | AG15: =IF($C15="","",IF(D15="Circular",AD15+2*AF15,AD15+4*AF15)) | AH15: =IF($C15="","",INDEX($C$5:$G$5,MATCH(H15,$C$4:$G$4,0))) | AI15: =IF($C15="","",IF(C15=3.5,IFERROR(INDEX('Assumptions & Ref'!$G$93:$G$105,MATCH(E15,'Assumptions & Ref'!$F$93:$F$105,0)),0),0)) | AJ15: =IF($C15="","",IF(C15=3.5,SQRT(AI15/PI())*2,0)) | AK15: =IF($C15="","",IF(C15=3.5,IFERROR(IF($G15="33kV",INDEX('Assumptions & Ref'!$H$109:$H$122,MATCH(AI15,'Assumptions & Ref'!$B$109:$B$122,1)),IF($G15="22kV",INDEX('Assumptions & Ref'!$G$109:$G$122,MATCH(AI15,'Assumptions & Ref'!$B$109:$B$122,1)),IF($G15="11kV",INDEX('Assumptions & Ref'!$E$109:$E$122,MATCH(AI15,'Assumptions & Ref'!$B$109:$B$122,1)),IF($G15="6.6kV",INDEX('Assumptions & Ref'!$D$109:$D$122,MATCH(AI15,'Assumptions & Ref'!$B$109:$B$122,1)),INDEX('Assumptions & Ref'!$C$109:$C$122,MATCH(AI15,'Assumptions & Ref'!$B$109:$B$122,1)))))),0),0)) | AL15: =IF($C15="","",AJ15+2*AK15) | AM15: =IF($C15="","",ROUND(IF(C15=1,AG15,IF(C15=2,2*AG15,IF(C15=3,2.16*AG15,IF(C15=3.5,2.42*(3*AG15+AL15)/4,IF(C15=4,2.42*AG15,0))))),1)) | AN15: =IF($C15="","",IFERROR(INDEX('Assumptions & Ref'!$C$126:$C$130,MATCH(AM15,'Assumptions & Ref'!$B$126:$B$130,1)),INDEX('Assumptions & Ref'!$C$126:$C$130,1))) | AO15: =IF($C15="","",AM15+2*AN15) | AP15: =IF($C15="","",INDEX($C$5:$G$5,MATCH(I15,$C$4:$G$4,0))) | AQ15: =IF($C15="","",IF(J15="Unarmored",0,IF(OR(J15="Galvanised steel flat strip",J15="Aluminium Flat Strip"),IFERROR(INDEX('Assumptions & Ref'!$F$126:$F$131,MATCH(AO15,'Assumptions & Ref'!$E$126:$E$131,1)),INDEX('Assumptions & Ref'!$F$126:$F$131,1)),IFERROR(INDEX('Assumptions & Ref'!$G$126:$G$131,MATCH(AO15,'Assumptions & Ref'!$E$126:$E$131,1)),INDEX('Assumptions & Ref'!$G$126:$G$131,1))))) | AR15: =IF($C15="","",AO15+2*AQ15) | AS15: =IF($C15="","",IF(J15="Unarmored",0,IF(OR(J15="Aluminium Flat Strip",J15="Aluminium Round Wired"),INDEX($C$5:$G$5,MATCH("Aluminium",$C$4:$G$4,0)),7.86))) | AT15: =IF($C15="","",IFERROR(INDEX('Assumptions & Ref'!$J$126:$J$136,MATCH(AR15,'Assumptions & Ref'!$I$126:$I$136,1)),INDEX('Assumptions & Ref'!$J$126:$J$136,1))) | AU15: =IF($C15="","",AR15+2*AT15) | AV15: =IF($C15="","",INDEX($C$5:$G$5,MATCH(K15,$C$4:$G$4,0))) | AW15: =IF($C15="","",TRUNC(AU15+1)) | AX15: =IF($C15="","",PI()*((AD15+2*'Assumptions & Ref'!$C$63)^2-AD15^2)/4*'Assumptions & Ref'!$C$62) | AY15: =IF($C15="","",PI()*((AG15+2*'Assumptions & Ref'!$C$64)^2-AG15^2)/4*'Assumptions & Ref'!$C$62) | AZ15: =IF($C15="","",(AU15-'Assumptions & Ref'!$C$65)*PI()*('Assumptions & Ref'!$C$65*'Assumptions & Ref'!$C$66)*INDEX($C$5:$G$5,MATCH("Copper",$C$4:$G$4,0))) | BA15: =IF($C15="","",((E15*AE15*IF(C15=3.5,3,C15))+(AI15*AE15*IF(C15=3.5,1,0)))*(1+'Assumptions & Ref'!$C$33)) | BB15: =IF($C15="","",IF(C15=3.5,((AB15/360)*PI()*(AG15^2-AD15^2)/4*AH15*3)+((AC15/360)*PI()*(AL15^2-AJ15^2)/4*AH15),(AB15/360)*PI()*(AG15^2-AD15^2)/4*AH15*C15)*(1+'Assumptions & Ref'!$C$33)) | BC15: =IF($C15="","",PI()*(AO15^2-AM15^2)/4*AP15*(1+'Assumptions & Ref'!$C$33)) | BD15: =IF($C15="","",PI()*(AW15^2-AU15^2)/4*AV15*(1+'Assumptions & Ref'!$C$33)) | BE15: =IF($C15="","",PI()*(AR15^2-AO15^2)/4*AS15*(1+'Assumptions & Ref'!$C$33)) | BF15: =IF($C15="","",BA15*INDEX($C$6:$G$6,MATCH(F15,$C$4:$G$4,0))+IF(H15="XLPE",BB15*INDEX($C$6:$G$6,MATCH("XLPE",$C$4:$G$4,0)),0)+IF(H15="PVC",(BB15+BC15+BD15)*INDEX($C$6:$G$6,MATCH("PVC",$C$4:$G$4,0)),(BC15+BD15)*INDEX($C$6:$G$6,MATCH("PVC",$C$4:$G$4,0)))+IF(J15="Unarmored",0,IF(OR(J15="Aluminium Flat Strip",J15="Aluminium Round Wired"),BE15*INDEX($C$6:$G$6,MATCH("Aluminium",$C$4:$G$4,0)),BE15*INDEX($C$6:$G$6,MATCH("Steel Wire",$C$4:$G$4,0))))+AZ15*(1+'Assumptions & Ref'!$C$34)*INDEX($C$6:$G$6,MATCH("Copper",$C$4:$G$4,0))*'Assumptions & Ref'!$C$67+AX15*(1+'Assumptions & Ref'!$C$35)*INDEX($C$6:$G$6,MATCH("XLPE",$C$4:$G$4,0))+AY15*(1+'Assumptions & Ref'!$C$35)*INDEX($C$6:$G$6,MATCH("XLPE",$C$4:$G$4,0))) | BG15: =IF($C15="","",IF(L15="Y",'Assumptions & Ref'!$C$53,0)+IF(M15="Y",'Assumptions & Ref'!$C$54,0)+IF(N15="Y",'Assumptions & Ref'!$C$55,0)+IF(O15="Y",'Assumptions & Ref'!$C$56,0)+IF(P15="Y",'Assumptions & Ref'!$C$57,0)+IF(Q15="Y",'Assumptions & Ref'!$C$58,0)+IF(R15="Y",'Assumptions & Ref'!$C$59,0)) | BH15: =IF($C15="","",(IF($F15="Aluminium",'Assumptions & Ref'!$D$28,'Assumptions & Ref'!$C$28)+IF($F15="Aluminium",'Assumptions & Ref'!$D$29,'Assumptions & Ref'!$C$29)+IF($F15="Aluminium",'Assumptions & Ref'!$D$30,'Assumptions & Ref'!$C$30)+IF($F15="Aluminium",'Assumptions & Ref'!$D$31,'Assumptions & Ref'!$C$31))/IF($F15="Aluminium",'Assumptions & Ref'!$D$27,'Assumptions & Ref'!$C$27)) | BI15: =IF($C15="","",(IF($F15="Aluminium",'Assumptions & Ref'!$F$28,'Assumptions & Ref'!$E$28)+IF($F15="Aluminium",'Assumptions & Ref'!$F$29,'Assumptions & Ref'!$E$29)+IF($F15="Aluminium",'Assumptions & Ref'!$F$30,'Assumptions & Ref'!$E$30)+IF($F15="Aluminium",'Assumptions & Ref'!$F$31,'Assumptions & Ref'!$E$31))/IF($F15="Aluminium",'Assumptions & Ref'!$F$27,'Assumptions & Ref'!$E$27)) | BJ15: =IF($C15="","",BF15*(1+BH15)) | BK15: =IF($C15="","",BF15*(1+BI15)) | BL15: =IF($C15="","",BJ15*(1+BG15)*(1+IF($F15="Aluminium",'Assumptions & Ref'!$D$31,'Assumptions & Ref'!$C$31))) | BM15: =IF($C15="","",BK15*(1+BG15)*(1+IF($F15="Aluminium",'Assumptions & Ref'!$F$31,'Assumptions & Ref'!$E$31)))
S16: =IF($C16="","",MIN(BL16,BM16)) | T16: =IF($C16="","",MAX(BL16,BM16)) | U16: =IF($C16="","",BF16) | V16: =IF($C16="","",AW16) | W16: =IF($C16="","",IF(F16="Copper",BA16,0)+AZ16*(1+'Assumptions & Ref'!$C$34)) | X16: =IF($C16="","",AZ16*(1+'Assumptions & Ref'!$C$34)) | Y16: =IF($C16="","",AX16*(1+'Assumptions & Ref'!$C$35)) | Z16: =IF($C16="","",AY16*(1+'Assumptions & Ref'!$C$35)) | AB16: =IF($C16="","",IF(D16="Sector shaped",360/C16,360)) | AC16: =IF($C16="","",IF(D16="Sector shaped",360-AB16*3,0)) | AD16: =IF($C16="","",SQRT(E16*(360/AB16)/PI())*2) | AE16: =IF($C16="","",INDEX($C$5:$G$5,MATCH(F16,$C$4:$G$4,0))) | AF16: =IF($C16="","",IFERROR(IF($G16="33kV",INDEX('Assumptions & Ref'!$H$109:$H$122,MATCH(E16,'Assumptions & Ref'!$B$109:$B$122,1)),IF($G16="22kV",INDEX('Assumptions & Ref'!$G$109:$G$122,MATCH(E16,'Assumptions & Ref'!$B$109:$B$122,1)),IF($G16="11kV",INDEX('Assumptions & Ref'!$F$109:$F$122,MATCH(E16,'Assumptions & Ref'!$B$109:$B$122,1)),IF($G16="6.6kV",INDEX('Assumptions & Ref'!$D$109:$D$122,MATCH(E16,'Assumptions & Ref'!$B$109:$B$122,1)),INDEX('Assumptions & Ref'!$C$109:$C$122,MATCH(E16,'Assumptions & Ref'!$B$109:$B$122,1)))))),INDEX('Assumptions & Ref'!$C$109:$C$122,1))) | AG16: =IF($C16="","",IF(D16="Circular",AD16+2*AF16,AD16+4*AF16)) | AH16: =IF($C16="","",INDEX($C$5:$G$5,MATCH(H16,$C$4:$G$4,0))) | AI16: =IF($C16="","",IF(C16=3.5,IFERROR(INDEX('Assumptions & Ref'!$G$93:$G$105,MATCH(E16,'Assumptions & Ref'!$F$93:$F$105,0)),0),0)) | AJ16: =IF($C16="","",IF(C16=3.5,SQRT(AI16/PI())*2,0)) | AK16: =IF($C16="","",IF(C16=3.5,IFERROR(IF($G16="33kV",INDEX('Assumptions & Ref'!$H$109:$H$122,MATCH(AI16,'Assumptions & Ref'!$B$109:$B$122,1)),IF($G16="22kV",INDEX('Assumptions & Ref'!$G$109:$G$122,MATCH(AI16,'Assumptions & Ref'!$B$109:$B$122,1)),IF($G16="11kV",INDEX('Assumptions & Ref'!$E$109:$E$122,MATCH(AI16,'Assumptions & Ref'!$B$109:$B$122,1)),IF($G16="6.6kV",INDEX('Assumptions & Ref'!$D$109:$D$122,MATCH(AI16,'Assumptions & Ref'!$B$109:$B$122,1)),INDEX('Assumptions & Ref'!$C$109:$C$122,MATCH(AI16,'Assumptions & Ref'!$B$109:$B$122,1)))))),0),0)) | AL16: =IF($C16="","",AJ16+2*AK16) | AM16: =IF($C16="","",ROUND(IF(C16=1,AG16,IF(C16=2,2*AG16,IF(C16=3,2.16*AG16,IF(C16=3.5,2.42*(3*AG16+AL16)/4,IF(C16=4,2.42*AG16,0))))),1)) | AN16: =IF($C16="","",IFERROR(INDEX('Assumptions & Ref'!$C$126:$C$130,MATCH(AM16,'Assumptions & Ref'!$B$126:$B$130,1)),INDEX('Assumptions & Ref'!$C$126:$C$130,1))) | AO16: =IF($C16="","",AM16+2*AN16) | AP16: =IF($C16="","",INDEX($C$5:$G$5,MATCH(I16,$C$4:$G$4,0))) | AQ16: =IF($C16="","",IF(J16="Unarmored",0,IF(OR(J16="Galvanised steel flat strip",J16="Aluminium Flat Strip"),IFERROR(INDEX('Assumptions & Ref'!$F$126:$F$131,MATCH(AO16,'Assumptions & Ref'!$E$126:$E$131,1)),INDEX('Assumptions & Ref'!$F$126:$F$131,1)),IFERROR(INDEX('Assumptions & Ref'!$G$126:$G$131,MATCH(AO16,'Assumptions & Ref'!$E$126:$E$131,1)),INDEX('Assumptions & Ref'!$G$126:$G$131,1))))) | AR16: =IF($C16="","",AO16+2*AQ16) | AS16: =IF($C16="","",IF(J16="Unarmored",0,IF(OR(J16="Aluminium Flat Strip",J16="Aluminium Round Wired"),INDEX($C$5:$G$5,MATCH("Aluminium",$C$4:$G$4,0)),7.86))) | AT16: =IF($C16="","",IFERROR(INDEX('Assumptions & Ref'!$J$126:$J$136,MATCH(AR16,'Assumptions & Ref'!$I$126:$I$136,1)),INDEX('Assumptions & Ref'!$J$126:$J$136,1))) | AU16: =IF($C16="","",AR16+2*AT16) | AV16: =IF($C16="","",INDEX($C$5:$G$5,MATCH(K16,$C$4:$G$4,0))) | AW16: =IF($C16="","",TRUNC(AU16+1)) | AX16: =IF($C16="","",PI()*((AD16+2*'Assumptions & Ref'!$C$63)^2-AD16^2)/4*'Assumptions & Ref'!$C$62) | AY16: =IF($C16="","",PI()*((AG16+2*'Assumptions & Ref'!$C$64)^2-AG16^2)/4*'Assumptions & Ref'!$C$62) | AZ16: =IF($C16="","",(AU16-'Assumptions & Ref'!$C$65)*PI()*('Assumptions & Ref'!$C$65*'Assumptions & Ref'!$C$66)*INDEX($C$5:$G$5,MATCH("Copper",$C$4:$G$4,0))) | BA16: =IF($C16="","",((E16*AE16*IF(C16=3.5,3,C16))+(AI16*AE16*IF(C16=3.5,1,0)))*(1+'Assumptions & Ref'!$C$33)) | BB16: =IF($C16="","",IF(C16=3.5,((AB16/360)*PI()*(AG16^2-AD16^2)/4*AH16*3)+((AC16/360)*PI()*(AL16^2-AJ16^2)/4*AH16),(AB16/360)*PI()*(AG16^2-AD16^2)/4*AH16*C16)*(1+'Assumptions & Ref'!$C$33)) | BC16: =IF($C16="","",PI()*(AO16^2-AM16^2)/4*AP16*(1+'Assumptions & Ref'!$C$33)) | BD16: =IF($C16="","",PI()*(AW16^2-AU16^2)/4*AV16*(1+'Assumptions & Ref'!$C$33)) | BE16: =IF($C16="","",PI()*(AR16^2-AO16^2)/4*AS16*(1+'Assumptions & Ref'!$C$33)) | BF16: =IF($C16="","",BA16*INDEX($C$6:$G$6,MATCH(F16,$C$4:$G$4,0))+IF(H16="XLPE",BB16*INDEX($C$6:$G$6,MATCH("XLPE",$C$4:$G$4,0)),0)+IF(H16="PVC",(BB16+BC16+BD16)*INDEX($C$6:$G$6,MATCH("PVC",$C$4:$G$4,0)),(BC16+BD16)*INDEX($C$6:$G$6,MATCH("PVC",$C$4:$G$4,0)))+IF(J16="Unarmored",0,IF(OR(J16="Aluminium Flat Strip",J16="Aluminium Round Wired"),BE16*INDEX($C$6:$G$6,MATCH("Aluminium",$C$4:$G$4,0)),BE16*INDEX($C$6:$G$6,MATCH("Steel Wire",$C$4:$G$4,0))))+AZ16*(1+'Assumptions & Ref'!$C$34)*INDEX($C$6:$G$6,MATCH("Copper",$C$4:$G$4,0))*'Assumptions & Ref'!$C$67+AX16*(1+'Assumptions & Ref'!$C$35)*INDEX($C$6:$G$6,MATCH("XLPE",$C$4:$G$4,0))+AY16*(1+'Assumptions & Ref'!$C$35)*INDEX($C$6:$G$6,MATCH("XLPE",$C$4:$G$4,0))) | BG16: =IF($C16="","",IF(L16="Y",'Assumptions & Ref'!$C$53,0)+IF(M16="Y",'Assumptions & Ref'!$C$54,0)+IF(N16="Y",'Assumptions & Ref'!$C$55,0)+IF(O16="Y",'Assumptions & Ref'!$C$56,0)+IF(P16="Y",'Assumptions & Ref'!$C$57,0)+IF(Q16="Y",'Assumptions & Ref'!$C$58,0)+IF(R16="Y",'Assumptions & Ref'!$C$59,0)) | BH16: =IF($C16="","",(IF($F16="Aluminium",'Assumptions & Ref'!$D$28,'Assumptions & Ref'!$C$28)+IF($F16="Aluminium",'Assumptions & Ref'!$D$29,'Assumptions & Ref'!$C$29)+IF($F16="Aluminium",'Assumptions & Ref'!$D$30,'Assumptions & Ref'!$C$30)+IF($F16="Aluminium",'Assumptions & Ref'!$D$31,'Assumptions & Ref'!$C$31))/IF($F16="Aluminium",'Assumptions & Ref'!$D$27,'Assumptions & Ref'!$C$27)) | BI16: =IF($C16="","",(IF($F16="Aluminium",'Assumptions & Ref'!$F$28,'Assumptions & Ref'!$E$28)+IF($F16="Aluminium",'Assumptions & Ref'!$F$29,'Assumptions & Ref'!$E$29)+IF($F16="Aluminium",'Assumptions & Ref'!$F$30,'Assumptions & Ref'!$E$30)+IF($F16="Aluminium",'Assumptions & Ref'!$F$31,'Assumptions & Ref'!$E$31))/IF($F16="Aluminium",'Assumptions & Ref'!$F$27,'Assumptions & Ref'!$E$27)) | BJ16: =IF($C16="","",BF16*(1+BH16)) | BK16: =IF($C16="","",BF16*(1+BI16)) | BL16: =IF($C16="","",BJ16*(1+BG16)*(1+IF($F16="Aluminium",'Assumptions & Ref'!$D$31,'Assumptions & Ref'!$C$31))) | BM16: =IF($C16="","",BK16*(1+BG16)*(1+IF($F16="Aluminium",'Assumptions & Ref'!$F$31,'Assumptions & Ref'!$E$31)))
S17: =IF($C17="","",MIN(BL17,BM17)) | T17: =IF($C17="","",MAX(BL17,BM17)) | U17: =IF($C17="","",BF17) | V17: =IF($C17="","",AW17) | W17: =IF($C17="","",IF(F17="Copper",BA17,0)+AZ17*(1+'Assumptions & Ref'!$C$34)) | X17: =IF($C17="","",AZ17*(1+'Assumptions & Ref'!$C$34)) | Y17: =IF($C17="","",AX17*(1+'Assumptions & Ref'!$C$35)) | Z17: =IF($C17="","",AY17*(1+'Assumptions & Ref'!$C$35)) | AB17: =IF($C17="","",IF(D17="Sector shaped",360/C17,360)) | AC17: =IF($C17="","",IF(D17="Sector shaped",360-AB17*3,0)) | AD17: =IF($C17="","",SQRT(E17*(360/AB17)/PI())*2) | AE17: =IF($C17="","",INDEX($C$5:$G$5,MATCH(F17,$C$4:$G$4,0))) | AF17: =IF($C17="","",IFERROR(IF($G17="33kV",INDEX('Assumptions & Ref'!$H$109:$H$122,MATCH(E17,'Assumptions & Ref'!$B$109:$B$122,1)),IF($G17="22kV",INDEX('Assumptions & Ref'!$G$109:$G$122,MATCH(E17,'Assumptions & Ref'!$B$109:$B$122,1)),IF($G17="11kV",INDEX('Assumptions & Ref'!$F$109:$F$122,MATCH(E17,'Assumptions & Ref'!$B$109:$B$122,1)),IF($G17="6.6kV",INDEX('Assumptions & Ref'!$D$109:$D$122,MATCH(E17,'Assumptions & Ref'!$B$109:$B$122,1)),INDEX('Assumptions & Ref'!$C$109:$C$122,MATCH(E17,'Assumptions & Ref'!$B$109:$B$122,1)))))),INDEX('Assumptions & Ref'!$C$109:$C$122,1))) | AG17: =IF($C17="","",IF(D17="Circular",AD17+2*AF17,AD17+4*AF17)) | AH17: =IF($C17="","",INDEX($C$5:$G$5,MATCH(H17,$C$4:$G$4,0))) | AI17: =IF($C17="","",IF(C17=3.5,IFERROR(INDEX('Assumptions & Ref'!$G$93:$G$105,MATCH(E17,'Assumptions & Ref'!$F$93:$F$105,0)),0),0)) | AJ17: =IF($C17="","",IF(C17=3.5,SQRT(AI17/PI())*2,0)) | AK17: =IF($C17="","",IF(C17=3.5,IFERROR(IF($G17="33kV",INDEX('Assumptions & Ref'!$H$109:$H$122,MATCH(AI17,'Assumptions & Ref'!$B$109:$B$122,1)),IF($G17="22kV",INDEX('Assumptions & Ref'!$G$109:$G$122,MATCH(AI17,'Assumptions & Ref'!$B$109:$B$122,1)),IF($G17="11kV",INDEX('Assumptions & Ref'!$E$109:$E$122,MATCH(AI17,'Assumptions & Ref'!$B$109:$B$122,1)),IF($G17="6.6kV",INDEX('Assumptions & Ref'!$D$109:$D$122,MATCH(AI17,'Assumptions & Ref'!$B$109:$B$122,1)),INDEX('Assumptions & Ref'!$C$109:$C$122,MATCH(AI17,'Assumptions & Ref'!$B$109:$B$122,1)))))),0),0)) | AL17: =IF($C17="","",AJ17+2*AK17) | AM17: =IF($C17="","",ROUND(IF(C17=1,AG17,IF(C17=2,2*AG17,IF(C17=3,2.16*AG17,IF(C17=3.5,2.42*(3*AG17+AL17)/4,IF(C17=4,2.42*AG17,0))))),1)) | AN17: =IF($C17="","",IFERROR(INDEX('Assumptions & Ref'!$C$126:$C$130,MATCH(AM17,'Assumptions & Ref'!$B$126:$B$130,1)),INDEX('Assumptions & Ref'!$C$126:$C$130,1))) | AO17: =IF($C17="","",AM17+2*AN17) | AP17: =IF($C17="","",INDEX($C$5:$G$5,MATCH(I17,$C$4:$G$4,0))) | AQ17: =IF($C17="","",IF(J17="Unarmored",0,IF(OR(J17="Galvanised steel flat strip",J17="Aluminium Flat Strip"),IFERROR(INDEX('Assumptions & Ref'!$F$126:$F$131,MATCH(AO17,'Assumptions & Ref'!$E$126:$E$131,1)),INDEX('Assumptions & Ref'!$F$126:$F$131,1)),IFERROR(INDEX('Assumptions & Ref'!$G$126:$G$131,MATCH(AO17,'Assumptions & Ref'!$E$126:$E$131,1)),INDEX('Assumptions & Ref'!$G$126:$G$131,1))))) | AR17: =IF($C17="","",AO17+2*AQ17) | AS17: =IF($C17="","",IF(J17="Unarmored",0,IF(OR(J17="Aluminium Flat Strip",J17="Aluminium Round Wired"),INDEX($C$5:$G$5,MATCH("Aluminium",$C$4:$G$4,0)),7.86))) | AT17: =IF($C17="","",IFERROR(INDEX('Assumptions & Ref'!$J$126:$J$136,MATCH(AR17,'Assumptions & Ref'!$I$126:$I$136,1)),INDEX('Assumptions & Ref'!$J$126:$J$136,1))) | AU17: =IF($C17="","",AR17+2*AT17) | AV17: =IF($C17="","",INDEX($C$5:$G$5,MATCH(K17,$C$4:$G$4,0))) | AW17: =IF($C17="","",TRUNC(AU17+1)) | AX17: =IF($C17="","",PI()*((AD17+2*'Assumptions & Ref'!$C$63)^2-AD17^2)/4*'Assumptions & Ref'!$C$62) | AY17: =IF($C17="","",PI()*((AG17+2*'Assumptions & Ref'!$C$64)^2-AG17^2)/4*'Assumptions & Ref'!$C$62) | AZ17: =IF($C17="","",(AU17-'Assumptions & Ref'!$C$65)*PI()*('Assumptions & Ref'!$C$65*'Assumptions & Ref'!$C$66)*INDEX($C$5:$G$5,MATCH("Copper",$C$4:$G$4,0))) | BA17: =IF($C17="","",((E17*AE17*IF(C17=3.5,3,C17))+(AI17*AE17*IF(C17=3.5,1,0)))*(1+'Assumptions & Ref'!$C$33)) | BB17: =IF($C17="","",IF(C17=3.5,((AB17/360)*PI()*(AG17^2-AD17^2)/4*AH17*3)+((AC17/360)*PI()*(AL17^2-AJ17^2)/4*AH17),(AB17/360)*PI()*(AG17^2-AD17^2)/4*AH17*C17)*(1+'Assumptions & Ref'!$C$33)) | BC17: =IF($C17="","",PI()*(AO17^2-AM17^2)/4*AP17*(1+'Assumptions & Ref'!$C$33)) | BD17: =IF($C17="","",PI()*(AW17^2-AU17^2)/4*AV17*(1+'Assumptions & Ref'!$C$33)) | BE17: =IF($C17="","",PI()*(AR17^2-AO17^2)/4*AS17*(1+'Assumptions & Ref'!$C$33)) | BF17: =IF($C17="","",BA17*INDEX($C$6:$G$6,MATCH(F17,$C$4:$G$4,0))+IF(H17="XLPE",BB17*INDEX($C$6:$G$6,MATCH("XLPE",$C$4:$G$4,0)),0)+IF(H17="PVC",(BB17+BC17+BD17)*INDEX($C$6:$G$6,MATCH("PVC",$C$4:$G$4,0)),(BC17+BD17)*INDEX($C$6:$G$6,MATCH("PVC",$C$4:$G$4,0)))+IF(J17="Unarmored",0,IF(OR(J17="Aluminium Flat Strip",J17="Aluminium Round Wired"),BE17*INDEX($C$6:$G$6,MATCH("Aluminium",$C$4:$G$4,0)),BE17*INDEX($C$6:$G$6,MATCH("Steel Wire",$C$4:$G$4,0))))+AZ17*(1+'Assumptions & Ref'!$C$34)*INDEX($C$6:$G$6,MATCH("Copper",$C$4:$G$4,0))*'Assumptions & Ref'!$C$67+AX17*(1+'Assumptions & Ref'!$C$35)*INDEX($C$6:$G$6,MATCH("XLPE",$C$4:$G$4,0))+AY17*(1+'Assumptions & Ref'!$C$35)*INDEX($C$6:$G$6,MATCH("XLPE",$C$4:$G$4,0))) | BG17: =IF($C17="","",IF(L17="Y",'Assumptions & Ref'!$C$53,0)+IF(M17="Y",'Assumptions & Ref'!$C$54,0)+IF(N17="Y",'Assumptions & Ref'!$C$55,0)+IF(O17="Y",'Assumptions & Ref'!$C$56,0)+IF(P17="Y",'Assumptions & Ref'!$C$57,0)+IF(Q17="Y",'Assumptions & Ref'!$C$58,0)+IF(R17="Y",'Assumptions & Ref'!$C$59,0)) | BH17: =IF($C17="","",(IF($F17="Aluminium",'Assumptions & Ref'!$D$28,'Assumptions & Ref'!$C$28)+IF($F17="Aluminium",'Assumptions & Ref'!$D$29,'Assumptions & Ref'!$C$29)+IF($F17="Aluminium",'Assumptions & Ref'!$D$30,'Assumptions & Ref'!$C$30)+IF($F17="Aluminium",'Assumptions & Ref'!$D$31,'Assumptions & Ref'!$C$31))/IF($F17="Aluminium",'Assumptions & Ref'!$D$27,'Assumptions & Ref'!$C$27)) | BI17: =IF($C17="","",(IF($F17="Aluminium",'Assumptions & Ref'!$F$28,'Assumptions & Ref'!$E$28)+IF($F17="Aluminium",'Assumptions & Ref'!$F$29,'Assumptions & Ref'!$E$29)+IF($F17="Aluminium",'Assumptions & Ref'!$F$30,'Assumptions & Ref'!$E$30)+IF($F17="Aluminium",'Assumptions & Ref'!$F$31,'Assumptions & Ref'!$E$31))/IF($F17="Aluminium",'Assumptions & Ref'!$F$27,'Assumptions & Ref'!$E$27)) | BJ17: =IF($C17="","",BF17*(1+BH17)) | BK17: =IF($C17="","",BF17*(1+BI17)) | BL17: =IF($C17="","",BJ17*(1+BG17)*(1+IF($F17="Aluminium",'Assumptions & Ref'!$D$31,'Assumptions & Ref'!$C$31))) | BM17: =IF($C17="","",BK17*(1+BG17)*(1+IF($F17="Aluminium",'Assumptions & Ref'!$F$31,'Assumptions & Ref'!$E$31)))
S18: =IF($C18="","",MIN(BL18,BM18)) | T18: =IF($C18="","",MAX(BL18,BM18)) | U18: =IF($C18="","",BF18) | V18: =IF($C18="","",AW18) | W18: =IF($C18="","",IF(F18="Copper",BA18,0)+AZ18*(1+'Assumptions & Ref'!$C$34)) | X18: =IF($C18="","",AZ18*(1+'Assumptions & Ref'!$C$34)) | Y18: =IF($C18="","",AX18*(1+'Assumptions & Ref'!$C$35)) | Z18: =IF($C18="","",AY18*(1+'Assumptions & Ref'!$C$35)) | AB18: =IF($C18="","",IF(D18="Sector shaped",360/C18,360)) | AC18: =IF($C18="","",IF(D18="Sector shaped",360-AB18*3,0)) | AD18: =IF($C18="","",SQRT(E18*(360/AB18)/PI())*2) | AE18: =IF($C18="","",INDEX($C$5:$G$5,MATCH(F18,$C$4:$G$4,0))) | AF18: =IF($C18="","",IFERROR(IF($G18="33kV",INDEX('Assumptions & Ref'!$H$109:$H$122,MATCH(E18,'Assumptions & Ref'!$B$109:$B$122,1)),IF($G18="22kV",INDEX('Assumptions & Ref'!$G$109:$G$122,MATCH(E18,'Assumptions & Ref'!$B$109:$B$122,1)),IF($G18="11kV",INDEX('Assumptions & Ref'!$F$109:$F$122,MATCH(E18,'Assumptions & Ref'!$B$109:$B$122,1)),IF($G18="6.6kV",INDEX('Assumptions & Ref'!$D$109:$D$122,MATCH(E18,'Assumptions & Ref'!$B$109:$B$122,1)),INDEX('Assumptions & Ref'!$C$109:$C$122,MATCH(E18,'Assumptions & Ref'!$B$109:$B$122,1)))))),INDEX('Assumptions & Ref'!$C$109:$C$122,1))) | AG18: =IF($C18="","",IF(D18="Circular",AD18+2*AF18,AD18+4*AF18)) | AH18: =IF($C18="","",INDEX($C$5:$G$5,MATCH(H18,$C$4:$G$4,0))) | AI18: =IF($C18="","",IF(C18=3.5,IFERROR(INDEX('Assumptions & Ref'!$G$93:$G$105,MATCH(E18,'Assumptions & Ref'!$F$93:$F$105,0)),0),0)) | AJ18: =IF($C18="","",IF(C18=3.5,SQRT(AI18/PI())*2,0)) | AK18: =IF($C18="","",IF(C18=3.5,IFERROR(IF($G18="33kV",INDEX('Assumptions & Ref'!$H$109:$H$122,MATCH(AI18,'Assumptions & Ref'!$B$109:$B$122,1)),IF($G18="22kV",INDEX('Assumptions & Ref'!$G$109:$G$122,MATCH(AI18,'Assumptions & Ref'!$B$109:$B$122,1)),IF($G18="11kV",INDEX('Assumptions & Ref'!$E$109:$E$122,MATCH(AI18,'Assumptions & Ref'!$B$109:$B$122,1)),IF($G18="6.6kV",INDEX('Assumptions & Ref'!$D$109:$D$122,MATCH(AI18,'Assumptions & Ref'!$B$109:$B$122,1)),INDEX('Assumptions & Ref'!$C$109:$C$122,MATCH(AI18,'Assumptions & Ref'!$B$109:$B$122,1)))))),0),0)) | AL18: =IF($C18="","",AJ18+2*AK18) | AM18: =IF($C18="","",ROUND(IF(C18=1,AG18,IF(C18=2,2*AG18,IF(C18=3,2.16*AG18,IF(C18=3.5,2.42*(3*AG18+AL18)/4,IF(C18=4,2.42*AG18,0))))),1)) | AN18: =IF($C18="","",IFERROR(INDEX('Assumptions & Ref'!$C$126:$C$130,MATCH(AM18,'Assumptions & Ref'!$B$126:$B$130,1)),INDEX('Assumptions & Ref'!$C$126:$C$130,1))) | AO18: =IF($C18="","",AM18+2*AN18) | AP18: =IF($C18="","",INDEX($C$5:$G$5,MATCH(I18,$C$4:$G$4,0))) | AQ18: =IF($C18="","",IF(J18="Unarmored",0,IF(OR(J18="Galvanised steel flat strip",J18="Aluminium Flat Strip"),IFERROR(INDEX('Assumptions & Ref'!$F$126:$F$131,MATCH(AO18,'Assumptions & Ref'!$E$126:$E$131,1)),INDEX('Assumptions & Ref'!$F$126:$F$131,1)),IFERROR(INDEX('Assumptions & Ref'!$G$126:$G$131,MATCH(AO18,'Assumptions & Ref'!$E$126:$E$131,1)),INDEX('Assumptions & Ref'!$G$126:$G$131,1))))) | AR18: =IF($C18="","",AO18+2*AQ18) | AS18: =IF($C18="","",IF(J18="Unarmored",0,IF(OR(J18="Aluminium Flat Strip",J18="Aluminium Round Wired"),INDEX($C$5:$G$5,MATCH("Aluminium",$C$4:$G$4,0)),7.86))) | AT18: =IF($C18="","",IFERROR(INDEX('Assumptions & Ref'!$J$126:$J$136,MATCH(AR18,'Assumptions & Ref'!$I$126:$I$136,1)),INDEX('Assumptions & Ref'!$J$126:$J$136,1))) | AU18: =IF($C18="","",AR18+2*AT18) | AV18: =IF($C18="","",INDEX($C$5:$G$5,MATCH(K18,$C$4:$G$4,0))) | AW18: =IF($C18="","",TRUNC(AU18+1)) | AX18: =IF($C18="","",PI()*((AD18+2*'Assumptions & Ref'!$C$63)^2-AD18^2)/4*'Assumptions & Ref'!$C$62) | AY18: =IF($C18="","",PI()*((AG18+2*'Assumptions & Ref'!$C$64)^2-AG18^2)/4*'Assumptions & Ref'!$C$62) | AZ18: =IF($C18="","",(AU18-'Assumptions & Ref'!$C$65)*PI()*('Assumptions & Ref'!$C$65*'Assumptions & Ref'!$C$66)*INDEX($C$5:$G$5,MATCH("Copper",$C$4:$G$4,0))) | BA18: =IF($C18="","",((E18*AE18*IF(C18=3.5,3,C18))+(AI18*AE18*IF(C18=3.5,1,0)))*(1+'Assumptions & Ref'!$C$33)) | BB18: =IF($C18="","",IF(C18=3.5,((AB18/360)*PI()*(AG18^2-AD18^2)/4*AH18*3)+((AC18/360)*PI()*(AL18^2-AJ18^2)/4*AH18),(AB18/360)*PI()*(AG18^2-AD18^2)/4*AH18*C18)*(1+'Assumptions & Ref'!$C$33)) | BC18: =IF($C18="","",PI()*(AO18^2-AM18^2)/4*AP18*(1+'Assumptions & Ref'!$C$33)) | BD18: =IF($C18="","",PI()*(AW18^2-AU18^2)/4*AV18*(1+'Assumptions & Ref'!$C$33)) | BE18: =IF($C18="","",PI()*(AR18^2-AO18^2)/4*AS18*(1+'Assumptions & Ref'!$C$33)) | BF18: =IF($C18="","",BA18*INDEX($C$6:$G$6,MATCH(F18,$C$4:$G$4,0))+IF(H18="XLPE",BB18*INDEX($C$6:$G$6,MATCH("XLPE",$C$4:$G$4,0)),0)+IF(H18="PVC",(BB18+BC18+BD18)*INDEX($C$6:$G$6,MATCH("PVC",$C$4:$G$4,0)),(BC18+BD18)*INDEX($C$6:$G$6,MATCH("PVC",$C$4:$G$4,0)))+IF(J18="Unarmored",0,IF(OR(J18="Aluminium Flat Strip",J18="Aluminium Round Wired"),BE18*INDEX($C$6:$G$6,MATCH("Aluminium",$C$4:$G$4,0)),BE18*INDEX($C$6:$G$6,MATCH("Steel Wire",$C$4:$G$4,0))))+AZ18*(1+'Assumptions & Ref'!$C$34)*INDEX($C$6:$G$6,MATCH("Copper",$C$4:$G$4,0))*'Assumptions & Ref'!$C$67+AX18*(1+'Assumptions & Ref'!$C$35)*INDEX($C$6:$G$6,MATCH("XLPE",$C$4:$G$4,0))+AY18*(1+'Assumptions & Ref'!$C$35)*INDEX($C$6:$G$6,MATCH("XLPE",$C$4:$G$4,0))) | BG18: =IF($C18="","",IF(L18="Y",'Assumptions & Ref'!$C$53,0)+IF(M18="Y",'Assumptions & Ref'!$C$54,0)+IF(N18="Y",'Assumptions & Ref'!$C$55,0)+IF(O18="Y",'Assumptions & Ref'!$C$56,0)+IF(P18="Y",'Assumptions & Ref'!$C$57,0)+IF(Q18="Y",'Assumptions & Ref'!$C$58,0)+IF(R18="Y",'Assumptions & Ref'!$C$59,0)) | BH18: =IF($C18="","",(IF($F18="Aluminium",'Assumptions & Ref'!$D$28,'Assumptions & Ref'!$C$28)+IF($F18="Aluminium",'Assumptions & Ref'!$D$29,'Assumptions & Ref'!$C$29)+IF($F18="Aluminium",'Assumptions & Ref'!$D$30,'Assumptions & Ref'!$C$30)+IF($F18="Aluminium",'Assumptions & Ref'!$D$31,'Assumptions & Ref'!$C$31))/IF($F18="Aluminium",'Assumptions & Ref'!$D$27,'Assumptions & Ref'!$C$27)) | BI18: =IF($C18="","",(IF($F18="Aluminium",'Assumptions & Ref'!$F$28,'Assumptions & Ref'!$E$28)+IF($F18="Aluminium",'Assumptions & Ref'!$F$29,'Assumptions & Ref'!$E$29)+IF($F18="Aluminium",'Assumptions & Ref'!$F$30,'Assumptions & Ref'!$E$30)+IF($F18="Aluminium",'Assumptions & Ref'!$F$31,'Assumptions & Ref'!$E$31))/IF($F18="Aluminium",'Assumptions & Ref'!$F$27,'Assumptions & Ref'!$E$27)) | BJ18: =IF($C18="","",BF18*(1+BH18)) | BK18: =IF($C18="","",BF18*(1+BI18)) | BL18: =IF($C18="","",BJ18*(1+BG18)*(1+IF($F18="Aluminium",'Assumptions & Ref'!$D$31,'Assumptions & Ref'!$C$31))) | BM18: =IF($C18="","",BK18*(1+BG18)*(1+IF($F18="Aluminium",'Assumptions & Ref'!$F$31,'Assumptions & Ref'!$E$31)))
S19: =IF($C19="","",MIN(BL19,BM19)) | T19: =IF($C19="","",MAX(BL19,BM19)) | U19: =IF($C19="","",BF19) | V19: =IF($C19="","",AW19) | W19: =IF($C19="","",IF(F19="Copper",BA19,0)+AZ19*(1+'Assumptions & Ref'!$C$34)) | X19: =IF($C19="","",AZ19*(1+'Assumptions & Ref'!$C$34)) | Y19: =IF($C19="","",AX19*(1+'Assumptions & Ref'!$C$35)) | Z19: =IF($C19="","",AY19*(1+'Assumptions & Ref'!$C$35)) | AB19: =IF($C19="","",IF(D19="Sector shaped",360/C19,360)) | AC19: =IF($C19="","",IF(D19="Sector shaped",360-AB19*3,0)) | AD19: =IF($C19="","",SQRT(E19*(360/AB19)/PI())*2) | AE19: =IF($C19="","",INDEX($C$5:$G$5,MATCH(F19,$C$4:$G$4,0))) | AF19: =IF($C19="","",IFERROR(IF($G19="33kV",INDEX('Assumptions & Ref'!$H$109:$H$122,MATCH(E19,'Assumptions & Ref'!$B$109:$B$122,1)),IF($G19="22kV",INDEX('Assumptions & Ref'!$G$109:$G$122,MATCH(E19,'Assumptions & Ref'!$B$109:$B$122,1)),IF($G19="11kV",INDEX('Assumptions & Ref'!$F$109:$F$122,MATCH(E19,'Assumptions & Ref'!$B$109:$B$122,1)),IF($G19="6.6kV",INDEX('Assumptions & Ref'!$D$109:$D$122,MATCH(E19,'Assumptions & Ref'!$B$109:$B$122,1)),INDEX('Assumptions & Ref'!$C$109:$C$122,MATCH(E19,'Assumptions & Ref'!$B$109:$B$122,1)))))),INDEX('Assumptions & Ref'!$C$109:$C$122,1))) | AG19: =IF($C19="","",IF(D19="Circular",AD19+2*AF19,AD19+4*AF19)) | AH19: =IF($C19="","",INDEX($C$5:$G$5,MATCH(H19,$C$4:$G$4,0))) | AI19: =IF($C19="","",IF(C19=3.5,IFERROR(INDEX('Assumptions & Ref'!$G$93:$G$105,MATCH(E19,'Assumptions & Ref'!$F$93:$F$105,0)),0),0)) | AJ19: =IF($C19="","",IF(C19=3.5,SQRT(AI19/PI())*2,0)) | AK19: =IF($C19="","",IF(C19=3.5,IFERROR(IF($G19="33kV",INDEX('Assumptions & Ref'!$H$109:$H$122,MATCH(AI19,'Assumptions & Ref'!$B$109:$B$122,1)),IF($G19="22kV",INDEX('Assumptions & Ref'!$G$109:$G$122,MATCH(AI19,'Assumptions & Ref'!$B$109:$B$122,1)),IF($G19="11kV",INDEX('Assumptions & Ref'!$E$109:$E$122,MATCH(AI19,'Assumptions & Ref'!$B$109:$B$122,1)),IF($G19="6.6kV",INDEX('Assumptions & Ref'!$D$109:$D$122,MATCH(AI19,'Assumptions & Ref'!$B$109:$B$122,1)),INDEX('Assumptions & Ref'!$C$109:$C$122,MATCH(AI19,'Assumptions & Ref'!$B$109:$B$122,1)))))),0),0)) | AL19: =IF($C19="","",AJ19+2*AK19) | AM19: =IF($C19="","",ROUND(IF(C19=1,AG19,IF(C19=2,2*AG19,IF(C19=3,2.16*AG19,IF(C19=3.5,2.42*(3*AG19+AL19)/4,IF(C19=4,2.42*AG19,0))))),1)) | AN19: =IF($C19="","",IFERROR(INDEX('Assumptions & Ref'!$C$126:$C$130,MATCH(AM19,'Assumptions & Ref'!$B$126:$B$130,1)),INDEX('Assumptions & Ref'!$C$126:$C$130,1))) | AO19: =IF($C19="","",AM19+2*AN19) | AP19: =IF($C19="","",INDEX($C$5:$G$5,MATCH(I19,$C$4:$G$4,0))) | AQ19: =IF($C19="","",IF(J19="Unarmored",0,IF(OR(J19="Galvanised steel flat strip",J19="Aluminium Flat Strip"),IFERROR(INDEX('Assumptions & Ref'!$F$126:$F$131,MATCH(AO19,'Assumptions & Ref'!$E$126:$E$131,1)),INDEX('Assumptions & Ref'!$F$126:$F$131,1)),IFERROR(INDEX('Assumptions & Ref'!$G$126:$G$131,MATCH(AO19,'Assumptions & Ref'!$E$126:$E$131,1)),INDEX('Assumptions & Ref'!$G$126:$G$131,1))))) | AR19: =IF($C19="","",AO19+2*AQ19) | AS19: =IF($C19="","",IF(J19="Unarmored",0,IF(OR(J19="Aluminium Flat Strip",J19="Aluminium Round Wired"),INDEX($C$5:$G$5,MATCH("Aluminium",$C$4:$G$4,0)),7.86))) | AT19: =IF($C19="","",IFERROR(INDEX('Assumptions & Ref'!$J$126:$J$136,MATCH(AR19,'Assumptions & Ref'!$I$126:$I$136,1)),INDEX('Assumptions & Ref'!$J$126:$J$136,1))) | AU19: =IF($C19="","",AR19+2*AT19) | AV19: =IF($C19="","",INDEX($C$5:$G$5,MATCH(K19,$C$4:$G$4,0))) | AW19: =IF($C19="","",TRUNC(AU19+1)) | AX19: =IF($C19="","",PI()*((AD19+2*'Assumptions & Ref'!$C$63)^2-AD19^2)/4*'Assumptions & Ref'!$C$62) | AY19: =IF($C19="","",PI()*((AG19+2*'Assumptions & Ref'!$C$64)^2-AG19^2)/4*'Assumptions & Ref'!$C$62) | AZ19: =IF($C19="","",(AU19-'Assumptions & Ref'!$C$65)*PI()*('Assumptions & Ref'!$C$65*'Assumptions & Ref'!$C$66)*INDEX($C$5:$G$5,MATCH("Copper",$C$4:$G$4,0))) | BA19: =IF($C19="","",((E19*AE19*IF(C19=3.5,3,C19))+(AI19*AE19*IF(C19=3.5,1,0)))*(1+'Assumptions & Ref'!$C$33)) | BB19: =IF($C19="","",IF(C19=3.5,((AB19/360)*PI()*(AG19^2-AD19^2)/4*AH19*3)+((AC19/360)*PI()*(AL19^2-AJ19^2)/4*AH19),(AB19/360)*PI()*(AG19^2-AD19^2)/4*AH19*C19)*(1+'Assumptions & Ref'!$C$33)) | BC19: =IF($C19="","",PI()*(AO19^2-AM19^2)/4*AP19*(1+'Assumptions & Ref'!$C$33)) | BD19: =IF($C19="","",PI()*(AW19^2-AU19^2)/4*AV19*(1+'Assumptions & Ref'!$C$33)) | BE19: =IF($C19="","",PI()*(AR19^2-AO19^2)/4*AS19*(1+'Assumptions & Ref'!$C$33)) | BF19: =IF($C19="","",BA19*INDEX($C$6:$G$6,MATCH(F19,$C$4:$G$4,0))+IF(H19="XLPE",BB19*INDEX($C$6:$G$6,MATCH("XLPE",$C$4:$G$4,0)),0)+IF(H19="PVC",(BB19+BC19+BD19)*INDEX($C$6:$G$6,MATCH("PVC",$C$4:$G$4,0)),(BC19+BD19)*INDEX($C$6:$G$6,MATCH("PVC",$C$4:$G$4,0)))+IF(J19="Unarmored",0,IF(OR(J19="Aluminium Flat Strip",J19="Aluminium Round Wired"),BE19*INDEX($C$6:$G$6,MATCH("Aluminium",$C$4:$G$4,0)),BE19*INDEX($C$6:$G$6,MATCH("Steel Wire",$C$4:$G$4,0))))+AZ19*(1+'Assumptions & Ref'!$C$34)*INDEX($C$6:$G$6,MATCH("Copper",$C$4:$G$4,0))*'Assumptions & Ref'!$C$67+AX19*(1+'Assumptions & Ref'!$C$35)*INDEX($C$6:$G$6,MATCH("XLPE",$C$4:$G$4,0))+AY19*(1+'Assumptions & Ref'!$C$35)*INDEX($C$6:$G$6,MATCH("XLPE",$C$4:$G$4,0))) | BG19: =IF($C19="","",IF(L19="Y",'Assumptions & Ref'!$C$53,0)+IF(M19="Y",'Assumptions & Ref'!$C$54,0)+IF(N19="Y",'Assumptions & Ref'!$C$55,0)+IF(O19="Y",'Assumptions & Ref'!$C$56,0)+IF(P19="Y",'Assumptions & Ref'!$C$57,0)+IF(Q19="Y",'Assumptions & Ref'!$C$58,0)+IF(R19="Y",'Assumptions & Ref'!$C$59,0)) | BH19: =IF($C19="","",(IF($F19="Aluminium",'Assumptions & Ref'!$D$28,'Assumptions & Ref'!$C$28)+IF($F19="Aluminium",'Assumptions & Ref'!$D$29,'Assumptions & Ref'!$C$29)+IF($F19="Aluminium",'Assumptions & Ref'!$D$30,'Assumptions & Ref'!$C$30)+IF($F19="Aluminium",'Assumptions & Ref'!$D$31,'Assumptions & Ref'!$C$31))/IF($F19="Aluminium",'Assumptions & Ref'!$D$27,'Assumptions & Ref'!$C$27)) | BI19: =IF($C19="","",(IF($F19="Aluminium",'Assumptions & Ref'!$F$28,'Assumptions & Ref'!$E$28)+IF($F19="Aluminium",'Assumptions & Ref'!$F$29,'Assumptions & Ref'!$E$29)+IF($F19="Aluminium",'Assumptions & Ref'!$F$30,'Assumptions & Ref'!$E$30)+IF($F19="Aluminium",'Assumptions & Ref'!$F$31,'Assumptions & Ref'!$E$31))/IF($F19="Aluminium",'Assumptions & Ref'!$F$27,'Assumptions & Ref'!$E$27)) | BJ19: =IF($C19="","",BF19*(1+BH19)) | BK19: =IF($C19="","",BF19*(1+BI19)) | BL19: =IF($C19="","",BJ19*(1+BG19)*(1+IF($F19="Aluminium",'Assumptions & Ref'!$D$31,'Assumptions & Ref'!$C$31))) | BM19: =IF($C19="","",BK19*(1+BG19)*(1+IF($F19="Aluminium",'Assumptions & Ref'!$F$31,'Assumptions & Ref'!$E$31)))
